State,County,Start_Lat,Start_Lng,Junction,Crossing,Traffic_Signal,Stop,Station,Amenity,n_rows,n_acc
AL,Autauga,32.52340972146014,-86.49830815194483,0.015330188679245283,0.0,0.09316037735849056,0.0,0.0,0.0,848,572
AL,Baldwin,30.673139008133628,-87.82791292955292,0.059103260869565216,0.009510869565217392,0.06317934782608696,0.0,0.0,0.0,1472,1111
AL,Barbour,31.86232538107542,-85.25996295659853,0.0,0.0,0.03597122302158273,0.0,0.0,0.0,139,44
AL,Bibb,33.0060154557096,-87.0735573990429,0.0,0.0,0.0,0.0,0.0,0.0,155,41
AL,Blount,33.970869894997335,-86.5907498144055,0.011320754716981131,0.0037735849056603774,0.015633423180592992,0.03557951482479784,0.0,0.005929919137466307,1855,948
AL,Bullock,32.15821854218282,-85.71531679807303,0.0,0.0,0.0,0.0,0.0,0.0,75,25
AL,Butler,31.75364599434366,-86.6978648670726,0.06501547987616099,0.0,0.0,0.01238390092879257,0.0,0.0,323,239
AL,Calhoun,33.69324761570889,-85.8210751881605,0.0521978021978022,0.0,0.06868131868131869,0.0,0.0,0.0,364,174
AL,Chambers,32.825783185662445,-85.25174933764146,0.05102040816326531,0.0,0.0,0.0,0.0,0.030612244897959183,196,98
AL,Cherokee,34.16909205544701,-85.61865845922065,0.0,0.0,0.020161290322580645,0.016129032258064516,0.0,0.0,248,91
AL,Chilton,32.86636951145504,-86.6809839060991,0.0452155625657203,0.017350157728706624,0.0,0.0015772870662460567,0.0,0.00473186119873817,1902,1182
AL,Choctaw,31.932578999901587,-88.27584873116939,0.0,0.0,0.0,0.0,0.0,0.0,26,7
AL,Clarke,31.72129595299661,-87.84051602876048,0.0,0.0,0.0,0.0,0.0,0.0,80,23
AL,Clay,33.202427899999996,-85.76193150000002,0.0,0.0,0.0,0.0,0.0,0.0,10,3
AL,Cleburne,33.63051119337441,-85.5444982369581,0.09090909090909091,0.0,0.05138339920948617,0.04743083003952569,0.0,0.0,253,197
AL,Coffee,31.372852079262078,-85.93090471508492,0.0,0.028169014084507043,0.1851106639839034,0.0,0.0,0.0,497,218
AL,Colbert,34.71008677934254,-87.7281056973333,0.0,0.008645533141210375,0.17002881844380405,0.0,0.0,0.0,347,143
AL,Conecuh,31.392020080575275,-87.05560725858184,0.0,0.0,0.0,0.0,0.0,0.0,122,79
AL,Coosa,32.966375217948716,-86.13493275641027,0.0,0.0,0.0,0.0,0.0,0.0,39,13
AL,Covington,31.27121684901961,-86.47357562483661,0.0,0.0,0.1568627450980392,0.049019607843137254,0.0,0.0,102,38
AL,Crenshaw,31.743445956015822,-86.2910023031171,0.0,0.007425742574257425,0.027227722772277228,0.0,0.0,0.009900990099009901,404,193
AL,Cullman,34.14607376424561,-86.8222827793376,0.03655913978494624,0.011469534050179211,0.25591397849462366,0.03512544802867384,0.0,0.0,1395,830
AL,Dale,31.40309023783515,-85.64772096630698,0.0,0.0288659793814433,0.04329896907216495,0.0,0.0,0.026804123711340205,485,174
AL,Dallas,32.40341911112971,-87.04586456266445,0.0,0.022653721682847898,0.26537216828478966,0.038834951456310676,0.0,0.009708737864077669,309,131
AL,DeKalb,34.4314259777193,-85.8064606131579,0.02631578947368421,0.03684210526315789,0.06842105263157895,0.0,0.0,0.010526315789473684,190,70
AL,Dekalb,34.41694911908683,-85.79406786629883,0.104,0.024,0.024,0.0,0.0,0.0,125,51
AL,Elmore,32.53402151579819,-86.26801239337345,0.013720742534301856,0.0,0.11460855528652139,0.01694915254237288,0.0,0.0,1239,733
AL,Escambia,31.116277290276074,-87.32757498504841,0.028169014084507043,0.046948356807511735,0.0,0.0,0.0,0.0,213,108
AL,Etowah,34.03292585776471,-86.0883753618799,0.05,0.0,0.022222222222222223,0.03888888888888889,0.0,0.0,180,68
AL,Fayette,33.70199632000268,-87.75639407832473,0.0,0.0,0.0,0.07692307692307693,0.0,0.0,91,26
AL,Franklin,34.40130004,-87.79402132,0.0,0.0,0.0,0.0,0.0,0.0,25,6
AL,Geneva,31.104823040997267,-85.81284700985556,0.0,0.0,0.0,0.0,0.0,0.0,185,58
AL,Greene,32.90077963077974,-87.8882692699116,0.19391634980988592,0.0,0.0,0.011406844106463879,0.0,0.0,263,173
AL,Hale,32.74577590967742,-87.6281869,0.0,0.0,0.0,0.20967741935483872,0.0,0.0,62,18
AL,Henry,31.50721639658207,-85.28938978361491,0.0,0.03225806451612903,0.03225806451612903,0.0,0.0,0.0,124,45
AL,Houston,31.220339151960832,-85.41405147268998,0.0,0.018425460636515914,0.294249022892239,0.009491903964265773,0.0,0.01060859854829704,1791,1217
AL,Jackson,34.67991091375223,-86.05499932213309,0.0,0.0,0.05142857142857143,0.0,0.0,0.0,175,52
AL,Jefferson,33.50776920309751,-86.78639558457172,0.08634095392828131,0.015666705349889752,0.08019032145758384,0.003945688754787049,0.021004990135778112,0.0019728443773935245,8617,6911
AL,Lamar,33.78972094545455,-88.0842857818182,0.0,0.0,0.0,0.32727272727272727,0.0,0.0,55,14
AL,Lauderdale,34.860090561187754,-87.57515522344836,0.0,0.02654867256637168,0.31194690265486724,0.028761061946902654,0.0,0.0,452,192
AL,Lawrence,34.56808532051282,-87.26806608547008,0.0,0.0,0.1282051282051282,0.0,0.0,0.0,156,46
AL,Lee,32.61092519489122,-85.3715236110029,0.028242677824267783,0.0397489539748954,0.13493723849372385,0.009414225941422594,0.0,0.0,956,613
AL,Limestone,34.755051315445456,-86.9155520277661,0.056179775280898875,0.0022471910112359553,0.21348314606741572,0.13370786516853933,0.0,0.0033707865168539327,1780,1232
AL,Lowndes,32.144786730227516,-86.54165461442965,0.08384458077709611,0.0,0.0,0.0,0.0,0.026584867075664622,489,305
AL,Macon,32.432752036352475,-85.80284293916229,0.03981264637002342,0.0,0.0,0.0,0.0,0.0,427,305
AL,Madison,34.740859782980834,-86.62110669539169,0.04046013486711622,0.024196747322491077,0.35739785799286,0.016263387544625148,0.02161840539468465,0.009123363744545815,5042,4095
AL,Marengo,32.33367515655157,-87.7972132997691,0.0,0.0,0.0,0.0,0.0,0.0,67,18
AL,Marion,34.08078974174155,-87.88527941180598,0.088,0.04,0.02,0.016,0.0,0.0,250,98
AL,Marshall,34.32693537278761,-86.30597067146017,0.0,0.0,0.168141592920354,0.0,0.0,0.0,226,67
AL,Mobile,30.677008411873476,-88.13309657734163,0.10300850228907783,0.0068672334859385216,0.08731196860693263,0.004251144538914323,0.0013080444735120995,0.010464355788096796,3058,2405
AL,Monroe,31.5777716854238,-87.3185259928484,0.0,0.0,0.05714285714285714,0.0,0.0,0.0,70,18
AL,Montgomery,32.33812455600054,-86.24284576606433,0.039473684210526314,0.05572755417956656,0.27012383900928794,0.0,0.0025154798761609907,0.0015479876160990713,5168,4283
AL,Morgan,34.51236715111313,-86.91143320577554,0.003883495145631068,0.031067961165048542,0.270873786407767,0.015533980582524271,0.0,0.0,1030,558
AL,Perry,32.61736028571429,-87.30318078571428,0.0,0.0,0.0,0.0,0.0,0.0,28,8
AL,Pickens,33.3403358689394,-88.04492497954544,0.0,0.056818181818181816,0.0,0.0,0.0,0.0,88,30
AL,Pike,31.777550465292418,-85.93001539849355,0.0,0.03723404255319149,0.03404255319148936,0.013829787234042552,0.0,0.006382978723404255,940,608
AL,Randolph,33.27741212121212,-85.47842412121213,0.0,0.0,0.0,0.21212121212121213,0.0,0.0,33,9
AL,Russell,32.44065117026641,-85.06128654621236,0.033936651583710405,0.0,0.2149321266968326,0.0,0.0,0.0,442,244
AL,Shelby,33.29539669117434,-86.72638148774224,0.024415584415584415,0.007272727272727273,0.14545454545454545,0.002077922077922078,0.005194805194805195,0.0,1925,1324
AL,St Clair,33.659818571504026,-86.38512414319388,0.09606986899563319,0.0,0.05240174672489083,0.0,0.0,0.0,229,142
AL,St. Clair,33.6533233979131,-86.40330378433102,0.047619047619047616,0.0,0.07769423558897243,0.017543859649122806,0.0,0.0,399,251
AL,Sumter,32.572459456915894,-88.2513044682792,0.1050228310502283,0.0,0.0273972602739726,0.0,0.0,0.0,219,100
AL,Talladega,33.48448774842294,-86.12365991045412,0.058823529411764705,0.020588235294117647,0.023529411764705882,0.0,0.0,0.0,340,190
AL,Tallapoosa,32.8857629966299,-85.79719699633823,0.0,0.0,0.1262135922330097,0.0,0.0,0.0,103,28
AL,Tuscaloosa,33.20927085191964,-87.51505518019476,0.02785313799963827,0.027129679869777535,0.24054982817869416,0.018990775908844276,0.0005425935973955507,0.0028938325194429373,5529,4098
AL,Walker,33.83794381679222,-87.3049518866127,0.04175365344467641,0.006263048016701462,0.05845511482254697,0.022964509394572025,0.0,0.0041753653444676405,958,519
AL,Washington,31.3971131125,-88.2097623125,0.0,0.0,0.0,0.0,0.0,0.0,40,9
AL,Wilcox,32.01884126942644,-87.37207648124031,0.0,0.0,0.0,0.0,0.0,0.0,54,18
AL,Winston,34.11679963095238,-87.44533173809523,0.0,0.0,0.0,0.0,0.0,0.0,168,37
AR,Arkansas,34.35127833847463,-91.44724581530092,0.0,0.04819277108433735,0.0,0.0,0.0,0.0,83,25
AR,Ashley,33.2030818077187,-91.76830553458856,0.0,0.0797872340425532,0.0,0.0,0.0,0.0,188,51
AR,Baxter,36.35030409638554,-92.33711010742972,0.0,0.0,0.0,0.0,0.0,0.0,83,29
AR,Benton,36.32960255781679,-94.21332616536881,0.08620689655172414,0.05273833671399594,0.08113590263691683,0.033468559837728194,0.0,0.0,986,539
AR,Boone,36.332112209792776,-93.15588412071726,0.0,0.0,0.0,0.0,0.0,0.0,84,18
AR,Bradley,33.58118138552553,-92.09633532654667,0.0,0.0,0.0,0.0,0.0,0.0,72,23
AR,Calhoun,33.58152917725323,-92.51301965484217,0.0,0.0,0.0,0.0,0.0,0.0,68,19
AR,Carroll,36.35371278688388,-93.56739765833632,0.0,0.0,0.0,0.0,0.0,0.0,133,50
AR,Chicot,33.33338108520286,-91.30318913894489,0.0,0.03333333333333333,0.05333333333333334,0.0,0.0,0.0,150,45
AR,Clark,34.07392361647073,-93.1541885195311,0.05327868852459016,0.0,0.0,0.0,0.0,0.0,244,162
AR,Clay,36.38557150159337,-90.57100847708884,0.0,0.0,0.0,0.0,0.0,0.0,74,27
AR,Cleburne,35.52677952063304,-92.06985715940903,0.0,0.0,0.0,0.0,0.0,0.0,131,39
AR,Cleveland,33.892221444045354,-92.16013281501355,0.0,0.03787878787878788,0.0,0.0,0.0,0.0,132,46
AR,Columbia,33.30517079582505,-93.26208840956839,0.0,0.05813953488372093,0.0,0.0,0.0,0.0,86,25
AR,Conway,35.196210046777686,-92.693124706986,0.050505050505050504,0.0,0.0,0.0,0.0,0.0,297,176
AR,Craighead,35.83490450704806,-90.67928701970067,0.04008016032064128,0.022044088176352707,0.07615230460921844,0.006012024048096192,0.0,0.0,499,209
AR,Crawford,35.51751757455976,-94.2517809100832,0.14824120603015076,0.0,0.0,0.0,0.0,0.01256281407035176,398,241
AR,Crittenden,35.19744072287881,-90.22161788047946,0.14830072090628219,0.006179196704428424,0.042224510813594233,0.0,0.0,0.005149330587023687,971,605
AR,Cross,35.256452945945945,-90.7252398108108,0.0,0.10810810810810811,0.0,0.0,0.0,0.0,37,9
AR,Dallas,33.90042379418376,-92.52791511778898,0.0,0.0,0.0,0.0,0.0,0.0,84,27
AR,Desha,33.74274840356231,-91.40496151633475,0.0,0.0,0.0,0.0,0.0,0.0,55,16
AR,Drew,33.659945098658994,-91.71816012866338,0.0,0.0,0.0,0.0,0.0,0.0,81,32
AR,Faulkner,35.096597253809776,-92.39675621825691,0.04245283018867924,0.009433962264150943,0.040880503144654086,0.0,0.0,0.0110062893081761,636,358
AR,Franklin,35.52912740771448,-93.85746126412376,0.0189873417721519,0.0,0.0,0.0,0.0,0.0,158,69
AR,Fulton,36.38408355072464,-91.71164420289854,0.0,0.0,0.0,0.0,0.0,0.0,69,24
AR,Garland,34.50652010737803,-93.07406551077784,0.05053191489361702,0.034574468085106384,0.047872340425531915,0.0,0.0,0.018617021276595744,376,194
AR,Grant,34.34739815242232,-92.4090388943012,0.0,0.0,0.0,0.0,0.0,0.0,123,37
AR,Greene,36.04585915906644,-90.56211974498773,0.0,0.031746031746031744,0.023809523809523808,0.0,0.0,0.0,126,39
AR,Hempstead,33.6886102822988,-93.67597276272001,0.0,0.03508771929824561,0.0,0.0,0.0,0.0,171,101
AR,Hot Spring,34.35660825319062,-92.88566248441249,0.055865921787709494,0.0,0.008379888268156424,0.0,0.0,0.0,358,245
AR,Howard,34.058006681818185,-93.95991668181819,0.0,0.0,0.0,0.0,0.0,0.0,44,16
AR,Independence,35.73679241902516,-91.5651274573163,0.0,0.0,0.0,0.0,0.0,0.0,156,57
AR,Izard,36.133637588235295,-91.90631929411765,0.0,0.0,0.0,0.0,0.0,0.0,17,3
AR,Jackson,35.596054239324985,-91.25996923694643,0.08139534883720931,0.0,0.0,0.0,0.0,0.0,86,45
AR,Jefferson,34.265104510700034,-92.04359238901763,0.06067961165048544,0.009708737864077669,0.007281553398058253,0.0,0.0,0.0,412,196
AR,Johnson,35.442736748747485,-93.48272908772906,0.2,0.0,0.0,0.0,0.0,0.0,220,118
AR,Lafayette,33.26891371153847,-93.64802273076923,0.0,0.23076923076923078,0.0,0.0,0.0,0.0,26,7
AR,Lawrence,36.088439308638385,-91.04315731696722,0.0,0.039473684210526314,0.0,0.0,0.0,0.0,152,52
AR,Lee,34.73335,-90.767616,0.0,0.0,0.0,0.0,0.0,0.0,5,1
AR,Lincoln,33.97952867899119,-91.74736150350873,0.0,0.0,0.0,0.0,0.0,0.0,83,28
AR,Little River,33.679606247376455,-94.20560045739416,0.0,0.11428571428571428,0.0,0.0,0.0,0.0,35,8
AR,Logan,35.18581224242425,-93.7341942878788,0.0,0.0,0.0,0.0,0.0,0.0,44,15
AR,Lonoke,34.84580534066419,-91.94251298387222,0.0738362760834671,0.0,0.0,0.0,0.0,0.0,623,413
AR,Madison,36.02401317644403,-93.76758496550399,0.0,0.0,0.0,0.0,0.0,0.0,146,43
AR,Marion,36.22637209375,-92.6754588125,0.0,0.0,0.0,0.0,0.0,0.0,32,6
AR,Miller,33.425235078388994,-93.92450807613218,0.07661290322580645,0.0,0.024193548387096774,0.0,0.0,0.0,248,134
AR,Mississippi,35.772100714660176,-90.00581100304075,0.06109324758842444,0.04501607717041801,0.0,0.012861736334405145,0.0,0.028938906752411574,311,172
AR,Monroe,34.86510910349039,-91.22497658205216,0.03225806451612903,0.03225806451612903,0.0,0.0,0.0,0.0,124,81
AR,Montgomery,34.51255213492063,-93.58673914285714,0.0,0.0,0.0,0.0,0.0,0.07936507936507936,63,22
AR,Nevada,33.78678143862116,-93.39064796225983,0.15584415584415584,0.0,0.0,0.0,0.0,0.0,77,39
AR,Newton,35.990285348214286,-93.125632625,0.0,0.0,0.0,0.0,0.0,0.0,56,12
AR,Ouachita,33.6092794059376,-92.85049851899278,0.03404255319148936,0.0,0.0,0.0,0.0,0.0,235,60
AR,Perry,34.979227131578945,-92.88853984210526,0.0,0.07894736842105263,0.0,0.0,0.0,0.0,76,16
AR,Phillips,34.55946953072675,-90.84247861749017,0.0,0.0,0.0,0.0,0.0,0.0,27,7
AR,Pike,34.20007127380953,-93.63834563392857,0.0,0.0,0.0,0.0,0.0,0.0,56,20
AR,Poinsett,35.55932646114837,-90.57432916302625,0.046511627906976744,0.0,0.0,0.0,0.0,0.0,172,71
AR,Polk,34.48248900854701,-94.29448634401709,0.0,0.02564102564102564,0.0,0.0,0.0,0.0,78,36
AR,Pope,35.297390659911635,-93.07835886996301,0.13357400722021662,0.0,0.010830324909747292,0.0,0.0,0.0,277,144
AR,Prairie,34.831221281624224,-91.49162689655662,0.05314009661835749,0.0,0.0,0.0,0.0,0.0,207,168
AR,Pulaski,34.747794757326126,-92.31034870186407,0.09402869329197364,0.1950368359829391,0.06552927491275688,0.0021326095385808454,0.0021326095385808454,0.006979449398991857,5158,3531
AR,Randolph,36.2657813381467,-90.94764253543096,0.0,0.0,0.0,0.0,0.0,0.0,105,35
AR,Saline,34.568804819670696,-92.57502940185049,0.11269430051813471,0.0,0.0,0.0,0.0,0.0051813471502590676,772,555
AR,Scott,34.91401270295445,-94.10743221094528,0.0,0.0,0.0,0.0,0.0,0.0,93,32
AR,Searcy,35.951854346364165,-92.71036877240293,0.0,0.0,0.0,0.0,0.0,0.0,114,36
AR,Sebastian,35.340426567466565,-94.36885117606717,0.06935123042505593,0.07718120805369127,0.1789709172259508,0.0,0.0,0.005592841163310962,894,421
AR,Sevier,33.9847283949108,-94.20622442414174,0.0,0.0,0.0,0.0,0.0,0.0,91,23
AR,Sharp,36.121417571278826,-91.51170782180293,0.0,0.0,0.0,0.05660377358490566,0.0,0.07547169811320754,53,21
AR,St Francis,35.030617821504556,-90.77217588654362,0.0449438202247191,0.056179775280898875,0.0,0.0,0.0,0.0,267,215
AR,St. Francis,35.039910865469345,-90.73140552640446,0.12618296529968454,0.012618296529968454,0.0,0.0,0.0,0.0,317,204
AR,Stone,35.867550591149424,-92.10446233844827,0.0,0.0,0.0,0.0,0.0,0.0,58,19
AR,Union,33.188087167337095,-92.58104420198816,0.03968253968253968,0.0,0.0,0.0,0.0,0.0,126,45
AR,Van Buren,35.58751766817799,-92.42979515692714,0.0,0.0,0.0,0.0,0.0,0.0,100,31
AR,Washington,36.05596733474144,-94.17523509175122,0.1010989010989011,0.02857142857142857,0.046153846153846156,0.04065934065934066,0.0,0.0,910,613
AR,White,35.23870249318435,-91.76080035567242,0.07523510971786834,0.0,0.0,0.0,0.0,0.0,319,143
AR,Woodruff,35.24882977272727,-91.14191254545455,0.0,0.0,0.0,0.0,0.0,0.0,11,3
AR,Yell,35.10260382376743,-93.29229820908463,0.0,0.0,0.0,0.0,0.0,0.0,174,48
AZ,Apache,35.19004548095011,-109.4474790276919,0.026865671641791045,0.0,0.008955223880597015,0.005970149253731343,0.0,0.0,1005,620
AZ,Cochise,32.22784029752794,-109.69225738186086,0.02100840336134454,0.0,0.0,0.037815126050420166,0.0,0.0,238,173
AZ,Coconino,35.275693748591245,-111.62541758217763,0.04296160877513711,0.003656307129798903,0.0018281535648994515,0.008683729433272395,0.0,0.0,2188,1626
AZ,Gila,33.95474486509671,-111.0762326119635,0.0,0.030542986425339366,0.0418552036199095,0.07352941176470588,0.0,0.0022624434389140274,884,526
AZ,Graham,32.87833381613303,-109.81692348463675,0.0,0.05405405405405406,0.0,0.21081081081081082,0.0,0.02702702702702703,185,73
AZ,Greenlee,33.00465757298192,-109.24987246926095,0.0,0.025,0.0,0.0,0.0,0.0,120,50
AZ,La Paz,33.74669819746474,-114.07091172421532,0.03292181069958848,0.03292181069958848,0.03566529492455418,0.027434842249657063,0.0,0.0027434842249657062,729,501
AZ,Maricopa,33.496548139771974,-112.10082567905746,0.04359861591695502,0.260855006139078,0.21334970420805893,0.1392119656211631,0.03397700636231722,0.03591918740930908,44795,32324
AZ,Mohave,35.24016408929908,-114.07197399704644,0.026881720430107527,0.03118279569892473,0.08978494623655914,0.04408602150537634,0.0,0.0,1860,1241
AZ,Navajo,34.75565617994876,-110.30526195108592,0.01182033096926714,0.02009456264775414,0.004728132387706856,0.04846335697399527,0.0,0.0,846,516
AZ,Pima,32.238822229016186,-110.9735571107399,0.005193621867881549,0.4240091116173121,0.23462414578587698,0.3001822323462415,0.06277904328018223,0.01753986332574032,21950,13689
AZ,Pinal,33.01379677017033,-111.63999675442223,0.04,0.06041666666666667,0.08791666666666667,0.06166666666666667,0.0,0.0,2400,1443
AZ,Yavapai,34.548019320239916,-112.32919047911302,0.03403718878033407,0.03876457611093602,0.057043807122596914,0.04002521273242988,0.001575795776867318,0.006618342262842736,3173,2245
AZ,Yuma,32.73449847777882,-114.31853912038142,0.03023758099352052,0.017278617710583154,0.12095032397408208,0.01079913606911447,0.0,0.0,463,256
CA,Alameda,37.70249587350838,-122.07432924168334,0.10986502860041139,0.20290794330637663,0.09952379610583562,0.11716306461156978,0.05959593113359069,0.024740060300374764,35489,28379
CA,Alpine,38.69078780749964,-119.9029494252605,0.0,0.023178807947019868,0.0,0.23509933774834438,0.0,0.006622516556291391,302,181
CA,Amador,38.422048317835,-120.7156636935016,0.0,0.010667903525046383,0.02922077922077922,0.12569573283858998,0.0,0.0074211502782931356,2156,1109
CA,Butte,39.607916965635,-121.64152536734476,0.016872499565141762,0.0066098451904679075,0.0570534005914072,0.028004870412245607,0.0005218298834579927,0.0,5749,2968
CA,Calaveras,38.17318172994021,-120.61979732334993,0.0,0.0,0.0015556938394523958,0.012134411947728687,0.0,0.007778469197261979,3214,1439
CA,Colusa,39.160640032810875,-122.12194686617961,0.028668941979522185,0.0621160409556314,0.0034129692832764505,0.08737201365187713,0.0,0.004095563139931741,1465,720
CA,Contra Costa,37.946686601088004,-122.0689972833533,0.09531562543610736,0.0875005814764851,0.11085267711773736,0.04419221286691166,0.03754012187747127,0.013211145741266223,21497,14965
CA,Del Norte,41.780863445896145,-124.12357088826127,0.0011534025374855825,0.015570934256055362,0.0057670126874279125,0.00922722029988466,0.0,0.00461361014994233,1734,932
CA,El Dorado,38.73495915792095,-120.74351413079351,0.021159593544530782,0.019485953377166767,0.032277346084877465,0.038493723849372385,0.001195457262402869,0.009563658099222952,8365,4318
CA,Fresno,36.6978469065715,-119.77962292525923,0.040409054805401114,0.05703931691818904,0.0676131850675139,0.025367355043685466,0.002482128673550437,0.0041699761715647335,20144,12691
CA,Glenn,39.6396520680579,-122.16606461201339,0.03637713437268003,0.04305864884929473,0.013363028953229399,0.008908685968819599,0.0,0.005939123979213066,1347,616
CA,Humboldt,40.719867476801205,-124.02013381281117,0.047040711597673625,0.036264112213479305,0.018645227505987,0.09014710913445091,0.002565856996236743,0.020355798836811496,5846,2915
CA,Imperial,32.754417844547845,-114.60797137040433,0.034334763948497854,0.0,0.030042918454935622,0.0,0.0,0.0,233,87
CA,Inyo,36.99743190736624,-118.22769673797704,0.009126466753585397,0.08083441981747067,0.03650586701434159,0.3455019556714472,0.007170795306388526,0.028683181225554105,1534,662
CA,Kern,35.330355911829585,-118.89871845482644,0.033965119057099626,0.045552281595922596,0.05805526797802023,0.04149080194313928,0.0013936449788962333,0.006410766902922672,25114,15798
CA,Kings,36.22742758949561,-119.74322909834653,0.02726781857451404,0.0423866090712743,0.05534557235421166,0.05399568034557235,0.005669546436285098,0.0,3704,2118
CA,Lake,38.97946610039816,-122.74985744443812,0.0,0.006153846153846154,0.006153846153846154,0.008391608391608392,0.0,0.01006993006993007,3575,1839
CA,Lassen,40.46327140489229,-120.6123228779154,0.005647590361445783,0.0026355421686746986,0.006024096385542169,0.008283132530120483,0.0,0.004141566265060241,2656,989
CA,Los Angeles,34.068328674123066,-118.20829605290453,0.07966851869290893,0.0569681179437277,0.11517092004896883,0.04009061326134497,0.051924747046698264,0.016553138504358016,191142,156340
CA,Madera,37.066867920519144,-119.9325420778637,0.03685062016897358,0.004673737192162502,0.040805320870034155,0.026963868416322128,0.0010785547366528852,0.0028761459644076936,5563,3391
CA,Marin,37.981273605029415,-122.56136157001445,0.05863779882724402,0.11532100436024657,0.09562471808750564,0.10780333784393324,0.07788302510900616,0.04841377236505789,6651,4136
CA,Mariposa,37.54790135339057,-120.01359179457735,0.0,0.016238159675236806,0.0,0.17388362652232747,0.010825439783491205,0.016238159675236806,1478,649
CA,Mendocino,39.337959289792096,-123.41948802371905,0.02422950184144214,0.023454157782515993,0.009885636751308394,0.029075402209730566,0.0011630160883892228,0.015506881178522969,5159,2842
CA,Merced,37.27913555726167,-120.66626843279934,0.04451647757968666,0.03868179362506753,0.02549972987574284,0.04808211777417612,0.00032414910858995135,0.005942733657482442,9255,5427
CA,Modoc,41.52477326131187,-120.727157640446,0.0,0.0,0.0,0.018337408312958436,0.0,0.0,818,325
CA,Mono,37.943202595040034,-119.0175042088439,0.02667814113597246,0.008605851979345954,0.0025817555938037868,0.24612736660929432,0.024096385542168676,0.039586919104991396,1162,668
CA,Monterey,36.59523802140226,-121.62870545557128,0.045458343778724826,0.11247597559956547,0.04779811147321802,0.13069273836383388,0.06417648533467034,0.016796189521183252,11967,7443
CA,Napa,38.378405025177955,-122.34660252785291,0.015606526365571057,0.08418065736580752,0.11090092220383069,0.01726176401040435,0.0014187751241428233,0.013951288720737764,4229,2645
CA,Nevada,39.24338714870401,-120.8122476832668,0.03174308520512344,0.03137182105067756,0.029886764432894005,0.06998329311304993,0.0,0.004455169853350659,5387,3248
CA,Orange,33.74087499294685,-117.84370842275962,0.07034656873995869,0.05164103741106266,0.12077117282533853,0.023020426899242597,0.03206334633922424,0.006357585494606381,43570,34694
CA,Placer,38.96046468620132,-120.97690677454263,0.06624758220502901,0.10976789168278529,0.09400386847195358,0.13549323017408124,0.0012572533849129594,0.01644100580270793,10340,6471
CA,Plumas,39.990030466160924,-120.8657854457513,0.0,0.023228111971411555,0.00357355568790947,0.01072066706372841,0.0,0.007742703990470518,1679,722
CA,Riverside,33.83593194899328,-117.31325857017853,0.054423452410417184,0.030773038528174243,0.07499381239171686,0.025932953826691967,0.005197590957841762,0.004207573632538569,36363,27905
CA,Sacramento,38.564698493796094,-121.39480834346513,0.04541065134469605,0.12662353338805465,0.07172517019941094,0.04572449423011926,0.002269325479213944,0.013157259427357442,41422,29362
CA,San Benito,36.8462690289531,-121.44432996575554,0.02373887240356083,0.008902077151335312,0.08139041966935143,0.0983467571004663,0.0,0.01949978804578211,2359,1502
CA,San Bernardino,34.186371584410416,-117.39185461665173,0.0577561498649401,0.06350908303606409,0.061426479988452895,0.04342536651751655,0.0038765284450584573,0.004660082066931975,48497,37919
CA,San Diego,32.935275916652564,-117.17565863939578,0.07260170879631679,0.1233565009517907,0.12056753286998097,0.08780822524237461,0.07955199433352517,0.026118907432821286,45178,33259
CA,San Francisco,37.76474178091216,-122.41228473046286,0.09819516671765066,0.28647904557968795,0.21826246558580606,0.09834811869073111,0.15218721321505047,0.17314163352707249,6538,4902
CA,San Joaquin,37.916502533984,-121.2849030155633,0.06401495239764032,0.041936802756848315,0.04041819987150283,0.0658255942993984,0.00011681560656503709,0.005665556918404299,17121,11590
CA,San Luis Obispo,35.3476731720248,-120.6537671430977,0.054242169686787474,0.028201128045121805,0.052442097683907354,0.06660266410656426,0.010080403216128644,0.023880955238209527,8333,4566
CA,San Mateo,37.53836321913149,-122.32317751700471,0.08444625407166123,0.1477198697068404,0.11889250814332247,0.11677524429967427,0.05464169381107492,0.028338762214983715,12280,8269
CA,Santa Barbara,34.61408712745814,-120.03536933987847,0.06082614616432138,0.1091693145710395,0.08216068996822515,0.08601906491148434,0.029845665002269633,0.017249205628688154,8812,5432
CA,Santa Clara,37.29405547644407,-121.88265291678452,0.09688090737240075,0.1864366729678639,0.11448487712665406,0.06218494013862634,0.03067895400126024,0.022251102709514806,25392,19206
CA,Santa Cruz,37.00914944103958,-121.95065992550269,0.03209143861962853,0.20134080668205298,0.0771513353115727,0.16298494340037367,0.09979118584459831,0.04857676667765688,9099,5232
CA,Shasta,40.64202024170235,-122.21421220054779,0.0439323010442924,0.04123154483255311,0.021425999279798342,0.03456967951026287,0.005761613251710479,0.011343176089305006,5554,2953
CA,Sierra,39.57792723835614,-120.43737818840792,0.0,0.0,0.0,0.02557544757033248,0.0,0.04092071611253197,391,169
CA,Siskiyou,41.58835794675067,-122.4510366359751,0.038483305036785515,0.0155631013016412,0.008205998868138087,0.008205998868138087,0.0,0.001697792869269949,3534,1970
CA,Solano,38.2577507383594,-122.04247912032795,0.14307760141093476,0.04420194003527337,0.040123456790123455,0.07749118165784832,0.006172839506172839,0.00837742504409171,9072,6574
CA,Sonoma,38.41279022608563,-122.74797632566575,0.04427582142330927,0.06232503315161338,0.06453514071018122,0.05893620156180934,0.0033888315898040373,0.014144688374834243,13574,8228
CA,Stanislaus,37.610710145525104,-120.96891879861013,0.03471678412947011,0.04306969459671104,0.04837727312277038,0.04829026363873662,0.0,0.009658052727747325,11493,7023
CA,Sutter,39.044738353868986,-121.64843707115632,0.02010968921389397,0.06837294332723949,0.0603290676416819,0.1360146252285192,0.003656307129798903,0.006581352833638025,2735,1418
CA,Tehama,40.10519947721437,-122.17955914209736,0.026283240568954855,0.018243661100803957,0.013605442176870748,0.017006802721088437,0.0,0.00463821892393321,3234,1679
CA,Trinity,40.658082019992065,-123.08835349996541,0.0,0.0014084507042253522,0.0,0.0028169014084507044,0.0,0.03380281690140845,1420,685
CA,Tulare,36.221521769456906,-119.22614191007908,0.025802832702285793,0.059809283410461364,0.08596269807881082,0.13595568643948955,0.016267003225354088,0.008133501612677044,14262,7949
CA,Tuolumne,37.96810539355341,-120.30645983820503,0.0,0.00933582288610296,0.03334222459322486,0.1424379834622566,0.0010669511869831954,0.016537743398239532,3749,1867
CA,Ventura,34.27331707153764,-119.06324545032838,0.059243463749304656,0.05303170776933061,0.10504357500463564,0.051177452252920454,0.009827554236973854,0.009642128685332839,10786,7132
CA,Yolo,38.628349087948706,-121.74825576112308,0.08861033066781931,0.07283336935379295,0.05208558461205965,0.15387940350118867,0.002593473092716663,0.009077155824508321,4627,2901
CA,Yuba,39.165449563676916,-121.47532857702339,0.024569402228976696,0.13019250253292808,0.03951367781155015,0.21631205673758866,0.04027355623100304,0.009878419452887538,3948,2091
CO,Adams,39.846801194324634,-104.9200018594267,0.08808290155440414,0.05847520355292376,0.09351097952134221,0.026400197384653344,0.0032075006168270415,0.0029607698001480384,4053,3299
CO,Alamosa,37.495465509236595,-105.88277754107591,0.0,0.24242424242424243,0.06060606060606061,0.20202020202020202,0.0,0.030303030303030304,99,30
CO,Arapahoe,39.650119739556175,-104.82332686465898,0.049764049764049766,0.23294723294723294,0.2548262548262548,0.05105105105105105,0.028743028743028743,0.009867009867009866,2331,1580
CO,Archuleta,37.22843028888889,-107.0913255873016,0.0,0.0,0.1111111111111111,0.06349206349206349,0.0,0.0,63,19
CO,Baca,37.37441300701146,-102.62304938884886,0.0,0.011363636363636364,0.0,0.25,0.0,0.0,88,45
CO,Bent,38.09132190607638,-103.14361017500914,0.0,0.14457831325301204,0.0,0.3132530120481928,0.0,0.0,83,24
CO,Boulder,40.03483155494051,-105.19842190481693,0.07874015748031496,0.14488188976377953,0.13228346456692913,0.03307086614173228,0.04251968503937008,0.03307086614173228,635,337
CO,Broomfield,39.95019263718663,-105.06252637546537,0.10059171597633136,0.05621301775147929,0.07100591715976332,0.0,0.0,0.0,338,217
CO,Chaffee,38.659998584294854,-106.12715722098744,0.0,0.020100502512562814,0.03015075376884422,0.0,0.0,0.0,199,98
CO,Cheyenne,38.82423570617287,-102.74077691352092,0.0,0.0,0.0,0.25274725274725274,0.0,0.0,91,40
CO,Clear Creek,39.72502478197905,-105.66524635773473,0.08307045215562565,0.03995793901156677,0.012618296529968454,0.00946372239747634,0.0,0.014721345951629864,951,775
CO,Conejos,37.19514363176021,-106.0533286710789,0.0,0.3142857142857143,0.0,0.1,0.0,0.0,70,23
CO,Costilla,37.4653246449652,-105.35156986804775,0.0,0.0,0.0,0.0,0.0,0.0,130,45
CO,Crowley,38.21424476307007,-103.86937456363951,0.0,0.0,0.0,0.48484848484848486,0.0,0.0,33,12
CO,Custer,38.17718956279986,-105.26559072795492,0.0,0.0,0.0,0.0,0.0,0.0,126,52
CO,Delta,38.76087147925631,-107.98159422327592,0.0,0.0196078431372549,0.0196078431372549,0.14705882352941177,0.0,0.0,102,37
CO,Denver,39.732176963591215,-104.96523237296552,0.08384201077199283,0.23662477558348294,0.1969479353680431,0.06157989228007181,0.0414721723518851,0.04560143626570916,5570,4373
CO,Dolores,37.73194771142797,-108.7644615137011,0.0,0.0,0.0,0.0,0.0,0.0,80,44
CO,Douglas,39.45455155026673,-104.88696862336275,0.04182671788305591,0.15749039692701663,0.18181818181818182,0.035424669227486126,0.00597524541186513,0.00597524541186513,2343,1626
CO,Eagle,39.63423722843189,-106.55543297223004,0.0736949846468782,0.01842374616171955,0.0040941658137154556,0.0,0.0020470829068577278,0.0030706243602865915,977,800
CO,El Paso,38.851837396838675,-104.76417594637374,0.03457273320287019,0.2759295499021526,0.28147423352902806,0.01304631441617743,0.00684931506849315,0.005870841487279843,3066,2135
CO,Elbert,39.3390211729835,-104.02299879197155,0.036585365853658534,0.0,0.0,0.0,0.0,0.0,82,36
CO,Fremont,38.45195852770197,-105.30773406767122,0.0,0.06103286384976526,0.06103286384976526,0.1619718309859155,0.0,0.0,426,210
CO,Garfield,39.549205948521745,-107.46082356429375,0.06652806652806653,0.04677754677754678,0.04365904365904366,0.037422037422037424,0.0,0.0,962,778
CO,Gilpin,39.792020201867146,-105.45764327232472,0.0,0.02127659574468085,0.02127659574468085,0.0,0.0,0.0425531914893617,94,42
CO,Grand,40.10028906291264,-106.28944634328755,0.0,0.0,0.0,0.022388059701492536,0.0,0.0,134,77
CO,Gunnison,38.573030297438414,-106.95840998118892,0.0,0.0,0.0,0.05228758169934641,0.032679738562091505,0.0,153,65
CO,Hinsdale,37.87239432316841,-107.14823126741815,0.0,0.0,0.0,0.0,0.0,0.0,6,1
CO,Huerfano,37.696007776793856,-104.8562402108076,0.07048458149779736,0.03524229074889868,0.030837004405286344,0.08370044052863436,0.0,0.0,227,131
CO,Jackson,40.429365716478316,-106.55418184278302,0.0,0.0,0.0,0.06666666666666667,0.5333333333333333,0.0,30,13
CO,Jefferson,39.72892091837534,-105.14569627137143,0.089930151338766,0.17229336437718276,0.1818975552968568,0.03259604190919674,0.039871944121071014,0.005529685681024447,3436,2402
CO,Kiowa,38.46929960696314,-102.62712082415608,0.0,0.0,0.0,0.5666666666666667,0.0,0.0,120,36
CO,Kit Carson,39.291288177760336,-102.55017490762668,0.0,0.0,0.0,0.0335195530726257,0.0,0.0,179,85
CO,La Plata,37.24891107759854,-107.84047693764101,0.0,0.02631578947368421,0.14912280701754385,0.03508771929824561,0.0,0.0,114,46
CO,Lake,39.21264449273756,-106.29198968659328,0.0,0.0,0.0,0.0,0.0,0.0,99,44
CO,Larimer,40.50765678238938,-105.06333378844695,0.03563941299790356,0.07547169811320754,0.15513626834381553,0.050314465408805034,0.029350104821802937,0.0034940600978336828,1431,912
CO,Las Animas,37.23693434324154,-104.2905613429737,0.0764525993883792,0.0,0.0,0.045871559633027525,0.0,0.0,327,176
CO,Lincoln,39.16322766002056,-103.5491534553603,0.056338028169014086,0.06103286384976526,0.0,0.14553990610328638,0.0,0.0,213,101
CO,Logan,40.667350607682984,-103.09755220460549,0.015789473684210527,0.021052631578947368,0.0,0.04736842105263158,0.0,0.0,190,91
CO,Mesa,39.15352175911009,-108.45040008773243,0.09698275862068965,0.03017241379310345,0.023706896551724137,0.04525862068965517,0.0,0.0,464,277
CO,Mineral,37.56019384381231,-106.81093495030431,0.0,0.0,0.0,0.0,0.0,0.0,123,65
CO,Moffat,40.437382017307684,-107.88704859866365,0.0,0.06569343065693431,0.08759124087591241,0.058394160583941604,0.0,0.0,137,42
CO,Montezuma,37.31895749424965,-108.56653788941748,0.0,0.0,0.01935483870967742,0.0,0.0,0.0,155,52
CO,Montrose,38.35757184495693,-107.89218490133894,0.0,0.0,0.0,0.0,0.0,0.0,30,11
CO,Morgan,40.25908420239823,-103.81698207561632,0.04854368932038835,0.019417475728155338,0.0,0.23300970873786409,0.0,0.0,309,143
CO,Otero,38.02841539965843,-103.75837630099187,0.0,0.15867158671586715,0.0,0.30996309963099633,0.0,0.0,271,94
CO,Ouray,38.15151045277778,-107.73904690555555,0.0,0.06,0.06,0.0,0.0,0.0,50,21
CO,Park,39.24631294824446,-105.77211522698005,0.0,0.0,0.01263537906137184,0.0,0.0,0.0,554,324
CO,Phillips,40.6096234851322,-102.32018424280116,0.0,0.061224489795918366,0.0,0.3673469387755102,0.0,0.0,49,14
CO,Pitkin,39.21828488344554,-106.95005828938254,0.0,0.109375,0.125,0.0234375,0.0,0.0,128,62
CO,Prowers,38.0404879176866,-102.56605716166648,0.0,0.0,0.0,0.16489361702127658,0.0,0.0,188,75
CO,Pueblo,38.2362147996684,-104.61673402093008,0.06764027671022291,0.06764027671022291,0.11529592621060722,0.10222905457340507,0.0023059185242121443,0.009223674096848577,1301,872
CO,Rio Blanco,40.0284129948262,-108.24981046111218,0.0,0.0,0.0,0.0,0.0,0.0,73,24
CO,Rio Grande,37.588912586206895,-106.24916028735633,0.0,0.034482758620689655,0.0,0.0,0.0,0.0,58,20
CO,Routt,40.39200077312683,-106.92039613869252,0.0,0.10204081632653061,0.0,0.02040816326530612,0.0,0.0,147,65
CO,Saguache,38.15844554119573,-106.24118871676926,0.0,0.0,0.0,0.14049586776859505,0.0,0.0,121,36
CO,San Juan,37.71908988725917,-107.75894542739711,0.0,0.0,0.0,0.0,0.0,0.0,20,13
CO,San Miguel,38.02099363214286,-108.25109909404763,0.0,0.0,0.0,0.0,0.0,0.06666666666666667,60,22
CO,Sedgwick,40.942924441992865,-102.36189406069045,0.0,0.0,0.0,0.0379746835443038,0.0,0.0,79,36
CO,Summit,39.57912605713575,-106.08166259908386,0.07462686567164178,0.033582089552238806,0.041044776119402986,0.008706467661691543,0.0,0.0,804,649
CO,Teller,38.91102446896292,-105.14827183974568,0.0,0.030927835051546393,0.061855670103092786,0.0,0.0,0.015463917525773196,194,76
CO,Washington,40.118250156280645,-103.3411672089696,0.0,0.0,0.0,0.050505050505050504,0.0,0.0,99,39
CO,Weld,40.311783714266284,-104.81486985702543,0.040988547317661245,0.04581072935503315,0.05304400241109102,0.028330319469559977,0.0,0.0024110910186859553,1659,966
CO,Yuma,40.039254190154224,-102.4502323025186,0.0,0.0,0.0,0.3620689655172414,0.0,0.0,58,17
CT,Capitol,41.75873712832424,-72.65245205990495,0.14758925285241076,0.04195804195804196,0.08391608391608392,0.008097165991902834,0.0,0.004048582995951417,2717,1986
CT,Fairfield,41.15585577273594,-73.382617688275,0.07620741551511835,0.012724038856204678,0.028868518265152552,0.014502667943631139,0.002599534820084827,0.005609522506498837,7309,6312
CT,Greater Bridgeport,41.20168209475767,-73.167004212473,0.13060428849902533,0.009746588693957114,0.031189083820662766,0.0,0.003898635477582846,0.0,513,445
CT,Hartford,41.74419786980899,-72.7022860116189,0.13463324048282266,0.04441349427421851,0.052615289384091615,0.005725781491798205,0.0,0.001392757660167131,6462,5480
CT,Litchfield,41.748600845880354,-73.1800845235216,0.05630026809651475,0.05361930294906166,0.08310991957104558,0.16621983914209115,0.0,0.010723860589812333,373,137
CT,Lower Connecticut River Valley,41.4552966767757,-72.55097487012883,0.10246679316888045,0.058823529411764705,0.051233396584440226,0.0,0.0,0.0,527,366
CT,Middlesex,41.50461729651935,-72.60683314253127,0.08286852589641434,0.05179282868525897,0.07250996015936255,0.034262948207171316,0.0,0.0,1255,923
CT,Naugatuck Valley,41.513160729213816,-73.05855534925043,0.15894039735099338,0.010596026490066225,0.0423841059602649,0.018543046357615896,0.0,0.015894039735099338,755,576
CT,New Haven,41.42897887007477,-72.92643630986393,0.11404910649426123,0.046491355513584194,0.025424960046491356,0.02193810838297254,0.0,0.015690832485834666,6883,5293
CT,New London,41.440865187146876,-72.11406408531347,0.09425287356321839,0.03065134099616858,0.052873563218390804,0.0,0.0,0.0053639846743295016,1305,803
CT,Northeastern Connecticut,41.837212431533914,-71.96173981663607,0.03272727272727273,0.05090909090909091,0.01090909090909091,0.014545454545454545,0.02909090909090909,0.0,275,113
CT,Northwest Hills,41.83247894471937,-73.18611057378284,0.04664723032069971,0.05830903790087463,0.08163265306122448,0.21865889212827988,0.0,0.014577259475218658,343,125
CT,South Central Connecticut,41.375964608069786,-72.88095746064172,0.13243243243243244,0.05202702702702703,0.037162162162162164,0.029054054054054056,0.004054054054054054,0.01756756756756757,1480,1116
CT,Southeastern Connecticut,41.481796126601296,-72.08975221727893,0.08345120226308345,0.07213578500707214,0.0891089108910891,0.01272984441301273,0.0,0.015558698727015558,707,365
CT,Tolland,41.8555824200934,-72.34859077097555,0.09120521172638436,0.04234527687296417,0.04723127035830619,0.029315960912052116,0.0,0.0,614,292
CT,Western Connecticut,41.160532838089416,-73.45674184628868,0.12813171080887617,0.025769506084466716,0.04294917680744453,0.01145311381531854,0.0014316392269148174,0.0,1397,1116
CT,Windham,41.84251485334111,-71.97348472288267,0.07459207459207459,0.11888111888111888,0.055944055944055944,0.04428904428904429,0.023310023310023312,0.0,429,144
DC,District Of Columbia,38.91877196969697,-77.03122313636364,0.0,0.10606060606060606,0.4090909090909091,0.24242424242424243,0.12121212121212122,0.2727272727272727,66,22
DC,District of Columbia,38.89781093228799,-77.0062434005739,0.10425531914893617,0.30034042553191487,0.2971063829787234,0.060936170212765955,0.07293617021276595,0.14740425531914894,11750,8757
DE,Kent,39.099629139801614,-75.54604392017325,0.04261954261954262,0.059251559251559255,0.12370062370062371,0.02390852390852391,0.0,0.0031185031185031187,962,451
DE,New Castle,39.68667130990002,-75.60971770183293,0.0418324137046067,0.12973181059925573,0.23456948543564737,0.03759784421917105,0.0021814448864365455,0.011548825869369948,7793,4374
DE,Sussex,38.673053746538955,-75.36907220301718,0.0,0.034830430797433545,0.1915673693858845,0.07516040329972502,0.0,0.0,1091,395
FL,Alachua,29.670969981403797,-82.39729592491962,0.02727272727272727,0.2590909090909091,0.1175,0.057045454545454545,0.052954545454545456,0.012045454545454545,4400,2434
FL,Baker,30.26941367315924,-82.1877886739252,0.0412573673870334,0.021611001964636542,0.09233791748526522,0.0,0.0,0.0,1018,504
FL,Bay,30.24513468338423,-85.6618582455445,0.004419889502762431,0.25718232044198897,0.1696132596685083,0.08453038674033149,0.0,0.0022099447513812156,3620,1740
FL,Bradford,29.936762320949402,-82.13038832203203,0.0,0.15502183406113537,0.13100436681222707,0.0,0.0,0.0,458,132
FL,Brevard,28.27929870795442,-80.7122288617031,0.04321266968325792,0.3055429864253394,0.17703619909502263,0.09321266968325792,0.045588235294117645,0.005542986425339367,8840,5139
FL,Broward,26.11577564386792,-80.1981379628001,0.1084753677328975,0.11132383843100631,0.16712584636936725,0.007518094793369134,0.014709315900070045,0.007144524865748307,21415,17971
FL,Calhoun,30.460841596747162,-85.1494821440842,0.0,0.0,0.0682261208576998,0.0,0.0,0.007797270955165692,513,155
FL,Charlotte,26.941763174956172,-82.1056247296657,0.02155453951665578,0.1574134552580013,0.19660352710646636,0.013063357282821686,0.0,0.005878510777269758,1531,837
FL,Citrus,28.866547581024278,-82.46252840855313,0.0,0.16835699797160245,0.12657200811359026,0.0,0.0,0.004056795131845842,2465,946
FL,Clay,30.10295604785442,-81.77740366370361,0.0036319612590799033,0.403954802259887,0.3119451170298628,0.0,0.0,0.0036319612590799033,2478,1638
FL,Collier,26.219851744503135,-81.63201613893663,0.01955128205128205,0.15833333333333333,0.19326923076923078,0.033012820512820513,0.0,0.020512820512820513,3120,1892
FL,Columbia,30.137396713973033,-82.6634138851197,0.024476904855902093,0.05842874062376629,0.07422029214370311,0.059613106987761545,0.0,0.0011843663639952626,2533,1345
FL,DeSoto,27.194388448641234,-81.8896228560832,0.0,0.0854368932038835,0.04466019417475728,0.019417475728155338,0.0,0.0,515,214
FL,Desoto,27.182427911293974,-81.9019618553076,0.0,0.026829268292682926,0.004878048780487805,0.0,0.0,0.0,410,132
FL,Dixie,29.6221110913918,-83.079044952551,0.0,0.013671875,0.060546875,0.0,0.0,0.0078125,512,184
FL,Duval,30.30828404812659,-81.64876772440054,0.09964983085049557,0.14950442162739627,0.12208439670010089,0.0034423407917383822,0.0018398718024808594,0.0035610421983500503,16849,14495
FL,Escambia,30.496610193806443,-87.277875715771,0.011920283106723785,0.15114546470478674,0.1426708884336003,0.009405848388899237,0.00651890482398957,0.01964984168373999,10738,6465
FL,Flagler,29.50054206670351,-81.21819223320088,0.06601123595505617,0.21067415730337077,0.22893258426966293,0.026685393258426966,0.0,0.008426966292134831,712,412
FL,Franklin,29.815989017300947,-84.78031467908332,0.0,0.047244094488188976,0.0,0.0,0.0,0.0,127,29
FL,Gadsden,30.5784973800424,-84.58067751639408,0.026483050847457626,0.02065677966101695,0.04184322033898305,0.006355932203389831,0.0,0.0,1888,977
FL,Gilchrist,29.71768253196767,-82.81506652968395,0.0,0.0,0.033602150537634407,0.0,0.0,0.008064516129032258,744,227
FL,Glades,26.903472570417684,-81.20546421384533,0.0,0.05154639175257732,0.0979381443298969,0.0,0.0,0.0,194,68
FL,Gulf,29.96552675903245,-85.2639994675471,0.0,0.07075471698113207,0.009433962264150943,0.0,0.0,0.018867924528301886,212,52
FL,Hamilton,30.486219057166725,-82.99198057511188,0.05555555555555555,0.07716049382716049,0.021604938271604937,0.038580246913580245,0.0,0.0,648,338
FL,Hardee,27.523913961474307,-81.79156304665757,0.0,0.044919786096256686,0.08449197860962566,0.0021390374331550803,0.0,0.0053475935828877,935,383
FL,Hendry,26.716198672428792,-81.30328663834997,0.0,0.09667673716012085,0.0891238670694864,0.0256797583081571,0.0,0.00906344410876133,662,236
FL,Hernando,28.51847206360533,-82.45076998199603,0.00936087798579729,0.2078760490639122,0.1998063266623628,0.002905100064557779,0.0006455777921239509,0.0025823111684958036,3098,1642
FL,Highlands,27.43298097101861,-81.42476233482746,0.0,0.015213815789473685,0.0884046052631579,0.0,0.0,0.00041118421052631577,2432,943
FL,Hillsborough,27.960860568313475,-82.38282766340416,0.034028770926221925,0.24451081012871204,0.16640026920164885,0.010263312862791285,0.07798435265416001,0.006435601918061748,23774,18480
FL,Holmes,30.817779602833735,-85.79702890153082,0.006693440428380187,0.008032128514056224,0.06291834002677377,0.0,0.0,0.0,747,344
FL,Indian River,27.665350676874993,-80.5382911940665,0.029469548133595286,0.2082514734774067,0.1512770137524558,0.015717092337917484,0.0275049115913556,0.0,509,331
FL,Jackson,30.776530382273005,-85.22982502185702,0.0039177277179236044,0.014691478942213516,0.06317335945151811,0.01028403525954946,0.0,0.0019588638589618022,2042,946
FL,Jefferson,30.490110482389632,-83.89641091552639,0.03433001107419712,0.04318936877076412,0.03875968992248062,0.008859357696566999,0.0,0.0033222591362126247,903,497
FL,Lafayette,30.012554423039134,-83.14025787001168,0.0,0.0,0.0948905109489051,0.0,0.0,0.021897810218978103,137,34
FL,Lake,28.72014420937833,-81.73062138710564,0.0067993366500829185,0.0845771144278607,0.10232172470978441,0.013432835820895522,0.0,0.002321724709784411,6030,2705
FL,Lee,26.558467681815817,-81.81113780668964,0.004966510229188499,0.2894700870278398,0.17360003645145122,0.006789082790358591,0.0007290290244680366,0.004055223948603454,21947,14316
FL,Leon,30.45719068774861,-84.2742950891366,0.00893182646737149,0.3937294932555596,0.26394458621946776,0.05377324097703245,0.1069996354356544,0.04064892453518046,5486,2864
FL,Levy,29.37902801328146,-82.66530549056448,0.0,0.012048192771084338,0.05244507441530829,0.005669737774627924,0.0,0.004252303330970942,1411,450
FL,Liberty,30.372604272036916,-84.89134863782738,0.0,0.0,0.050724637681159424,0.0,0.0,0.021739130434782608,276,91
FL,Madison,30.451140054075353,-83.42617583277709,0.036757775683317624,0.022620169651272386,0.016022620169651274,0.0,0.0,0.0,1061,484
FL,Manatee,27.475612169666903,-82.5173662484205,0.006025889004612409,0.06829340871894063,0.15042404404106532,0.008406487129891385,0.005430739473292665,0.0034965034965034965,13442,8883
FL,Marion,29.149330572582063,-82.12988902137273,0.0146875,0.027109375,0.109296875,0.01203125,0.00015625,0.003203125,12800,6737
FL,Martin,27.0886042640798,-80.27446214622739,0.12151702786377709,0.008513931888544891,0.02863777089783282,0.0,0.0023219814241486067,0.0023219814241486067,1292,1112
FL,Miami-Dade,25.78651786792906,-80.29939576245287,0.02766406652913873,0.26331227436823107,0.1391019855595668,0.05520725889633832,0.1391019855595668,0.02550444816915936,124096,105976
FL,Monroe,24.877446937164635,-80.8779321702368,0.0,0.1780515117581187,0.05823068309070549,0.02463605823068309,0.040313549832026875,0.005599104143337066,893,576
FL,Nassau,30.605905340599723,-81.67871925107426,0.008019740900678593,0.09068476249228871,0.12893275755706354,0.016039481801357187,0.0,0.007402837754472548,1621,823
FL,Okaloosa,30.55739145043129,-86.58748869437682,0.011607910576096303,0.040412725709372314,0.14574376612209802,0.0032244196044711954,0.007308684436801376,0.0027944969905417025,4652,2365
FL,Okeechobee,27.429273567194457,-80.81445677509149,0.013986013986013986,0.0,0.11188811188811189,0.0,0.0,0.0,143,79
FL,Orange,28.50563239926708,-81.39785771507383,0.011990830541350733,0.3675638415543194,0.16968307657780413,0.019813725333034098,0.09534954553469807,0.008255718888764207,62381,48170
FL,Osceola,28.25702377946483,-81.42731302890579,0.016904844893691182,0.26124085047054724,0.13062042523527362,0.003485535029627048,0.018211920529801324,0.004531195538515162,11476,8096
FL,Palm Beach,26.59978997276664,-80.12474672729216,0.09108910891089109,0.048471803702109344,0.14222987516142918,0.002582866982350409,0.0008609556607834697,0.0012053379250968575,11615,9720
FL,Pasco,28.262144176869068,-82.51418967204238,0.0052738043635312815,0.12071954919809276,0.17201271492558878,0.010186389250108365,0.0014448779078167894,0.002889755815633579,13842,7892
FL,Pinellas,27.900899358853398,-82.72149243012569,0.009699129057798891,0.21199524940617578,0.2,0.0165083135391924,0.18036421219319082,0.021417260490894697,25260,15125
FL,Polk,28.07415933687401,-81.8035497167381,0.023417614118445614,0.32105888342100797,0.21839470558289495,0.015442049889699643,0.0006787714237230613,0.002206007127099949,5893,3298
FL,Putnam,29.607630442856777,-81.71090601674594,0.0,0.06791009086561454,0.052606408417025345,0.006695361071257772,0.0,0.001912960306073649,2091,765
FL,Saint Johns,29.914963,-81.334061,0.0,0.0,1.0,0.0,0.0,0.0,4,2
FL,Santa Rosa,30.551121663177607,-87.03136640536403,0.012134052388289676,0.13463020030816641,0.09784283513097072,0.020416024653312787,0.0,0.005970724191063174,5192,2721
FL,Sarasota,27.23899910835933,-82.44633573304804,0.007068480656684655,0.18226039370677205,0.16842745306680854,0.013984950976666414,0.0009120620202173748,0.00653644447822452,13157,8625
FL,Seminole,28.712780849877326,-81.32450910527034,0.029760936737680925,0.24849569035615549,0.30915596031875103,0.019027484143763214,0.0003252561392096276,0.006342494714587738,6149,3971
FL,St Johns,29.923128850300383,-81.41596490839267,0.053811659192825115,0.03587443946188341,0.09080717488789238,0.01233183856502242,0.0011210762331838565,0.0,892,522
FL,St Lucie,27.359283733946125,-80.41370309274741,0.19532908704883228,0.04670912951167728,0.11252653927813164,0.0,0.0,0.0,471,365
FL,St. Johns,29.919489204552114,-81.40613486300157,0.02408563782337199,0.04103479036574487,0.18153434433541482,0.0053523639607493305,0.004906333630686887,0.0026761819803746653,2242,1612
FL,St. Lucie,27.3681721025157,-80.40736601128191,0.05094905094905095,0.011988011988011988,0.030969030969030968,0.0,0.0,0.0,1001,879
FL,Sumter,28.808710894776524,-82.06904321685663,0.03497843794920939,0.03833253473885961,0.08528988979396263,0.006708193579300431,0.0,0.003833253473885961,2087,1315
FL,Suwannee,30.221114412557217,-82.96229752280163,0.035211267605633804,0.053208137715179966,0.06338028169014084,0.001564945226917058,0.0,0.0,1278,581
FL,Taylor,30.032628644044955,-83.57847364520184,0.0,0.036284470246734396,0.07256894049346879,0.0,0.0,0.0,689,250
FL,Union,30.014252562976132,-82.36486861791252,0.0,0.014705882352941176,0.052521008403361345,0.014705882352941176,0.0,0.0,476,154
FL,Volusia,29.080884441018846,-81.1851381993933,0.034600389863547756,0.05847953216374269,0.10185185185185185,0.0050357374918778425,0.0004873294346978557,0.001299545159194282,6156,3387
FL,Wakulla,30.172889754932385,-84.3461080029579,0.0,0.05761316872427984,0.0551440329218107,0.048559670781893,0.0,0.00411522633744856,1215,486
FL,Walton,30.522460226230066,-86.18671040895524,0.005139500734214391,0.051762114537444934,0.11857562408223202,0.004038179148311307,0.0,0.014317180616740088,2724,1348
FL,Washington,30.65806379657995,-85.65984857181218,0.006433823529411764,0.013786764705882353,0.04963235294117647,0.0,0.0,0.0,1088,472
GA,Appling,31.776986346153844,-82.31676653846155,0.0,0.0,0.0,0.0,0.0,0.0,26,5
GA,Atkinson,31.312974818181818,-82.87718797727274,0.0,0.0,0.0,0.0,0.0,0.0,44,8
GA,Bacon,31.507100636363642,-82.45501799999998,0.0,0.0,0.0,0.0,0.0,0.0,11,3
GA,Baker,31.22348518324811,-84.4740078712183,0.0,0.0,0.0,0.0,0.0,0.0,18,4
GA,Baldwin,33.100073576153015,-83.26192472123437,0.0,0.20869565217391303,0.3130434782608696,0.1826086956521739,0.0,0.0,115,36
GA,Banks,34.300204836093194,-83.46332559026794,0.06341463414634146,0.0,0.03902439024390244,0.0,0.0,0.0,205,117
GA,Barrow,34.001846567448865,-83.74290898574911,0.02040816326530612,0.0,0.16326530612244897,0.0,0.0,0.0,294,143
GA,Bartow,34.21639901934752,-84.78778422361545,0.125193199381762,0.015455950540958269,0.015455950540958269,0.04636785162287481,0.0,0.0,647,448
GA,Ben Hill,31.70366867741936,-83.21381796774193,0.0,0.0,0.0,0.3548387096774194,0.0,0.0,31,7
GA,Berrien,31.268134322872587,-83.27486361943878,0.0,0.0,0.0,0.2631578947368421,0.0,0.0,57,15
GA,Bibb,32.82394428618432,-83.67379737727296,0.15352112676056337,0.04647887323943662,0.0676056338028169,0.0,0.0,0.0,710,524
GA,Bleckley,32.502704058531556,-83.27401518357496,0.0,0.0,0.0,0.0,0.0,0.0,56,21
GA,Brantley,31.201057789473687,-81.9928152631579,0.0,0.0,0.0,0.0,0.0,0.0,19,5
GA,Brooks,30.88604770247159,-83.53915295547326,0.0,0.0,0.0,0.0,0.0,0.041237113402061855,97,29
GA,Bryan,32.02058589074356,-81.38552929128728,0.1391941391941392,0.0,0.0,0.02197802197802198,0.0,0.0,273,192
GA,Bulloch,32.32405683943175,-81.72128612922361,0.055776892430278883,0.02390438247011952,0.01593625498007968,0.0199203187250996,0.0,0.0,251,113
GA,Burke,33.10179132374441,-81.99980549303045,0.0,0.15,0.1,0.0,0.0,0.0,100,27
GA,Butts,33.27426518292809,-84.0220259551056,0.03496503496503497,0.030303030303030304,0.011655011655011656,0.03263403263403263,0.0,0.0,429,268
GA,Calhoun,31.618920000000006,-84.535973,0.0,0.0,0.0,0.0,0.0,0.0,6,1
GA,Camden,30.903698811047896,-81.67268662838542,0.1232876712328767,0.0,0.0,0.0,0.0,0.0,219,122
GA,Candler,32.361114670850355,-82.0715476471086,0.07692307692307693,0.0,0.0,0.0,0.0,0.0,78,34
GA,Carroll,33.69963240468295,-85.02344566478541,0.10089020771513353,0.0,0.05637982195845697,0.0,0.0,0.0,337,209
GA,Catoosa,34.94334933596292,-85.15452513581258,0.11614730878186968,0.0,0.0906515580736544,0.025495750708215296,0.0,0.0,353,249
GA,Charlton,30.83085454751358,-82.01699546532058,0.0,0.06976744186046512,0.06976744186046512,0.0,0.0,0.0,43,8
GA,Chatham,32.075564357277194,-81.18342030029586,0.11264230077890952,0.11084481725584182,0.1348112642300779,0.025763930497303775,0.0,0.004194128220491312,1669,1051
GA,Chattahoochee,32.30763958695652,-84.76386267391304,0.0,0.0,0.0,0.2826086956521739,0.0,0.0,46,11
GA,Chattooga,34.49288741128931,-85.38500044314465,0.0,0.0,0.0,0.04716981132075472,0.0,0.0,106,30
GA,Cherokee,34.15314385895353,-84.52737748056029,0.11053315994798439,0.06501950585175553,0.11183355006501951,0.010403120936280884,0.0,0.0039011703511053317,769,526
GA,Clarke,33.95987337417557,-83.39874546959523,0.17557251908396945,0.33587786259541985,0.37404580152671757,0.04580152671755725,0.061068702290076333,0.0,131,50
GA,Clay,31.58854970918551,-84.84959726363009,0.0,0.0,0.0,0.5789473684210527,0.0,0.0,19,11
GA,Clayton,33.60375023389115,-84.37399207319037,0.1041890440386681,0.02201933404940924,0.07250268528464017,0.0005370569280343716,0.0,0.0,1862,1562
GA,Clinch,31.061307826086956,-82.77385780434783,0.0,0.13043478260869565,0.0,0.0,0.0,0.0,46,11
GA,Cobb,33.91629395416046,-84.52152689944924,0.0768475325313037,0.07218266633930763,0.10066290203780996,0.003928308372207218,0.0012275963663147557,0.0012275963663147557,4073,3411
GA,Coffee,31.51727332417192,-82.83686396817812,0.0,0.07407407407407407,0.07407407407407407,0.12962962962962962,0.0,0.0,108,29
GA,Colquitt,31.186314163388413,-83.7998333330433,0.0,0.0,0.12941176470588237,0.2235294117647059,0.0,0.0,85,19
GA,Columbia,33.499974616995786,-82.18895245835836,0.07673267326732673,0.04455445544554455,0.12376237623762376,0.012376237623762377,0.0,0.0,404,220
GA,Cook,31.194412170806594,-83.44467994241138,0.35294117647058826,0.0,0.0,0.014705882352941176,0.0,0.0,136,85
GA,Coweta,33.375092067306525,-84.73972815765697,0.029143897996357013,0.07012750455373407,0.14116575591985428,0.01092896174863388,0.0,0.0,1098,634
GA,Crawford,32.7443902204859,-83.95873559102586,0.0,0.0,0.0,0.2682926829268293,0.0,0.0,41,14
GA,Crisp,31.901894561294494,-83.77396235715719,0.15053763440860216,0.0,0.043010752688172046,0.043010752688172046,0.0,0.0,93,47
GA,Dade,34.95478028418526,-85.44788267379613,0.11940298507462686,0.0,0.0,0.0,0.0,0.0,201,166
GA,Dawson,34.395038896551725,-84.08232665517242,0.0,0.0,0.13793103448275862,0.1724137931034483,0.0,0.0,29,8
GA,DeKalb,33.79842553745501,-84.2601775992593,0.09510420112471055,0.007277538868673503,0.033079722130334104,0.0004961958319550116,0.0011577902745616936,0.0,6046,5567
GA,Decatur,30.90439937171617,-84.547868667532,0.0,0.09523809523809523,0.0,0.19047619047619047,0.0,0.0,42,14
GA,Dekalb,33.79794599004229,-84.26187483988812,0.11872705018359853,0.012239902080783354,0.05385556915544676,0.0,0.0,0.0024479804161566705,1634,1401
GA,Dodge,32.19064057878788,-83.19372009757576,0.0,0.0,0.12121212121212122,0.18181818181818182,0.0,0.0,33,10
GA,Dooly,32.182580379644094,-83.76988023223123,0.19491525423728814,0.0,0.0,0.0,0.0,0.0,118,71
GA,Dougherty,31.549348771047224,-84.14421909405347,0.10040160642570281,0.11646586345381527,0.2289156626506024,0.028112449799196786,0.0,0.0,249,100
GA,Douglas,33.75247924001519,-84.69681117950282,0.1341301460823373,0.04780876494023904,0.07835325365205843,0.009296148738379814,0.0,0.0,753,616
GA,Early,31.27523066176471,-84.87355316176472,0.0,0.0,0.0,0.058823529411764705,0.0,0.0,34,10
GA,Echols,30.727049750000003,-83.0225965,0.0,0.0,0.125,0.0,0.0,0.0,24,9
GA,Effingham,32.24857899371144,-81.29819772924907,0.04580152671755725,0.030534351145038167,0.09923664122137404,0.0,0.0,0.0,131,55
GA,Elbert,34.12157030908894,-82.8894672321849,0.0,0.09649122807017543,0.02631578947368421,0.0,0.0,0.0,114,30
GA,Emanuel,32.48250534695582,-82.31102861731972,0.0,0.06451612903225806,0.24731182795698925,0.10752688172043011,0.0,0.0,93,32
GA,Evans,32.16831216666667,-81.903428375,0.0,0.0,0.0,0.0,0.0,0.0,36,10
GA,Fannin,34.890494411764706,-84.29593629411764,0.0,0.0,0.0,0.08823529411764706,0.0,0.0,34,10
GA,Fayette,33.438408473924994,-84.49275316704781,0.0,0.14414414414414414,0.29429429429429427,0.0,0.0,0.0,333,124
GA,Floyd,34.24407227428209,-85.18472424644887,0.02127659574468085,0.01773049645390071,0.14893617021276595,0.07446808510638298,0.0,0.0,282,71
GA,Forsyth,34.189157903245786,-84.150071928732,0.08016877637130802,0.2742616033755274,0.21518987341772153,0.02109704641350211,0.0,0.0,237,105
GA,Franklin,34.38578926208037,-83.25348514387925,0.0942622950819672,0.04918032786885246,0.0,0.0,0.0,0.0,244,146
GA,Fulton,33.77393924378263,-84.41565876080384,0.09683304144775248,0.043490951546993575,0.06129597197898424,0.0007297139521307647,0.001970227670753065,0.0025539988324576766,13704,12290
GA,Gilmer,34.693117426042654,-84.4978425824264,0.0,0.0,0.031746031746031744,0.4973544973544973,0.0,0.010582010582010581,189,76
GA,Glynn,31.213885498637527,-81.53051310725058,0.08,0.09142857142857143,0.08,0.02,0.0,0.0,350,177
GA,Gordon,34.50435381506698,-84.91599738507784,0.14482758620689656,0.0,0.020689655172413793,0.04482758620689655,0.0,0.0,290,183
GA,Grady,30.901944789094355,-84.21261738022427,0.0,0.0,0.0,0.0975609756097561,0.0,0.0,41,10
GA,Greene,33.55265072318955,-83.15873346929385,0.026881720430107527,0.03225806451612903,0.03225806451612903,0.0,0.0,0.0,186,112
GA,Gwinnett,33.96538601275782,-84.09249087978603,0.03836150845253576,0.10858257477243173,0.11638491547464239,0.004551365409622887,0.0,0.0,3076,2397
GA,Habersham,34.56335222899158,-83.52968235239263,0.0,0.0,0.08898305084745763,0.025423728813559324,0.0,0.01694915254237288,236,65
GA,Hall,34.253334682575726,-83.84917617772646,0.039316239316239315,0.03247863247863248,0.06324786324786325,0.005128205128205128,0.0,0.0,585,292
GA,Hancock,33.224722190476186,-83.0525531904762,0.0,0.0,0.0,0.0,0.0,0.0,21,8
GA,Haralson,33.700534746120304,-85.24494786441078,0.1476510067114094,0.040268456375838924,0.03355704697986577,0.03355704697986577,0.0,0.0,149,97
GA,Harris,32.76481947807752,-84.98968653915685,0.06779661016949153,0.022598870056497175,0.022598870056497175,0.0,0.0,0.0,177,92
GA,Hart,34.403790707149916,-82.98255950468591,0.057971014492753624,0.0,0.0,0.0,0.0,0.0,69,28
GA,Heard,33.30384430633043,-85.10803519557383,0.0,0.0,0.0,0.0,0.0,0.0,150,62
GA,Henry,33.463816472395564,-84.20784975644887,0.10114068441064639,0.02053231939163498,0.037262357414448666,0.0,0.0,0.0,1315,1127
GA,Houston,32.514019852975196,-83.68870473294902,0.024793388429752067,0.19559228650137742,0.22727272727272727,0.10055096418732783,0.0,0.0,726,348
GA,Irwin,31.56373143181055,-83.33253264387449,0.0,0.0,0.0,0.0,0.0,0.0,5,1
GA,Jackson,34.16227268249974,-83.61343215093441,0.06013071895424837,0.0196078431372549,0.023529411764705882,0.0,0.0,0.0,765,521
GA,Jasper,33.347370624999996,-83.75744099999999,0.0,0.0,0.0,0.0,0.0,0.0,16,3
GA,Jeff Davis,31.85748106578947,-82.61184396052631,0.0,0.0,0.0,0.09210526315789473,0.0,0.0,76,21
GA,Jefferson,33.12999895512821,-82.42103235897436,0.0,0.0,0.0,0.05128205128205128,0.0,0.0,78,18
GA,Jenkins,32.823839813953484,-82.00797695348838,0.0,0.0,0.0,0.0,0.0,0.0,43,9
GA,Jones,33.013406490890254,-83.54644079059096,0.0,0.0,0.31746031746031744,0.3968253968253968,0.0,0.0,63,16
GA,Lamar,33.13856173422888,-84.08577989132512,0.0,0.0,0.0,0.0625,0.0,0.0,128,51
GA,Laurens,32.5076553227759,-82.96522428696079,0.1,0.05416666666666667,0.05416666666666667,0.07916666666666666,0.0,0.0,240,123
GA,Lee,31.68015937829379,-84.17402682249752,0.0,0.19130434782608696,0.3130434782608696,0.13043478260869565,0.0,0.0,115,41
GA,Liberty,31.771928488565347,-81.44996878973787,0.03278688524590164,0.01639344262295082,0.01639344262295082,0.02459016393442623,0.0,0.0,244,126
GA,Lincoln,33.9184425,-82.57829625000001,0.0,0.0,0.0,0.0,0.0,0.0,8,3
GA,Long,31.768406343589742,-81.76907656410256,0.0,0.0,0.0,0.0,0.0,0.0,65,16
GA,Lowndes,30.809751536333998,-83.28241167778081,0.11320754716981132,0.08086253369272237,0.16442048517520216,0.04851752021563342,0.0,0.0,371,178
GA,Lumpkin,34.48964495652174,-83.94694382608697,0.0,0.0,0.0,0.17391304347826086,0.0,0.0,23,7
GA,Macon,32.32414661538461,-83.98988341025641,0.0,0.0,0.0,0.20512820512820512,0.0,0.0,39,13
GA,Macon-Bibb County,32.835524328456565,-83.67200667564772,0.10266159695817491,0.015209125475285171,0.026615969581749048,0.0,0.0,0.0,263,211
GA,Madison,34.09530498888794,-83.20052091240358,0.0,0.0,0.058823529411764705,0.058823529411764705,0.0,0.0,51,11
GA,Marion,32.24005766744285,-84.49754048500083,0.0,0.0,0.0,0.0,0.0,0.0,9,4
GA,McDuffie,33.50550509799348,-82.48453553870245,0.1485148514851485,0.0,0.06930693069306931,0.0,0.0,0.0,101,66
GA,McIntosh,31.46273159595678,-81.44120415510015,0.08187134502923976,0.04678362573099415,0.0,0.0,0.0,0.0,171,100
GA,Meriwether,33.0601092859976,-84.71719785987757,0.0,0.0,0.03367875647668394,0.0,0.0,0.02072538860103627,386,129
GA,Miller,31.172261,-84.733364,0.0,0.0,1.0,0.0,0.0,0.0,5,2
GA,Mitchell,31.237483674628006,-84.17673682510743,0.0,0.0,0.033783783783783786,0.0,0.0,0.0,148,36
GA,Monroe,33.026032341587424,-83.89949306367406,0.07912457912457913,0.026936026936026935,0.0,0.021885521885521887,0.0,0.0,594,433
GA,Montgomery,32.112959790000005,-82.49089482765956,0.0,0.0,0.0,0.0,0.0,0.0,47,11
GA,Morgan,33.573496673275024,-83.48540552450923,0.07456140350877193,0.013157894736842105,0.013157894736842105,0.06578947368421052,0.0,0.0,228,149
GA,Murray,34.76224545379763,-84.75494064589331,0.0,0.0,0.0,0.0,0.0,0.0,4,2
GA,Muscogee,32.50574603472376,-84.93546103759964,0.11764705882352941,0.024886877828054297,0.14027149321266968,0.013574660633484163,0.0,0.0,442,312
GA,Newton,33.59178467679583,-83.84757194431135,0.10317460317460317,0.021164021164021163,0.03439153439153439,0.023809523809523808,0.0,0.010582010582010581,378,229
GA,Oconee,33.87825404619715,-83.46694088275899,0.0,0.0234375,0.0,0.0,0.0,0.0,128,36
GA,Oglethorpe,33.85896565585586,-83.14318138378378,0.0,0.0,0.0,0.0,0.0,0.0,37,14
GA,Paulding,33.89775212960443,-84.79455411790534,0.0,0.11538461538461539,0.26153846153846155,0.015384615384615385,0.0,0.0,130,47
GA,Peach,32.600843881314454,-83.77055498276756,0.07167235494880546,0.017064846416382253,0.10921501706484642,0.06143344709897611,0.0,0.0,293,173
GA,Pickens,34.43040100607622,-84.43875315219135,0.06097560975609756,0.0,0.07317073170731707,0.35365853658536583,0.0,0.0,82,37
GA,Pierce,31.34766516923077,-82.21212558461538,0.0,0.18461538461538463,0.18461538461538463,0.2153846153846154,0.0,0.0,65,13
GA,Pike,33.10030346116764,-84.36955542879765,0.0,0.0,0.0,0.0,0.0,0.0,163,53
GA,Polk,33.99385003790364,-85.15429216252976,0.0,0.037267080745341616,0.14285714285714285,0.19254658385093168,0.0,0.0,161,50
GA,Pulaski,32.24262985135135,-83.42377336486487,0.0,0.0,0.0,0.24324324324324326,0.0,0.0,37,10
GA,Putnam,33.33083492658132,-83.37480805111153,0.0,0.0,0.010752688172043012,0.17204301075268819,0.0,0.010752688172043012,93,32
GA,Quitman,31.882528205128207,-85.09203546153844,0.0,0.0,0.0,0.0,0.0,0.0,13,4
GA,Rabun,34.9350268,-83.36511479999999,0.0,0.0,0.0,0.0,0.0,0.0,25,5
GA,Randolph,31.791948013809524,-84.80543351333333,0.0,0.0,0.0,0.2857142857142857,0.0,0.0,21,10
GA,Richmond,33.43996237625693,-82.04062333523699,0.014256619144602852,0.12464358452138492,0.2828920570264766,0.006109979633401222,0.0,0.005702647657841141,4910,3051
GA,Rockdale,33.65880242243018,-84.01824712722897,0.13680781758957655,0.013029315960912053,0.06840390879478828,0.0,0.0,0.0,307,234
GA,Schley,32.24792664068634,-84.31005724019809,0.0,0.16666666666666666,0.0,0.0,0.0,0.0,30,12
GA,Screven,32.66906662534984,-81.67314977945699,0.0,0.0,0.0,0.0,0.0,0.0,65,20
GA,Seminole,31.018878571428576,-84.82597071428572,0.0,0.0,0.0,0.5714285714285714,0.0,0.0,7,2
GA,Spalding,33.25855785771373,-84.27550533654542,0.016467065868263474,0.19910179640718562,0.25,0.0074850299401197605,0.0,0.0,668,350
GA,Stephens,34.54177231365854,-83.3051018990244,0.0,0.04878048780487805,0.036585365853658534,0.0,0.0,0.0,82,24
GA,Stewart,32.095763261573886,-84.73148254777945,0.0,0.0,0.04,0.0,0.0,0.0,75,24
GA,Sumter,32.1018595875,-84.20501483749999,0.0,0.125,0.15,0.0,0.0,0.0,40,10
GA,Talbot,32.6542462087766,-84.58295062278368,0.0,0.0,0.0,0.0,0.0,0.0,94,25
GA,Taliaferro,33.524978437704895,-82.9156835026626,0.0,0.0,0.0,0.0,0.0,0.0,62,42
GA,Tattnall,32.063046125,-82.05266966666666,0.0,0.0,0.0,0.0,0.0,0.0,96,24
GA,Taylor,32.56396803763441,-84.19519443010752,0.0,0.12903225806451613,0.053763440860215055,0.27956989247311825,0.0,0.0,93,22
GA,Telfair,31.990729022222226,-82.84509219999998,0.0,0.0,0.0,0.08888888888888889,0.0,0.0,45,11
GA,Terrell,31.785055340229118,-84.47972587744647,0.0,0.0,0.0,0.0,0.0,0.0,76,21
GA,Thomas,30.891135377692308,-83.98738280185897,0.0673076923076923,0.038461538461538464,0.10576923076923077,0.07692307692307693,0.0,0.0,104,28
GA,Tift,31.453068033481568,-83.52135135200686,0.07920792079207921,0.0,0.0,0.0,0.0,0.0,202,100
GA,Toombs,32.181628601851855,-82.3463430308642,0.0,0.10185185185185185,0.10185185185185185,0.0,0.0,0.0,108,29
GA,Towns,34.8888755,-83.81068375,0.0,0.0,0.0,0.0,0.0,0.0,12,4
GA,Treutlen,32.417174588735676,-82.54666355738904,0.0967741935483871,0.0,0.053763440860215055,0.043010752688172046,0.0,0.0,93,54
GA,Troup,33.027013200844095,-84.99850995775581,0.044293015332197615,0.02385008517887564,0.06132879045996593,0.01192504258943782,0.0,0.0,587,396
GA,Turner,31.685843644013893,-83.61368958580402,0.17687074829931973,0.0,0.0,0.027210884353741496,0.0,0.0,147,76
GA,Twiggs,32.664404650688226,-83.43798271920093,0.05063291139240506,0.0,0.0,0.0,0.0,0.0,158,83
GA,Union,34.82896877777778,-83.94311325925926,0.0,0.0,0.0,0.0,0.0,0.0,27,6
GA,Upson,32.90842758103976,-84.30319707492355,0.0,0.13761467889908258,0.07339449541284404,0.10091743119266056,0.0,0.0,109,31
GA,Walker,34.86247406483596,-85.28830015328872,0.0,0.0,0.0,0.0,0.0,0.0,70,18
GA,Walton,33.80482576366553,-83.79073160609654,0.00408997955010225,0.07157464212678936,0.1554192229038855,0.026584867075664622,0.0,0.012269938650306749,489,171
GA,Ware,31.179456841346152,-82.32902489903846,0.0,0.0,0.0673076923076923,0.0,0.0,0.0,104,26
GA,Warren,33.44984176919242,-82.69396419229003,0.07746478873239436,0.0,0.0,0.0,0.0,0.0,142,71
GA,Washington,32.9535676,-82.82002585000001,0.0,0.0,0.0,0.0,0.0,0.0,20,4
GA,Wayne,31.584670137931035,-81.93072237931034,0.0,0.05172413793103448,0.15517241379310345,0.20689655172413793,0.0,0.0,58,13
GA,Webster,32.007909675,-84.5127063125,0.0,0.0,0.0,0.0,0.0,0.0,40,10
GA,Wheeler,32.09874133762127,-82.75487112939159,0.0,0.0,0.0,0.0625,0.0,0.0,80,22
GA,White,34.599888,-83.724232,0.0,0.2,0.3,0.1,0.0,0.0,10,4
GA,Whitfield,34.76395220981302,-84.99155124932979,0.0867579908675799,0.0,0.0,0.0,0.0,0.0,219,146
GA,Wilcox,31.93591847826087,-83.4607425652174,0.0,0.0,0.0,0.0,0.0,0.0,23,5
GA,Wilkes,33.750428390329084,-82.73019898490814,0.0,0.0,0.08695652173913043,0.0,0.0,0.0,46,17
GA,Wilkinson,32.76898028621996,-83.19798320643525,0.0,0.0,0.06666666666666667,0.0,0.0,0.0,75,22
GA,Worth,31.530784103893644,-83.84682327173081,0.0,0.040697674418604654,0.0755813953488372,0.14534883720930233,0.0,0.0,172,43
IA,Adair,41.49374733953198,-94.43921350638256,0.15319148936170213,0.0,0.0,0.0,0.0,0.0,235,157
IA,Adams,40.96881949499644,-94.59755278937284,0.0,0.0,0.0,0.0,0.0,0.0,21,4
IA,Allamakee,43.19302691806285,-91.32936833718063,0.0,0.0,0.0,0.0,0.0,0.0,23,8
IA,Appanoose,40.749111106371096,-92.82886442633635,0.0,0.0,0.0,0.0,0.0,0.0,58,19
IA,Audubon,41.6634746714103,-94.92792884294418,0.0,0.0,0.0,0.0,0.0,0.0,14,3
IA,Benton,42.044211490596425,-91.99717865366513,0.04265402843601896,0.0,0.0,0.03317535545023697,0.0,0.0,211,76
IA,Black Hawk,42.470666925120824,-92.33461203835317,0.13688212927756654,0.022813688212927757,0.07224334600760456,0.0,0.0,0.0,263,123
IA,Boone,42.023551904886006,-93.87111164299954,0.061224489795918366,0.0,0.0,0.08163265306122448,0.0,0.0,196,75
IA,Bremer,42.761397803659676,-92.42809263595244,0.0,0.0,0.0,0.0,0.0,0.0,56,24
IA,Buchanan,42.39649725110686,-91.92136507741182,0.07692307692307693,0.0,0.0,0.0,0.0,0.0,91,48
IA,Buena Vista,42.72094607881797,-95.15805874352645,0.0,0.0,0.0,0.08333333333333333,0.0,0.0,48,20
IA,Butler,42.74463772753361,-92.7713763709413,0.0,0.0,0.0,0.0,0.0,0.0,3,1
IA,Calhoun,42.48520654732895,-94.66460355887003,0.0,0.0,0.0,0.05,0.0,0.0,60,18
IA,Carroll,41.987372622641516,-94.81818501886794,0.0,0.0,0.0,0.0,0.0,0.0,53,15
IA,Cass,41.47806536941236,-94.93926646838833,0.033210332103321034,0.0,0.0,0.0,0.0,0.0,271,181
IA,Cedar,41.675752326017026,-91.16013933208234,0.059800664451827246,0.0,0.0,0.0,0.0,0.0,301,185
IA,Cerro Gordo,43.11373076869821,-93.26804445227286,0.0,0.0,0.08333333333333333,0.0,0.0,0.0,156,58
IA,Cherokee,42.775977385714285,-95.58606738571429,0.0,0.0,0.0,0.05714285714285714,0.0,0.0,35,8
IA,Chickasaw,42.9936485716529,-92.32802225048452,0.0,0.0,0.0,0.0,0.0,0.0,20,8
IA,Clarke,41.052491142334084,-93.75663381004351,0.06818181818181818,0.07954545454545454,0.07954545454545454,0.0,0.0,0.0,88,39
IA,Clay,43.18405900000001,-95.1511,0.0,0.0,0.0,0.0,0.0,0.0,7,1
IA,Clayton,42.9165752152449,-91.33537527246426,0.0,0.10344827586206896,0.0,0.0,0.0,0.10344827586206896,29,7
IA,Clinton,41.8724419786969,-90.49622537582125,0.054455445544554455,0.0,0.04950495049504951,0.08415841584158416,0.0,0.0,202,58
IA,Crawford,42.0117457791711,-95.35457916128291,0.0,0.0,0.0,0.38235294117647056,0.0,0.0,34,10
IA,Dallas,41.59362088082489,-93.95129538944053,0.08818342151675485,0.09171075837742504,0.06878306878306878,0.02821869488536155,0.0,0.0,567,335
IA,Davis,40.746696522001706,-92.46989946568713,0.0,0.0,0.0,0.6415094339622641,0.0,0.0,53,17
IA,Decatur,40.754560592834046,-93.8307680639468,0.0,0.0,0.0,0.0,0.0,0.0,57,20
IA,Delaware,42.44048661651677,-91.29233587629591,0.0,0.0,0.0,0.0,0.0,0.0,55,14
IA,Des Moines,40.85448212086937,-91.21494117953254,0.0547945205479452,0.0,0.0,0.0,0.0,0.0,73,17
IA,Dickinson,43.42419043478261,-95.11833430434783,0.0,0.0,0.0,0.0,0.0,0.0,23,5
IA,Dubuque,42.424738329826525,-90.85686665325895,0.08205128205128205,0.03076923076923077,0.08717948717948718,0.035897435897435895,0.0,0.0,195,61
IA,Emmet,43.39489817598631,-94.50775980904338,0.0,0.0,0.0,0.0,0.0,0.0,9,2
IA,Fayette,42.78453550870252,-91.88696125781416,0.0,0.0,0.08,0.06,0.0,0.0,50,13
IA,Floyd,43.109514201087904,-92.80861327278613,0.0,0.0,0.10666666666666667,0.04,0.0,0.0,75,24
IA,Franklin,42.76486499951621,-93.3849612762183,0.0,0.0,0.0,0.0,0.0,0.0,84,36
IA,Fremont,40.69985829704486,-95.74138759155274,0.023809523809523808,0.0,0.047619047619047616,0.15476190476190477,0.0,0.0,84,43
IA,Greene,42.03499730476191,-94.35685048809523,0.0,0.2857142857142857,0.0,0.0,0.0,0.0,28,12
IA,Grundy,42.4219536400398,-92.77321334610805,0.0,0.0,0.0,0.0,0.0,0.0,49,21
IA,Guthrie,41.620388284114405,-94.48897665317733,0.0,0.0,0.0,0.0,0.0,0.0,14,2
IA,Hamilton,42.391687883071995,-93.61992365184506,0.14339622641509434,0.0,0.0,0.0,0.0,0.022641509433962263,265,187
IA,Hancock,43.104867999999996,-93.643271,0.0,0.0,0.0,0.0,0.0,0.0,10,2
IA,Hardin,42.43855778056459,-93.21705887279,0.0,0.0,0.0,0.0,0.0,0.0,93,42
IA,Harrison,41.652577881395715,-95.99042197966928,0.07216494845360824,0.0,0.0,0.0,0.0,0.0,97,44
IA,Henry,40.9943535421767,-91.55001590740449,0.02830188679245283,0.0,0.0,0.0,0.0,0.0,106,35
IA,Howard,43.293732161852375,-92.29885378207477,0.0,0.0,0.0,0.0,0.0,0.0,9,4
IA,Humboldt,42.788893417369565,-94.16347371999443,0.0,0.0,0.0,0.0,0.0,0.0,9,2
IA,Ida,42.47486633333333,-95.42894999999999,0.0,0.0,0.0,0.0,0.0,0.0,12,2
IA,Iowa,41.69681455227615,-92.06265782713324,0.0,0.0,0.0,0.0,0.0,0.0,179,131
IA,Jackson,42.15058858545565,-90.55792936979124,0.014925373134328358,0.0,0.0,0.208955223880597,0.0,0.0,67,19
IA,Jasper,41.69087092262291,-93.02909081271517,0.08369098712446352,0.0,0.0,0.004291845493562232,0.0,0.0,466,357
IA,Jefferson,41.0086510460078,-91.992827451478,0.0,0.0,0.0,0.11267605633802817,0.0,0.0,71,24
IA,Johnson,41.708638700220284,-91.59970875041384,0.07012750455373407,0.03642987249544627,0.030054644808743168,0.0,0.004553734061930784,0.0,1098,871
IA,Jones,42.12113478953285,-91.20016847533935,0.0641025641025641,0.0,0.0,0.0,0.0,0.0,78,34
IA,Keokuk,41.335210874999994,-92.08303000000001,0.0,0.0,0.0,0.0,0.0,0.0,12,6
IA,Kossuth,43.196357625,-94.194994625,0.0,0.375,0.0,0.0,0.0,0.0,8,2
IA,Lee,40.67521316077171,-91.49368245512149,0.0,0.0,0.0,0.04040404040404041,0.0,0.0,99,30
IA,Linn,41.988117270900865,-91.65275729620207,0.1259500542888165,0.06188925081433225,0.09337676438653637,0.02714440825190011,0.0,0.0,921,548
IA,Louisa,41.292376690859726,-91.3544711842713,0.0,0.08333333333333333,0.0,0.0,0.0,0.0,24,6
IA,Lucas,41.02182658574742,-93.33614187765933,0.0,0.0,0.0,0.0,0.0,0.0,53,15
IA,Lyon,43.34083928571429,-96.14566014285715,0.0,0.0,0.0,0.0,0.0,0.0,14,3
IA,Madison,41.465166148640016,-94.18190041299513,0.0,0.0,0.0,0.0,0.0,0.0,34,14
IA,Mahaska,41.27072334526916,-92.63494907840813,0.0,0.0,0.05128205128205128,0.0641025641025641,0.0,0.0,78,26
IA,Marion,41.335659576312054,-93.06266327691144,0.08333333333333333,0.0,0.0,0.0,0.0,0.0,84,27
IA,Marshall,42.01150751630226,-93.02939372783645,0.03508771929824561,0.03508771929824561,0.02631578947368421,0.0,0.0,0.0,114,42
IA,Mills,41.046452126507276,-95.73384505986837,0.05511811023622047,0.0,0.0,0.08661417322834646,0.0,0.0,127,57
IA,Mitchell,43.32464401587301,-92.81070368253968,0.0,0.0,0.0,0.0,0.0,0.0,21,6
IA,Monona,42.07563547551143,-96.05025693564727,0.0,0.0,0.0,0.08888888888888889,0.0,0.0,90,35
IA,Monroe,41.04296951466137,-92.7553045101235,0.0,0.0,0.0,0.0,0.0,0.0,29,7
IA,Montgomery,41.03019048862094,-95.14524559641967,0.0,0.0,0.0,0.0,0.0,0.0,18,4
IA,Muscatine,41.45283152978879,-91.08101925797908,0.0,0.0,0.08571428571428572,0.08571428571428572,0.0,0.0,70,16
IA,O'Brien,43.169439002457125,-95.74674096321233,0.0,0.0,0.0,0.0,0.0,0.0,24,8
IA,Osceola,43.403586901281464,-95.70773976621496,0.0,0.0,0.0,0.0,0.0,0.0,27,15
IA,Page,40.737645,-95.240177,0.0,0.0,0.0,0.0,0.0,0.0,6,2
IA,Palo Alto,43.100697421612225,-94.75127700738302,0.0,0.0,0.0,0.0,0.0,0.0,17,6
IA,Plymouth,42.71893493613568,-96.21423554236686,0.060240963855421686,0.03614457831325301,0.03614457831325301,0.30120481927710846,0.0,0.0,83,26
IA,Pocahontas,42.787768277371946,-94.74898191073626,0.0,0.0,0.0,0.2857142857142857,0.0,0.0,28,6
IA,Polk,41.63124182414075,-93.63631814972517,0.08074534161490683,0.11693221712125304,0.13826627059141236,0.011072103699702943,0.008641641911963273,0.01674318120442884,3703,2412
IA,Pottawattamie,41.34717380618144,-95.70941167874214,0.12612612612612611,0.04104104104104104,0.07207207207207207,0.013013013013013013,0.001001001001001001,0.005005005005005005,999,650
IA,Poweshiek,41.69652624032955,-92.5705912358316,0.10740740740740741,0.0,0.007407407407407408,0.0,0.0,0.0,270,169
IA,Ringgold,40.711101,-94.232011,0.0,0.0,0.0,0.0,0.0,0.0,3,1
IA,Sac,42.40207787789192,-95.09567170330237,0.0,0.0,0.0,0.21951219512195122,0.0,0.0,41,14
IA,Scott,41.58789188173092,-90.58632735436504,0.13093709884467267,0.019255455712451863,0.06803594351732992,0.021822849807445442,0.0,0.0,779,505
IA,Shelby,41.7214381,-95.39533965000001,0.0,0.25,0.0,0.25,0.0,0.0,20,5
IA,Sioux,43.08972943190276,-96.14700805026257,0.0,0.0,0.0,0.14606741573033707,0.0,0.0,89,22
IA,Story,41.98867877359588,-93.56277161142583,0.06046511627906977,0.0,0.0,0.07674418604651163,0.02558139534883721,0.0,430,318
IA,Tama,42.055249498749426,-92.53928448196177,0.0,0.0,0.0,0.05357142857142857,0.0,0.0,112,30
IA,Taylor,40.69581446710425,-94.80888909640034,0.0,0.0,0.0,0.0,0.0,0.0,6,2
IA,Union,41.05372346619392,-94.30901748178134,0.0,0.0,0.045454545454545456,0.13636363636363635,0.0,0.0,44,12
IA,Van Buren,40.81895633333333,-91.94044766666667,0.0,0.0,0.0,0.0,0.0,0.0,9,3
IA,Wapello,41.03908071127646,-92.419353547083,0.04093567251461988,0.0,0.05263157894736842,0.04093567251461988,0.0,0.0,171,61
IA,Warren,41.39317118686067,-93.67000754109296,0.10614525139664804,0.013966480446927373,0.025139664804469275,0.0,0.0,0.0,358,181
IA,Washington,41.37959473905947,-91.60812576109221,0.040983606557377046,0.0,0.0,0.13934426229508196,0.0,0.0,122,42
IA,Wayne,40.78143962352473,-93.38452946590127,0.0,0.0,0.0,0.08333333333333333,0.0,0.0,36,12
IA,Webster,42.360023604577755,-94.16666027427075,0.0,0.1,0.08333333333333333,0.16666666666666666,0.0,0.0,60,13
IA,Winnebago,43.299109,-93.63685,0.0,0.0,0.0,0.0,0.0,0.0,5,1
IA,Winneshiek,43.221782636363635,-91.87199145454545,0.0,0.0,0.0,0.0,0.0,0.0,11,2
IA,Woodbury,42.42424408481545,-96.29514413385945,0.1984126984126984,0.03968253968253968,0.06349206349206349,0.1626984126984127,0.0,0.0,252,127
IA,Worth,43.3679928052844,-93.34966357024732,0.09230769230769231,0.0,0.0,0.0,0.0,0.0,65,34
IA,Wright,42.7051243545389,-93.61375899601062,0.0,0.16417910447761194,0.0,0.0,0.0,0.0,67,20
ID,Ada,43.61376578983068,-116.32443766868064,0.021611463471928587,0.5330044632370213,0.2567535823349777,0.04275311252055438,0.057552266854592436,0.0204369274136716,4257,3068
ID,Adams,44.89281009329676,-116.3257582019774,0.0,0.0,0.0,0.125,0.0,0.0,48,13
ID,Bannock,42.77530119625274,-112.30293665235709,0.09090909090909091,0.0,0.07142857142857142,0.07142857142857142,0.0,0.0,154,87
ID,Bear Lake,42.19948400000002,-111.175493,0.0,0.0,0.0,0.0,0.0,0.0,7,1
ID,Benewah,47.19783361551,-116.9458153273409,0.0,0.0,0.0,0.0,0.0,0.0,12,4
ID,Bingham,43.23924288376336,-112.35102323704088,0.10596026490066225,0.019867549668874173,0.0,0.0,0.0,0.0,151,73
ID,Blaine,43.2585412,-114.14212213333333,0.0,0.0,0.0,0.0,0.0,0.0,15,3
ID,Boise,43.98519733052108,-116.12435969118127,0.0,0.0,0.0,0.0,0.0,0.0,52,14
ID,Bonner,48.171888861425,-116.66696235841725,0.0,0.11904761904761904,0.0,0.0,0.0,0.0,42,16
ID,Bonneville,43.49099395838042,-111.83945811676405,0.11333333333333333,0.1,0.08666666666666667,0.0,0.0,0.02666666666666667,150,69
ID,Boundary,48.814855,-116.330672,0.0,0.0,0.0,0.0,0.0,0.0,3,1
ID,Butte,43.6460629605766,-113.12689439684728,0.0,0.0,0.0,0.175,0.0,0.0,40,11
ID,Camas,43.33268523195585,-114.97860789244184,0.0,0.0,0.0,0.0,0.0,0.0,5,2
ID,Canyon,43.63349163299417,-116.61145018491025,0.07751937984496124,0.03229974160206718,0.08914728682170543,0.01808785529715762,0.0,0.0,774,573
ID,Caribou,42.649408578669295,-111.88732981628472,0.0,0.0,0.0,0.0,0.0,0.0,4,1
ID,Cassia,42.43770730033685,-113.35334734967496,0.02702702702702703,0.0,0.0,0.009009009009009009,0.0,0.0,111,59
ID,Clark,44.45963620550875,-112.23727235389337,0.12,0.0,0.0,0.0,0.0,0.0,50,41
ID,Clearwater,46.462790634509794,-116.28017629132569,0.0,0.0,0.0,0.0,0.0,0.0,6,2
ID,Custer,43.99354018497635,-113.71092408350694,0.0,0.0,0.0,0.0,0.0,0.0,7,2
ID,Elmore,43.05385122681746,-115.48120910990775,0.15350877192982457,0.0,0.0,0.0,0.0,0.0,228,175
ID,Fremont,44.310413919340746,-111.45314561423322,0.0,0.06666666666666667,0.0,0.0,0.0,0.0,75,30
ID,Gem,43.85562933333333,-116.50759083333334,0.0,0.0,0.0,0.0,0.0,0.0,8,4
ID,Gooding,42.88396800190616,-114.89581038038598,0.25,0.0,0.0,0.0,0.0,0.0,56,31
ID,Idaho,45.86320736477278,-115.97280182704345,0.0,0.0,0.0,0.0,0.0,0.0,44,12
ID,Jefferson,43.750990331614446,-112.04615169819724,0.0,0.0,0.0,0.0,0.0,0.0,21,10
ID,Jerome,42.63118135763067,-114.33624874761038,0.07920792079207921,0.0,0.054455445544554455,0.024752475247524754,0.0,0.0,202,149
ID,Kootenai,47.66776370040408,-116.77759946578306,0.06437768240343347,0.10300429184549356,0.13304721030042918,0.06437768240343347,0.0,0.0,233,101
ID,Latah,46.75398662903226,-116.89774179032257,0.0,0.0,0.0,0.0,0.0,0.0,31,9
ID,Lemhi,45.068624,-113.910366,0.0,0.0,0.0,0.0,0.0,0.0,7,1
ID,Lewis,46.25214611480273,-116.39446956847624,0.0,0.0,0.0,0.0,0.0,0.0,23,8
ID,Lincoln,42.962697252212976,-114.31916701163804,0.0,0.4782608695652174,0.0,0.0,0.0,0.0,23,8
ID,Madison,43.841214314638265,-111.73391683071618,0.4186046511627907,0.0,0.0,0.0,0.0,0.0,43,17
ID,Minidoka,42.570655184828716,-113.7953292971038,0.16666666666666666,0.0,0.0,0.0,0.0,0.0,24,17
ID,Nez Perce,46.45635212478166,-116.73295387466892,0.0,0.0,0.0,0.0,0.0,0.0,44,13
ID,Oneida,42.20811423554147,-112.48260415179222,0.20754716981132076,0.0,0.0,0.0,0.0,0.0,53,30
ID,Owyhee,43.20742910588596,-116.63213851739346,0.0,0.0,0.0,0.0,0.0,0.0,48,17
ID,Payette,43.920348269263975,-116.85077142780284,0.02857142857142857,0.0,0.04285714285714286,0.0,0.0,0.0,140,74
ID,Power,42.734122630233216,-112.90733596193502,0.25,0.0,0.0,0.0,0.0,0.0,20,12
ID,Shoshone,47.48462880119853,-115.88555075994768,0.25396825396825395,0.0,0.0,0.0,0.0,0.0,126,79
ID,Teton,43.693879351095724,-111.12580142394553,0.0,0.0,0.0,0.0,0.0,0.0,19,4
ID,Twin Falls,42.466543473748494,-114.5630324208315,0.0,0.11214953271028037,0.18691588785046728,0.056074766355140186,0.0,0.0,107,38
ID,Valley,44.57249325402019,-116.0641093703817,0.0,0.0,0.0,0.0,0.0,0.0,34,18
ID,Washington,44.3907416817852,-116.79340525411332,0.0,0.10606060606060606,0.0,0.0,0.0,0.0,66,26
IL,Adams,39.894859833333335,-91.35895530555557,0.0,0.0,0.0,0.0,0.0,0.0,24,9
IL,Alexander,37.183419571428566,-89.31998042857141,0.0,0.0,0.0,0.0,0.0,0.0,7,2
IL,Bond,38.86418774965033,-89.41850277172729,0.0,0.0,0.0,0.0,0.0,0.0,89,45
IL,Boone,42.23878869172635,-88.82837512148663,0.05555555555555555,0.0,0.0,0.013888888888888888,0.0,0.0,144,89
IL,Bureau,41.37097166597938,-89.39047215945017,0.0,0.0,0.0,0.0,0.0,0.0,97,49
IL,Carroll,42.10406184,-90.15772462,0.0,0.0,0.0,0.0,0.0,0.0,4,1
IL,Champaign,40.13135715796656,-88.2450806996079,0.05360824742268041,0.0,0.0,0.0,0.0,0.0,485,329
IL,Christian,39.58857,-89.415253,0.0,0.0,0.0,0.0,0.0,0.0,5,1
IL,Clark,39.38338531395349,-87.7667232364341,0.046511627906976744,0.0,0.0,0.0,0.0,0.0,86,52
IL,Clay,38.914124,-88.68985,0.0,0.0,0.0,0.0,0.0,0.0,7,1
IL,Clinton,38.521703333808816,-89.63656699221086,0.0,0.0,0.0,0.0,0.0,0.0,60,21
IL,Coles,39.50698707245025,-88.3342857409826,0.0,0.0,0.0,0.0,0.0,0.0,67,32
IL,Cook,41.85293548634476,-87.77423354903111,0.08538182362405058,0.23010438882029408,0.22987989673364015,0.019605642234444567,0.1300931642159614,0.0385378082089273,26727,20142
IL,Cumberland,39.280164894366195,-88.24047800704226,0.0,0.0,0.0,0.0,0.0,0.0,71,33
IL,De Witt,40.25116797222222,-88.62814793518518,0.0,0.0,0.0,0.2222222222222222,0.0,0.0,27,14
IL,DeKalb,41.90674593396227,-88.71791778207546,0.0,0.0,0.09433962264150944,0.0,0.0,0.0,53,33
IL,Dekalb,41.85417027008054,-88.73476122962758,0.0,0.0,0.0,0.0,0.0,0.0,48,25
IL,Douglas,39.76072187150763,-88.27462615901479,0.0,0.0,0.0,0.0,0.0,0.0,71,52
IL,DuPage,41.867520614978616,-88.04473114710578,0.022545938104448743,0.28239845261121854,0.33299081237911027,0.10197050290135397,0.0438225338491296,0.011907640232108318,16544,9231
IL,Dupage,41.876381875,-88.08612842045454,0.0,0.6590909090909091,0.6818181818181818,0.045454545454545456,0.125,0.0,88,60
IL,Effingham,39.08134553030227,-88.57670696716048,0.004761904761904762,0.0,0.0,0.0,0.0,0.0,210,120
IL,Fayette,38.936304760714286,-88.93491113389688,0.0,0.0,0.0,0.0,0.0,0.0,104,62
IL,Ford,40.51246323529411,-88.12428279411763,0.0,0.0,0.0,0.0,0.0,0.0,34,15
IL,Franklin,37.96289535383843,-88.93611848599107,0.021739130434782608,0.0,0.0,0.0,0.0,0.0,138,97
IL,Fulton,40.582569,-90.378067,0.0,0.0,0.0,0.0,0.0,0.0,3,1
IL,Greene,39.244919700000004,-90.33599910000001,0.0,0.0,0.0,0.0,0.0,0.0,10,2
IL,Grundy,41.34247221142743,-88.37017404391919,0.0438871473354232,0.0,0.0,0.0,0.0,0.0,319,227
IL,Hamilton,38.081712499999995,-88.61844250000001,0.0,0.0,0.0,0.0,0.0,0.0,10,2
IL,Hardin,37.46892558441133,-88.22487852989643,0.0,0.0,0.0,0.0,0.0,0.0,16,3
IL,Henry,41.380491696132694,-90.28237395694934,0.09036144578313253,0.0,0.0,0.0,0.0,0.0,166,80
IL,Iroquois,40.79812134451631,-87.98911511333196,0.0,0.0,0.0,0.0,0.0,0.0,191,107
IL,Jackson,37.726681,-89.22361,0.0,0.0,0.0,0.0,0.0,0.0,4,1
IL,Jefferson,38.29794255999368,-88.92929733273017,0.019801980198019802,0.0,0.0,0.0,0.0,0.024752475247524754,202,104
IL,Jersey,38.96900877777777,-90.37871000000001,0.0,0.0,0.0,0.0,0.0,0.4444444444444444,9,2
IL,Jo Daviess,42.45246007142857,-90.5231781607143,0.0,0.0,0.0,0.0,0.0,0.0,28,10
IL,Johnson,37.478131271743415,-88.90506712760724,0.05194805194805195,0.0,0.0,0.0,0.0,0.0,77,47
IL,Kane,41.99682928031473,-88.34284645050339,0.04513217279174726,0.11283043197936815,0.2501611863313991,0.02256608639587363,0.03159252095422308,0.010315925209542231,1551,814
IL,Kankakee,41.16074814041619,-87.83875915567376,0.13087248322147652,0.006711409395973154,0.026845637583892617,0.020134228187919462,0.0,0.0,298,166
IL,Kendall,41.60083817647059,-88.32220701960783,0.0,0.0784313725490196,0.29411764705882354,0.0784313725490196,0.0,0.0,51,14
IL,Knox,40.963067961930925,-90.26148433647305,0.13186813186813187,0.0,0.0,0.0,0.0,0.0,91,40
IL,La Salle,41.35118133153628,-88.9485385104569,0.03389830508474576,0.0,0.0,0.0,0.0,0.0,118,55
IL,LaSalle,41.342650242956914,-88.97947241645822,0.04859335038363171,0.0,0.010230179028132993,0.0,0.0,0.0,391,233
IL,Lake,42.297293022024846,-87.98602404658716,0.01586085357443874,0.20780016856945827,0.38679028426940465,0.04206574208872883,0.015018006283043445,0.00850509539498889,13051,8349
IL,Lee,41.808339644297256,-89.33790947669695,0.0,0.0,0.04201680672268908,0.0,0.0,0.0,119,59
IL,Livingston,40.95975208693475,-88.56791493463112,0.0,0.0379746835443038,0.0,0.0379746835443038,0.0,0.0,158,82
IL,Logan,40.14969116112059,-89.40367384145172,0.0,0.0,0.013422818791946308,0.0,0.0,0.0,149,106
IL,Macon,39.89636973939394,-88.96699893080807,0.0,0.0,0.11818181818181818,0.0,0.0,0.0,110,38
IL,Macoupin,39.069937180615945,-89.75166756159422,0.15217391304347827,0.0,0.0,0.0,0.0,0.0,46,29
IL,Madison,38.7653109258541,-89.97875375953939,0.10427010923535253,0.009930486593843098,0.029791459781529295,0.0,0.0,0.0,1007,626
IL,Marion,38.658852473112184,-88.93610776654283,0.036036036036036036,0.0,0.0,0.0,0.0,0.0,111,63
IL,Marshall,41.04991458333333,-89.11877898888889,0.1388888888888889,0.0,0.0,0.0,0.0,0.0,36,15
IL,Mason,40.297401,-89.941772,0.0,0.0,0.0,0.0,0.0,0.0,5,1
IL,Massac,37.22198781034483,-88.71083776472702,0.0,0.0,0.0,0.0,0.0,0.0,58,34
IL,McDonough,40.457649,-90.674797,0.0,0.0,0.0,0.0,0.0,0.0,2,1
IL,McHenry,42.25716077823602,-88.39395475666385,0.0,0.09603340292275574,0.24843423799582465,0.10855949895615867,0.0041753653444676405,0.012526096033402923,479,170
IL,McLean,40.50726209897826,-88.95758681374464,0.050761421319796954,0.030456852791878174,0.030456852791878174,0.0,0.0,0.0,394,229
IL,Mchenry,42.32518,-88.17926,0.0,0.0,0.0,1.0,0.0,0.0,6,3
IL,Menard,39.964086,-89.843305,0.0,0.0,0.0,0.0,0.0,0.0,12,2
IL,Monroe,38.44370705679488,-90.21238600852566,0.0,0.0,0.0,0.0,0.0,0.0,52,23
IL,Montgomery,39.28054920510161,-89.64659003425625,0.0,0.0,0.0,0.0,0.0,0.0,144,89
IL,Morgan,39.69980143981482,-90.19509906944444,0.0,0.0,0.0,0.0,0.0,0.0,54,25
IL,Ogle,41.97348144606037,-89.06222427862177,0.0,0.0,0.0,0.0,0.0,0.0,169,82
IL,Peoria,40.73311183521186,-89.69425388866426,0.03184713375796178,0.03184713375796178,0.03184713375796178,0.012738853503184714,0.0,0.012738853503184714,314,174
IL,Piatt,40.13701982717283,-88.52659405094904,0.0,0.07792207792207792,0.0,0.0,0.0,0.0,77,36
IL,Pike,39.6969837383821,-90.9648406605852,0.0,0.0,0.0,0.0,0.0,0.0,83,31
IL,Pulaski,37.187754789473686,-89.166364,0.0,0.0,0.0,0.0,0.0,0.0,19,5
IL,Randolph,38.1057795,-89.76267575,0.0,0.0,0.0,0.0,0.0,0.0,20,4
IL,Rock Island,41.51632111023973,-90.41043374724559,0.2191780821917808,0.0,0.02054794520547945,0.0,0.0,0.0,146,66
IL,Saline,37.71568133333333,-88.59667999999999,0.0,0.0,0.0,0.0,0.0,0.0,9,2
IL,Sangamon,39.785106622975995,-89.61652156261998,0.03497942386831276,0.02880658436213992,0.03292181069958848,0.03497942386831276,0.0102880658436214,0.0,486,316
IL,Scott,39.683345442857146,-90.51060617142858,0.0,0.0,0.0,0.0,0.0,0.0,35,17
IL,Shelby,39.335661,-88.542412,0.0,0.0,0.0,0.0,0.0,0.0,14,2
IL,St Clair,38.579722732905225,-90.03603151095082,0.1056701030927835,0.0,0.059278350515463915,0.0,0.015463917525773196,0.01288659793814433,388,228
IL,St. Clair,38.59473737231866,-90.06565481702151,0.06322580645161291,0.00903225806451613,0.024516129032258065,0.0,0.02193548387096774,0.0,775,553
IL,Stephenson,42.286657500000004,-89.5245029,0.0,0.0,0.0,0.0,0.0,0.0,20,5
IL,Tazewell,40.60690196414186,-89.53238979028657,0.0,0.06024844720496894,0.07018633540372671,0.02608695652173913,0.002484472049689441,0.0068322981366459624,1610,695
IL,Union,37.43418217073171,-89.13198451219513,0.0,0.0,0.0,0.0,0.0,0.0,41,15
IL,Vermilion,40.144276117183544,-87.72607099140862,0.125,0.0,0.0,0.0,0.0,0.0,128,78
IL,Wabash,38.454794,-87.7668,0.0,0.0,0.0,0.0,0.0,0.0,8,2
IL,Washington,38.41230653930845,-89.36062795388315,0.0,0.0,0.0,0.0,0.0,0.0,95,57
IL,Wayne,38.26636604878049,-88.46646532926829,0.0,0.0,0.0,0.0,0.0,0.0,41,18
IL,White,38.12653310697461,-88.1263553854522,0.0,0.0,0.0,0.0,0.0,0.0,25,12
IL,Whiteside,41.73866747407408,-89.86760815599744,0.0,0.0,0.0,0.0,0.0,0.0,83,42
IL,Will,41.55251613816736,-88.04910016887527,0.04700973574408901,0.04645340751043116,0.11877607788595271,0.03588317107093185,0.009179415855354658,0.0016689847009735744,3595,2620
IL,Williamson,37.68514450574713,-88.96174382959771,0.19827586206896552,0.0,0.06896551724137931,0.0,0.0,0.0,116,57
IL,Winnebago,42.29706897953412,-89.01734077030765,0.08842105263157894,0.04421052631578947,0.18105263157894738,0.016842105263157894,0.0,0.008421052631578947,475,232
IL,Woodford,40.706281173963134,-89.21614198156682,0.0,0.0,0.0,0.0,0.0,0.0,62,27
IN,Adams,40.7898542,-84.92179076666666,0.0,0.0,0.1,0.0,0.0,0.0,30,10
IN,Allen,41.108519738768315,-85.09406409729506,0.07588357588357589,0.07172557172557173,0.13825363825363826,0.018711018711018712,0.0,0.0010395010395010396,962,463
IN,Bartholomew,39.19999308425444,-85.94214649426443,0.09401709401709402,0.0,0.017094017094017096,0.02849002849002849,0.0,0.0,351,231
IN,Benton,40.6172728100765,-87.38799636628904,0.0,0.0,0.0,0.0,0.0,0.0,31,10
IN,Blackford,40.551678,-85.371105,0.0,0.0,0.0,0.0,0.0,0.0,4,1
IN,Boone,40.01567822618342,-86.4225833924872,0.051056338028169015,0.013204225352112676,0.03169014084507042,0.007922535211267605,0.0,0.0044014084507042256,1136,753
IN,Carroll,40.51874665640222,-86.52892063546095,0.0,0.0,0.0,0.0,0.0,0.0,22,7
IN,Cass,40.783786394935156,-86.36384953579068,0.0,0.0,0.0,0.0,0.0,0.0,33,9
IN,Clark,38.37610442385183,-85.74983436036577,0.08447937131630648,0.021611001964636542,0.05893909626719057,0.015717092337917484,0.0,0.0,1018,707
IN,Clay,39.472097014526305,-87.12974962748338,0.0,0.0111731843575419,0.0223463687150838,0.0,0.0,0.0446927374301676,179,118
IN,Clinton,40.29746720171818,-86.57672305482902,0.058394160583941604,0.0,0.0,0.051094890510948905,0.0,0.0,137,68
IN,Crawford,38.25712774223702,-86.44810570477233,0.0,0.0,0.0,0.0,0.0,0.0,48,20
IN,Daviess,38.6921875803166,-87.12008128447611,0.024390243902439025,0.0,0.16260162601626016,0.0,0.0,0.0,123,41
IN,DeKalb,41.34762695834856,-85.08059678016897,0.0,0.0,0.0,0.0,0.0,0.0,58,16
IN,Dearborn,39.16988902013225,-84.92732823015433,0.03225806451612903,0.0,0.07331378299120235,0.0,0.0,0.0,341,134
IN,Decatur,39.362456717545406,-85.4433040968912,0.06349206349206349,0.0,0.0,0.0,0.0,0.0,63,25
IN,Delaware,40.22544295350237,-85.44154545810413,0.043835616438356165,0.04657534246575343,0.11506849315068493,0.0,0.0,0.0,365,183
IN,Dubois,38.327566897698496,-86.92703229374685,0.0,0.0,0.06,0.0,0.0,0.0,100,33
IN,Elkhart,41.640978090097576,-85.870381308355,0.01090909090909091,0.10181818181818182,0.1781818181818182,0.08727272727272728,0.0,0.0,275,100
IN,Fayette,39.62697133333334,-85.1420066140351,0.0,0.2631578947368421,0.0,0.0,0.0,0.0,19,4
IN,Floyd,38.30785371112024,-85.8569801848576,0.09730848861283643,0.008281573498964804,0.0,0.0,0.0,0.0,483,384
IN,Fountain,40.1515114251194,-87.24126854962603,0.0641025641025641,0.0,0.0,0.0,0.0,0.0,78,24
IN,Franklin,39.371659260871205,-85.0047251414473,0.0,0.1282051282051282,0.10256410256410256,0.0,0.0,0.0,39,12
IN,Fulton,41.07309125657142,-86.22469901485715,0.17142857142857143,0.0,0.0,0.0,0.0,0.0,35,13
IN,Gibson,38.291762063939395,-87.52301437480116,0.04424778761061947,0.02654867256637168,0.07964601769911504,0.0,0.0,0.0,226,71
IN,Grant,40.49746369944033,-85.61299392357323,0.0,0.0,0.10240963855421686,0.0,0.0,0.0,166,64
IN,Greene,39.0098208123428,-86.8867010440349,0.0,0.0,0.05309734513274336,0.0,0.0,0.0,113,43
IN,Hamilton,39.99234828324645,-86.05284764680984,0.06996381182147166,0.14837153196622438,0.09288299155609167,0.014475271411338963,0.0,0.0,829,517
IN,Hancock,39.817699713863774,-85.80312402339823,0.020338983050847456,0.02711864406779661,0.05254237288135593,0.0,0.0,0.0,590,423
IN,Harrison,38.2695387942998,-86.04522577107316,0.0875,0.0,0.0,0.0,0.0,0.0,80,51
IN,Hendricks,39.72832047365261,-86.4018152553133,0.022556390977443608,0.04887218045112782,0.10902255639097744,0.011278195488721804,0.0,0.0,532,319
IN,Henry,39.86829209270024,-85.4524290003422,0.04153354632587859,0.012779552715654952,0.0,0.0,0.0,0.0,313,208
IN,Howard,40.47005535141762,-86.12607893723181,0.0,0.09195402298850575,0.13218390804597702,0.05747126436781609,0.0,0.0,174,43
IN,Huntington,40.82714463998127,-85.44923718613197,0.027777777777777776,0.0,0.0,0.0,0.0,0.0,144,43
IN,Jackson,38.88980756871664,-85.86451522398647,0.17,0.0,0.0,0.0,0.0,0.0,200,123
IN,Jasper,40.96404379487601,-87.2069990849934,0.03805496828752643,0.0,0.0,0.008456659619450317,0.0,0.0,473,352
IN,Jay,40.48792353571429,-85.05513882142857,0.0,0.0,0.0,0.0,0.0,0.0,42,12
IN,Jefferson,38.78233671031735,-85.44777603397442,0.0,0.0,0.0,0.0,0.0,0.0,60,18
IN,Jennings,38.98649252268616,-85.67425454782328,0.0,0.08771929824561403,0.0,0.0,0.0,0.0,57,18
IN,Johnson,39.54585752133202,-86.06361475919711,0.019444444444444445,0.0,0.09444444444444444,0.0,0.0,0.0,360,275
IN,Knox,38.60956118871212,-87.48137526050193,0.08433734939759036,0.0,0.0,0.0,0.0,0.0,83,27
IN,Kosciusko,41.241051233093266,-85.88094142466217,0.0,0.0,0.047619047619047616,0.0,0.0,0.0,84,24
IN,LaGrange,41.72861854492187,-85.45658400901442,0.0625,0.0,0.0,0.0,0.0,0.0,64,46
IN,LaPorte,41.62135683024402,-86.79095518950174,0.09819121447028424,0.0103359173126615,0.10077519379844961,0.06201550387596899,0.0,0.0,387,188
IN,Lagrange,41.69725365372267,-85.50079113378035,0.14285714285714285,0.0,0.07142857142857142,0.0,0.0,0.0,56,19
IN,Lake,41.5428659013894,-87.37933140199267,0.1089076723016905,0.010728218465539662,0.021456436931079324,0.0,0.0039011703511053317,0.0,3076,2642
IN,Laporte,41.62830348859226,-86.79993678863372,0.11724137931034483,0.0,0.07586206896551724,0.027586206896551724,0.0,0.0,145,73
IN,Lawrence,38.82088293670189,-86.56984111649982,0.0,0.0,0.0,0.0,0.0,0.0,66,27
IN,Madison,40.07421667960178,-85.7389373160296,0.022690437601296597,0.004862236628849271,0.11345218800648298,0.0,0.0,0.009724473257698542,617,317
IN,Marion,39.785581055431436,-86.14297812573179,0.09526150216279984,0.09752261108926465,0.12200157294534016,0.010420762878489972,0.007864726700747149,0.004227290601651593,10172,8262
IN,Marshall,41.343382855554076,-86.25802057122453,0.0,0.1111111111111111,0.08024691358024691,0.0,0.0,0.0,162,43
IN,Martin,38.67446677702703,-86.84543077702703,0.0,0.0,0.0,0.0,0.0,0.0,74,26
IN,Miami,40.78676656212497,-86.11371195690727,0.2,0.0,0.1,0.1,0.0,0.0,30,11
IN,Monroe,39.163682091744796,-86.54964158372118,0.022435897435897436,0.1987179487179487,0.16987179487179488,0.022435897435897436,0.0,0.01282051282051282,312,100
IN,Montgomery,40.0421880377512,-86.9014135728178,0.07920792079207921,0.066006600660066,0.10561056105610561,0.0,0.0,0.0,303,129
IN,Morgan,39.55198487174134,-86.47090839432617,0.06333333333333334,0.0,0.06333333333333334,0.016666666666666666,0.0,0.0,300,140
IN,Newton,41.0493971618593,-87.37967620360696,0.0,0.056962025316455694,0.14556962025316456,0.11392405063291139,0.0,0.0,158,63
IN,Noble,41.40040065136145,-85.40998242614472,0.0,0.0,0.30578512396694213,0.03305785123966942,0.0,0.03305785123966942,121,37
IN,Ohio,38.9814557368421,-84.89595484210525,0.0,0.0,0.0,0.0,0.0,0.0,19,5
IN,Orange,38.48693466938746,-86.50565171533732,0.0,0.0,0.0,0.0,0.0,0.0,15,6
IN,Owen,39.298275333333336,-86.78290591666666,0.0,0.0,0.1111111111111111,0.0,0.0,0.0,36,13
IN,Parke,39.76432236975614,-87.2436088636165,0.0,0.0,0.0,0.09230769230769231,0.0,0.0,65,21
IN,Perry,38.16297946284766,-86.68686057794145,0.0,0.0,0.0,0.0,0.0,0.0,63,23
IN,Pike,38.46067414198111,-87.254062237141,0.0,0.0,0.0,0.0,0.0,0.0,52,18
IN,Porter,41.5658152892888,-87.09008263627737,0.04264099037138927,0.06327372764786796,0.1375515818431912,0.023383768913342505,0.0,0.0,727,410
IN,Posey,38.122454753432706,-87.8702179987982,0.0,0.0,0.0,0.0,0.0,0.0,45,16
IN,Pulaski,41.039073534138154,-86.64124173366964,0.0,0.0,0.0,0.0,0.0,0.0,43,11
IN,Putnam,39.5764422503433,-86.82277376777364,0.02280130293159609,0.0,0.03257328990228013,0.0,0.0,0.0,307,181
IN,Randolph,40.141595449715474,-84.96688556537102,0.0,0.0,0.0,0.0,0.0,0.0,114,33
IN,Ripley,39.15935212351008,-85.20510092426464,0.14285714285714285,0.0,0.0,0.04201680672268908,0.0,0.0,119,35
IN,Rush,39.573656846348534,-85.4896393123549,0.0,0.0,0.0,0.0,0.0,0.0,76,24
IN,Scott,38.703860922408275,-85.76579377087366,0.027522935779816515,0.0,0.03669724770642202,0.0,0.0,0.0,218,127
IN,Shelby,39.54353386221567,-85.82198428479964,0.12598425196850394,0.0,0.0,0.0,0.0,0.0,254,139
IN,Spencer,38.00914646949741,-86.99428263465333,0.0,0.0,0.01910828025477707,0.0,0.0,0.0,314,116
IN,St Joseph,41.67221406184879,-86.28448889735111,0.06698564593301436,0.05263157894736842,0.09090909090909091,0.11961722488038277,0.0,0.0,209,57
IN,St. Joseph,41.691954420459574,-86.24379812096596,0.009216589861751152,0.2119815668202765,0.33640552995391704,0.013824884792626729,0.0,0.03225806451612903,217,62
IN,Starke,41.36189917096901,-86.59115915905363,0.0,0.0,0.0,0.14285714285714285,0.0,0.0,77,26
IN,Steuben,41.68237284158754,-85.00194588564293,0.05154639175257732,0.0,0.0,0.0,0.0,0.0,97,48
IN,Sullivan,39.1032996135363,-87.39449558411346,0.0,0.0,0.08108108108108109,0.0,0.0,0.0,74,27
IN,Tippecanoe,40.42994286167045,-86.8226367084511,0.04964539007092199,0.0,0.028368794326241134,0.0,0.0,0.0,282,189
IN,Tipton,40.28249690909091,-85.97263943939394,0.0,0.18181818181818182,0.0,0.0,0.0,0.0,33,10
IN,Union,39.66182150000001,-84.9273905,0.0,0.0,0.0,0.0,0.0,0.0,7,2
IN,Vanderburgh,38.02276513443973,-87.55340067280227,0.10606060606060606,0.08181818181818182,0.31212121212121213,0.01818181818181818,0.0,0.0,330,133
IN,Vermillion,39.88092742742574,-87.46345143003657,0.0,0.0,0.23684210526315788,0.0,0.0,0.0,76,31
IN,Vigo,39.433222203508066,-87.38197229517543,0.06986899563318777,0.0,0.034934497816593885,0.0,0.0,0.0,229,135
IN,Wabash,40.89558392906503,-85.845383972028,0.0,0.0,0.1,0.0,0.0,0.0,80,21
IN,Warrick,38.097773217284676,-87.30117889744587,0.0,0.0,0.0916030534351145,0.0,0.0,0.0,131,38
IN,Washington,38.74593400000001,-85.93422300000002,0.0,0.0,0.0,0.0,0.0,0.0,3,1
IN,Wayne,39.86355371145573,-84.98548155219935,0.10059171597633136,0.03254437869822485,0.0,0.0,0.0,0.0,338,194
IN,Wells,40.67083336,-85.1579302,0.0,0.0,0.0,0.0,0.0,0.0,25,6
IN,White,40.65971208718028,-87.00065283769119,0.07272727272727272,0.0,0.0,0.0,0.0,0.0,165,107
IN,Whitley,41.14035767928912,-85.43749679564314,0.0,0.0,0.1111111111111111,0.0,0.0,0.0,72,24
KS,Anderson,38.280907,-95.21943933333334,0.0,0.0,0.0,0.75,0.0,0.0,8,3
KS,Barber,37.32816856,-98.61049512,0.0,0.0,0.0,0.0,0.0,0.0,25,6
KS,Bourbon,37.690316333333335,-94.73248783333332,0.0,0.0,0.0,0.0,0.0,0.0,18,4
KS,Brown,39.696382,-95.730241,0.0,0.0,0.0,0.0,0.0,0.0,4,1
KS,Butler,37.909791366666674,-96.80399723333333,0.0,0.0,0.0,0.0,0.0,0.0,10,5
KS,Chautauqua,37.11867566666667,-96.2203955,0.0,0.0,0.0,0.0,0.0,0.0,12,2
KS,Cherokee,37.15325898989958,-94.69551255269072,0.0,0.0,0.0,0.0,0.0,0.0,52,11
KS,Cheyenne,39.776249,-101.80143,0.0,0.0,0.0,0.0,0.0,0.0,2,1
KS,Clark,37.387357580227125,-99.99773231984624,0.0,0.0,0.0,0.0,0.0,0.0,21,5
KS,Coffey,38.302259083517164,-95.74635503136557,0.3076923076923077,0.0,0.0,0.0,0.0,0.0,13,5
KS,Cowley,37.2446758125,-96.9567878125,0.0,0.0,0.0,0.0,0.0,0.0,16,4
KS,Crawford,37.45034816176471,-94.77910985294118,0.0,0.058823529411764705,0.23529411764705882,0.0,0.0,0.058823529411764705,34,10
KS,Dickinson,38.81323,-97.223612,0.0,0.0,0.0,0.0,0.0,0.0,6,1
KS,Doniphan,39.748964,-94.860595,0.0,0.0,0.0,0.0,0.0,0.0,5,1
KS,Douglas,38.93763491138228,-95.22299566934362,0.22641509433962265,0.0,0.0,0.0,0.0,0.0,53,28
KS,Elk,37.49529575,-96.26722600000001,0.0,0.0,0.0,0.0,0.0,0.0,8,2
KS,Ellis,38.88182800000001,-99.280617,0.0,0.0,0.0,0.0,0.0,0.0,3,2
KS,Ellsworth,38.848947,-98.34009157142857,0.0,0.0,0.0,0.0,0.0,0.0,14,4
KS,Finney,37.93634701804795,-100.72813810442511,0.0,0.0,0.16666666666666666,0.0,0.0,0.0,30,5
KS,Ford,37.73271345597599,-99.75090162743147,0.0,0.0,0.0,0.0,0.0,0.0,76,24
KS,Franklin,38.61980087242915,-95.20801022292113,0.0,0.0,0.0,0.0,0.0,0.0,37,13
KS,Geary,39.04349538627316,-96.75397860731563,0.15625,0.0,0.0,0.25,0.0,0.0,32,12
KS,Graham,39.35474,-100.162468,0.0,0.0,0.0,0.0,0.0,0.0,5,1
KS,Gray,37.714543219351306,-100.47135047197263,0.0,0.0,0.0,0.0,0.0,0.0,16,4
KS,Greenwood,37.6350041818666,-96.20248287864278,0.0,0.0,0.0,0.0,0.0,0.0,16,4
KS,Hamilton,38.047777,-102.043114,0.0,0.0,0.0,0.0,0.0,0.0,3,1
KS,Harvey,37.999115188152565,-97.30290031202075,0.0,0.0,0.0,0.0,0.0,0.0,15,3
KS,Hodgeman,38.09609804221271,-99.90996308015443,0.0,0.0,0.0,0.8260869565217391,0.0,0.0,23,7
KS,Jewell,39.79852080326176,-97.95185923529648,0.0,0.0,0.0,0.0,0.0,0.0,5,2
KS,Johnson,38.94138933237834,-94.74691514422865,0.1306479113384484,0.027067348678601874,0.04092071611253197,0.0,0.0006393861892583121,0.0008525149190110827,4692,4095
KS,Kingman,37.496688,-97.90110380000002,0.0,0.0,0.0,0.0,0.0,0.0,10,2
KS,Kiowa,37.603725644017054,-99.30245406234934,0.0,0.13793103448275862,0.0,0.10344827586206896,0.0,0.0,29,7
KS,Labette,37.28622217844909,-95.28301519105771,0.0,0.0,0.0,0.0,0.0,0.0,38,7
KS,Leavenworth,39.0828541660493,-94.96631267917961,0.0,0.0,0.0,0.0,0.0,0.0,109,65
KS,Lyon,38.55000880857143,-96.12264019714287,0.0,0.0,0.0,0.0,0.0,0.0,14,5
KS,Marshall,39.75470423679469,-96.64755463554071,0.0,0.0,0.0,0.0,0.0,0.0,5,1
KS,McPherson,38.369971,-97.75743225000001,0.0,0.0,0.0,0.0,0.0,0.0,12,3
KS,Meade,37.242095316,-100.318104986,0.0,0.0,0.0,0.0,0.0,0.0,25,6
KS,Miami,38.66902119733514,-94.80445638885398,0.14893617021276595,0.0,0.031914893617021274,0.05319148936170213,0.0,0.0,94,45
KS,Montgomery,37.29997553780317,-95.5355771339206,0.0,0.0,0.0,0.16666666666666666,0.0,0.0,18,6
KS,Morris,38.870116,-96.593726,0.0,0.0,0.0,0.0,0.0,0.0,3,1
KS,Nemaha,40.00072,-96.049728,0.0,0.0,0.0,0.0,0.0,0.0,3,1
KS,Neosho,37.53813989996884,-95.36933339649119,0.0,0.15151515151515152,0.0,0.2727272727272727,0.0,0.0,33,13
KS,Osage,38.695861666666666,-95.68586733333333,0.0,0.0,0.0,0.0,0.0,0.0,9,2
KS,Pawnee,38.19001513043479,-99.14809686956521,0.0,0.0,0.0,0.13043478260869565,0.0,0.0,23,6
KS,Pottawatomie,39.299048130434784,-96.37054154347825,0.0,0.0,0.0,0.30434782608695654,0.0,0.0,23,9
KS,Pratt,37.599949612209144,-98.73106572093701,0.0,0.19148936170212766,0.19148936170212766,0.0,0.0,0.0,47,11
KS,Reno,38.1303975,-98.19418885714286,0.0,0.0,0.0,0.0,0.0,0.0,14,3
KS,Republic,39.812755,-97.661317,0.0,0.0,0.0,0.0,0.0,0.0,4,1
KS,Rice,38.377001,-97.924536,0.0,0.0,0.0,0.0,0.0,0.0,4,1
KS,Riley,39.240115326722844,-96.63492217844912,0.04838709677419355,0.0,0.0,0.43548387096774194,0.0,0.0,62,22
KS,Rush,38.511424125,-99.30942275,0.0,0.0,0.0,1.0,0.0,0.0,16,3
KS,Saline,38.85911528439656,-97.72455057741733,0.0,0.0,0.0,0.0,0.0,0.0,12,4
KS,Sedgwick,37.691079745655905,-97.32885019042705,0.14084507042253522,0.014084507042253521,0.10123239436619719,0.0,0.0,0.0,1136,823
KS,Seward,37.24254152666666,-100.88697959333334,0.0,0.0,0.0,0.0,0.0,0.0,9,2
KS,Shawnee,39.06864646506073,-95.7445809999672,0.16733067729083664,0.10358565737051793,0.05976095617529881,0.02390438247011952,0.0,0.0,251,109
KS,Sherman,39.32936640909091,-101.97230771212121,0.0,0.0,0.0,0.0,0.0,0.0,22,8
KS,Stanton,37.592238,-101.761815,0.0,0.0,0.0,0.0,0.0,0.0,9,1
KS,Sumner,37.361610006404305,-97.59525050943083,0.0,0.0,0.0,0.0,0.0,0.0,26,7
KS,Thomas,39.25793466666667,-100.92541844444445,0.2222222222222222,0.0,0.0,0.0,0.0,0.0,9,5
KS,Wabaunsee,38.97504321519991,-96.29560608290195,0.0,0.0,0.0,0.25,0.0,0.0,32,8
KS,Washington,39.813506,-97.04972200000002,0.0,0.0,0.0,1.0,0.0,0.0,6,1
KS,Wilson,37.5706254886717,-95.76439205942877,0.0,0.0,0.0,0.07692307692307693,0.0,0.0,52,15
KS,Wyandotte,39.09680369654571,-94.70997555774098,0.0800962530079065,0.01065658301821932,0.03746992093502922,0.0048126503953248535,0.0,0.0,2909,2493
KY,Adair,37.06041,-85.17926800000002,0.0,0.0,0.0,0.0,0.0,0.0,4,1
KY,Allen,36.756325,-86.217377,0.0,0.0,1.0,0.0,0.0,0.0,3,1
KY,Anderson,37.904949,-85.05674,0.0,0.0,0.0,0.0,0.0,0.0,3,1
KY,Ballard,36.931839,-88.970398,0.0,0.0,0.0,0.0,0.0,0.0,4,1
KY,Barren,37.12934035714285,-85.9864102142857,0.0,0.0,0.0,0.0,0.0,0.0,14,3
KY,Bath,38.1288555,-83.74732433333332,0.0,0.0,0.0,0.0,0.0,0.0,12,3
KY,Bell,36.6937055,-83.816487,0.0,0.0,0.0,0.0,0.0,0.0,9,2
KY,Boone,38.98776090705112,-84.65946280538047,0.13069908814589665,0.17933130699088146,0.16717325227963525,0.0,0.0,0.0,329,178
KY,Boyd,38.46175869735044,-82.63251187931888,0.0,0.0,0.43902439024390244,0.0,0.0,0.0,41,9
KY,Boyle,37.62991119839582,-84.72905616503262,0.0,0.0,0.2857142857142857,0.0,0.0,0.0,14,3
KY,Bracken,38.74755108906474,-84.07290965322866,0.0,0.0,0.0,0.0,0.0,0.0,14,5
KY,Breathitt,37.48331468421053,-83.33381084210527,0.0,0.0,0.0,0.0,0.0,0.0,19,4
KY,Breckinridge,37.7584025,-86.4634795,0.0,0.0,0.0,0.0,0.0,0.0,5,2
KY,Bullitt,37.96944379518427,-85.69885167776773,0.03187250996015936,0.00796812749003984,0.00796812749003984,0.0,0.0,0.0,251,185
KY,Butler,37.22718226612903,-86.77717897580645,0.0,0.0,0.0,0.0,0.0,0.0,31,8
KY,Caldwell,37.02019751666667,-87.88602253333333,0.0,0.0,0.0,0.0,0.0,0.0,20,7
KY,Calloway,36.58836711111111,-88.34528607407408,0.0,0.0,0.0,0.0,0.0,0.0,27,9
KY,Campbell,39.03857506086737,-84.45130468805458,0.06293706293706294,0.1445221445221445,0.16783216783216784,0.039627039627039624,0.10722610722610723,0.011655011655011656,429,250
KY,Carlisle,36.924507727272726,-88.84414090909091,0.0,0.0,0.0,0.0,0.0,0.0,11,2
KY,Carroll,38.67487638113349,-85.07756098053636,0.0,0.0,0.0,0.0,0.0,0.0,60,25
KY,Carter,38.342514530047666,-83.00226985910412,0.0,0.0,0.0,0.0,0.0,0.0,54,18
KY,Christian,36.813596078620286,-87.47427052917843,0.0,0.0,0.0,0.0,0.0,0.0,129,37
KY,Clark,37.992099351506695,-84.22285204223563,0.0,0.0,0.0,0.0,0.0,0.0,29,11
KY,Crittenden,37.377861222222215,-87.95044983333334,0.0,0.0,0.0,0.0,0.0,0.0,18,3
KY,Cumberland,36.838199,-85.57464399999998,0.0,0.0,0.0,0.0,0.0,0.0,9,1
KY,Daviess,37.809518839606525,-87.06687371633555,0.0,0.0,0.46153846153846156,0.0,0.0,0.0,26,7
KY,Estill,37.722513,-83.983903,0.0,0.0,0.0,0.0,0.0,0.0,6,1
KY,Fayette,38.033959357505644,-84.49444457900012,0.021919142717973697,0.20360448124695568,0.4529956161714564,0.03507062834875792,0.06380905991232343,0.06088650754992694,2053,1096
KY,Floyd,37.64912,-82.783638,0.0,0.0,0.0,0.0,0.0,0.0,3,1
KY,Franklin,38.17343479934835,-84.8781548188161,0.0,0.0,0.0,0.0,0.0,0.0,67,25
KY,Fulton,36.502502,-88.899361,0.0,0.0,0.0,0.0,0.0,0.0,5,1
KY,Gallatin,38.75161243058131,-84.81451767243267,0.0,0.057971014492753624,0.0,0.0,0.0,0.0,69,21
KY,Garrard,37.578208,-84.55847,0.0,0.0,0.0,0.0,0.0,0.0,6,1
KY,Grant,38.71956989568475,-84.59466778075303,0.0,0.0,0.0,0.0,0.0,0.0,47,19
KY,Graves,36.776608277777775,-88.67544527777778,0.0,0.0,0.0,0.0,0.0,0.0,9,3
KY,Grayson,37.44736936789574,-86.25545880444434,0.0,0.0,0.0,0.0,0.0,0.0,32,7
KY,Green,37.29435,-85.466625,0.0,0.0,0.0,0.0,0.0,0.0,5,1
KY,Greenup,38.549591,-82.725212,0.0,0.0,0.0,0.0,0.0,0.0,6,1
KY,Hancock,37.871236159999995,-86.75647536000001,0.0,0.0,0.0,0.0,0.0,0.0,25,6
KY,Hardin,37.69086309298451,-85.900237818696,0.06719367588932806,0.043478260869565216,0.09090909090909091,0.0,0.0,0.0,253,98
KY,Hart,37.311807878813376,-85.89497910649484,0.0,0.0,0.0,0.0,0.0,0.0,57,15
KY,Henderson,37.801210744722034,-87.47287352426513,0.15789473684210525,0.0,0.0,0.0,0.0,0.0,38,11
KY,Henry,38.49392083953993,-85.25910097915583,0.0,0.0,0.0,0.0,0.0,0.0,53,25
KY,Hickman,36.630305448897474,-88.96540694719626,0.0,0.0,0.0,0.0,0.0,0.0,13,3
KY,Hopkins,37.1669825,-87.574158,0.0,0.0,0.0,0.0,0.0,0.0,10,2
KY,Jackson,37.432381,-83.977654,0.0,0.0,0.0,0.0,0.0,0.0,3,1
KY,Jefferson,38.21549954930585,-85.69285079025572,0.09275952311718523,0.031695260250072695,0.08868857225937772,0.00319860424542018,0.032858389066589125,0.018900843268391976,3439,2822
KY,Jessamine,37.90925808888889,-84.55867246111112,0.0,0.1388888888888889,0.5833333333333334,0.0,0.0,0.0,36,12
KY,Kenton,39.02559540709042,-84.54760126750513,0.0394563787812363,0.29679964927663305,0.18807540552389304,0.027181060938185005,0.09732573432704954,0.018851380973257344,2281,1328
KY,Knox,36.946812,-83.998428,0.0,0.0,0.0,0.0,0.0,0.0,4,1
KY,Larue,37.50909130499699,-85.79765291490558,0.0,0.0,0.0,0.0,0.0,0.0,23,5
KY,Laurel,37.12163866142436,-84.1213751262293,0.0,0.0,0.07751937984496124,0.0,0.0,0.0,129,57
KY,Lee,37.63067046153846,-83.77436776923076,0.0,0.0,0.0,0.0,0.0,0.0,13,3
KY,Livingston,37.08765612680681,-88.30267884819744,0.0,0.0,0.0,0.0,0.0,0.0,35,13
KY,Logan,36.90446850000001,-86.90380635714286,0.0,0.0,0.0,0.0,0.0,0.22857142857142856,35,12
KY,Lyon,37.051670879542215,-88.13070344336155,0.05714285714285714,0.0,0.0,0.0,0.0,0.0,35,11
KY,Madison,37.737187257616945,-84.30721453655809,0.04285714285714286,0.0,0.1,0.0,0.0,0.0,70,33
KY,Magoffin,37.77912248925777,-82.99872676370751,0.0,0.0,0.1,0.0,0.0,0.0,20,5
KY,Marion,37.57531,-85.235764,0.0,0.0,0.0,0.0,0.0,0.0,7,1
KY,Marshall,36.9625016582071,-88.36180325849519,0.1509433962264151,0.0,0.0,0.0,0.0,0.0,53,18
KY,Mason,38.64660497569698,-83.8580118705727,0.0,0.0,0.4666666666666667,0.0,0.0,0.0,15,4
KY,McCracken,37.06695224637241,-88.66505511021636,0.023809523809523808,0.0,0.11904761904761904,0.07142857142857142,0.0,0.0,42,19
KY,McCreary,36.73875040740741,-84.46622011111111,0.0,0.0,0.0,0.0,0.0,0.0,27,9
KY,Meade,37.9157436,-86.08528199999999,0.0,0.0,0.0,0.0,0.0,0.0,10,4
KY,Mercer,37.900650999999996,-84.90433315384615,0.0,0.0,0.0,0.0,0.0,0.0,26,6
KY,Metcalfe,36.98366222222222,-85.60931411111113,0.0,0.0,0.0,0.0,0.0,0.0,9,2
KY,Monroe,36.71425900000001,-85.871105,0.0,0.0,0.0,0.0,0.0,0.0,4,1
KY,Montgomery,38.07838489600522,-83.95191755705217,0.11764705882352941,0.0,0.0,0.0,0.0,0.0,17,6
KY,Muhlenberg,37.249233997394704,-87.13199541845637,0.0,0.0,0.0,0.0,0.0,0.0,13,4
KY,Nelson,37.8408189375,-85.378839015625,0.03125,0.0,0.0,0.0,0.0,0.0,32,10
KY,Ohio,37.53078810241638,-86.74188114816276,0.0,0.0,0.0,0.0,0.0,0.0,38,8
KY,Oldham,38.3555580575776,-85.47056415127884,0.049019607843137254,0.0392156862745098,0.0,0.0,0.0,0.0,102,60
KY,Owen,38.523247181818185,-84.99289245454544,0.0,0.0,0.0,0.0,0.0,0.0,11,3
KY,Pendleton,38.791292399999996,-84.40267459999998,0.0,0.0,0.0,0.4,0.0,0.0,10,4
KY,Perry,37.27985,-83.31079100000002,0.0,0.0,0.0,0.0,0.0,0.0,4,1
KY,Pike,37.523228,-82.57157099999998,0.0,0.0,0.0,0.0,0.0,0.0,3,1
KY,Powell,37.91917,-83.978645,0.0,0.0,0.0,0.0,0.0,0.0,2,1
KY,Pulaski,37.10537101923077,-84.63712594230768,0.0,0.0,0.0,0.0,0.0,0.0,26,8
KY,Rockcastle,37.370035306057645,-84.32505544886558,0.0,0.0,0.0,0.0,0.0,0.0,59,30
KY,Rowan,38.245714444444445,-83.44078055555555,0.0,0.0,0.0,0.0,0.0,0.0,9,2
KY,Scott,38.23806525307243,-84.57934498866746,0.07352941176470588,0.0,0.16176470588235295,0.0,0.0,0.0,68,23
KY,Shelby,38.18042825173551,-85.18833749037431,0.0,0.0,0.0784313725490196,0.0,0.0,0.0,51,21
KY,Simpson,36.68942547254195,-86.5390319369098,0.3333333333333333,0.0,0.0,0.0,0.0,0.0,15,3
KY,Taylor,37.37995,-85.42535721428571,0.0,0.0,0.0,0.0,0.0,0.0,14,3
KY,Todd,36.671656250000005,-87.14699766666666,0.0,0.20833333333333334,0.0,0.0,0.0,0.0,24,7
KY,Trigg,36.87615816585359,-87.80495694521869,0.12903225806451613,0.0,0.0,0.0,0.0,0.0,31,9
KY,Union,37.683145,-88.015426,0.0,0.0,0.0,0.0,0.0,0.0,4,1
KY,Warren,36.97735954525366,-86.43338566318407,0.0,0.08196721311475409,0.26229508196721313,0.09836065573770492,0.0,0.0,61,20
KY,Wayne,36.80831166666667,-84.91095927777779,0.0,0.0,0.0,0.0,0.0,0.0,9,3
KY,Webster,37.57303517391304,-87.61338582608695,0.0,0.0,0.0,0.0,0.0,0.0,23,5
KY,Whitley,36.80666591753309,-84.14247416361695,0.0,0.0,0.1044776119402985,0.0,0.0,0.0,67,31
KY,Woodford,38.1250514294067,-84.6945539824725,0.05714285714285714,0.0,0.0,0.0,0.0,0.0,35,13
LA,Acadia,30.25133522374174,-92.34709770891284,0.09795918367346938,0.0,0.012244897959183673,0.0,0.0,0.0,245,151
LA,Ascension,30.219464801001422,-90.92029651404097,0.046153846153846156,0.0,0.03076923076923077,0.0,0.0,0.0,325,194
LA,Assumption,29.67028499,-91.09214187,0.0,0.0,0.0,0.0,0.0,0.0,4,1
LA,Avoyelles,30.86120724663324,-92.22841143564115,0.0,0.0,0.0,0.0,0.0,0.0,3,1
LA,Beauregard,30.67818075,-93.38610675000001,0.0,0.0,0.0,0.0,0.0,0.0,8,2
LA,Bienville,32.56129564111451,-93.01820346968172,0.10638297872340426,0.0,0.0,0.0,0.0,0.0,47,23
LA,Bossier,32.52751104418068,-93.69930299063272,0.14678899082568808,0.0,0.009174311926605505,0.009174311926605505,0.0,0.0,545,400
LA,Caddo,32.47493008214541,-93.78670389897528,0.017462058877308465,0.019381971109892118,0.07533369903090144,0.0011885170963613092,0.0,0.004662643993417444,10938,6414
LA,Calcasieu,30.21386923631564,-93.30559303150675,0.08713692946058091,0.011410788381742738,0.012448132780082987,0.0,0.0,0.0,964,805
LA,Claiborne,32.779805,-93.070059,0.0,0.0,0.0,0.0,0.0,0.0,7,1
LA,De Soto,32.196425933408406,-93.67254548266845,0.0,0.0,0.0,0.0,0.0,0.0,37,12
LA,East Baton Rouge,30.45188341451878,-91.11137002065551,0.020203784570596798,0.05947598253275109,0.13574963609898108,0.01682678311499272,0.01636098981077147,0.011877729257641922,34350,24266
LA,East Carroll,32.80851,-91.18261,0.0,0.0,0.0,0.0,0.0,0.0,6,1
LA,East Feliciana,30.80376907692308,-91.16974823076923,0.0,0.1282051282051282,0.0,0.0,0.0,0.0,39,10
LA,Evangeline,30.75237863333333,-92.28871733333332,0.0,0.0,0.0,0.0,0.0,0.0,10,4
LA,Iberia,30.002751473906308,-91.85254027605298,0.1,0.05,0.0,0.0,0.0,0.0,60,13
LA,Iberville,30.381976596053445,-91.51731492878159,0.09219858156028368,0.0,0.0,0.0,0.0,0.0,282,247
LA,Jefferson,29.97510162339851,-90.16391307099113,0.1143317230273752,0.039452495974235106,0.07971014492753623,0.014492753623188406,0.0,0.0,1242,985
LA,Jefferson Davis,30.24658376631031,-92.78467182015743,0.2824858757062147,0.0,0.0,0.0,0.0,0.0,177,111
LA,La Salle,31.899321,-92.238159,0.0,0.0,0.0,0.0,0.0,0.0,6,1
LA,Lafayette,30.20797246614187,-92.03715305812274,0.01675197766402978,0.023266635644485806,0.14006514657980457,0.0011633317822242904,0.0058166589111214514,0.0037226617031177293,4298,2398
LA,Lafourche,29.704279718332156,-90.60518993086004,0.0,0.0,0.05405405405405406,0.0,0.0,0.0,111,43
LA,Lincoln,32.540185319183195,-92.65988362794359,0.2711864406779661,0.0,0.0,0.0,0.0,0.0,59,18
LA,Livingston,30.465112331082267,-90.84547336418217,0.10909090909090909,0.0,0.01818181818181818,0.0,0.0,0.0,440,366
LA,Madison,32.3443622193115,-91.03810903201953,0.0,0.0,0.0,0.0,0.0,0.0,62,29
LA,Natchitoches,31.560193904145216,-92.96322925662822,0.3,0.0,0.0,0.0,0.0,0.0,20,6
LA,Orleans,29.97627490176729,-90.05761540937016,0.038558888470030694,0.10776024557057462,0.10932198826000324,0.006570089934837633,0.04049760353276967,0.08708061823469222,18569,13627
LA,Ouachita,32.501688304584896,-92.13657699096741,0.15841584158415842,0.0,0.0,0.0,0.0,0.019801980198019802,202,131
LA,Pointe Coupee,30.573263319107927,-91.61420086527984,0.0,0.0,0.0,0.0,0.0,0.0,23,13
LA,Rapides,31.291946493800314,-92.4686397151241,0.041666666666666664,0.0,0.12103174603174603,0.0,0.0,0.0,504,249
LA,Richland,32.46609581010327,-91.78470291977945,0.0,0.0,0.0,0.0,0.0,0.0,20,12
LA,St Bernard,29.932881,-89.90122099999998,0.0,0.0,0.0,0.0,0.0,0.0,1,1
LA,St Charles,30.006031341192255,-90.3442423306397,0.1388888888888889,0.0,0.0,0.0,0.0,0.0,108,81
LA,St James,30.11912624691323,-90.785765159993,0.0,0.0,0.0,0.0,0.0,0.0,18,13
LA,St John the Baptist,30.11982993273025,-90.46401987342576,0.08333333333333333,0.0,0.0,0.0,0.0,0.0,96,81
LA,St Landry,30.594415789967382,-91.96903710528373,0.0,0.0,0.0,0.0,0.0,0.0,31,9
LA,St Martin,30.284324302941606,-91.82671117419663,0.25773195876288657,0.0,0.0,0.0,0.0,0.0,97,78
LA,St Mary,29.739645000000003,-91.36639,0.0,0.0,0.0,0.0,0.0,0.0,10,2
LA,St Tammany,30.36049090628818,-89.90853848430847,0.08391608391608392,0.0,0.01048951048951049,0.0,0.0,0.0,286,194
LA,St. Bernard,29.970153,-89.97573349999999,0.0,0.5,0.5,0.0,0.0,0.0,6,2
LA,St. Charles,30.005262470560382,-90.33991018027118,0.09282700421940929,0.0,0.0,0.0,0.0,0.0,237,191
LA,St. James,30.086987766081872,-90.80313164766082,0.0,0.0,0.05263157894736842,0.0,0.0,0.0,57,23
LA,St. John the Baptist,30.114397809371837,-90.4689074849145,0.06315789473684211,0.0,0.0,0.0,0.0,0.0,190,166
LA,St. Landry,30.579232028814946,-92.16430836589679,0.2727272727272727,0.0,0.0,0.0,0.0,0.13636363636363635,44,17
LA,St. Martin,30.286850547637883,-91.81399120863362,0.01195219123505976,0.0,0.0,0.0,0.0,0.0,251,180
LA,St. Mary,29.697789318994353,-91.19665323334907,0.0,0.0,0.0,0.0,0.0,0.0,17,5
LA,St. Tammany,30.37001786594242,-89.94664902783234,0.05128205128205128,0.0,0.027243589743589744,0.0,0.0,0.0,624,463
LA,Tangipahoa,30.48219062858592,-90.4482123763519,0.17391304347826086,0.0,0.0,0.00966183574879227,0.0,0.0,414,323
LA,Terrebonne,29.61971181746686,-90.74211438840757,0.00749063670411985,0.0,0.23720349563046192,0.0,0.0,0.012484394506866416,801,301
LA,Union,33.0126214,-92.7247714,0.0,0.0,0.0,0.0,0.0,0.0,5,2
LA,Vermilion,30.038031,-92.511528,0.0,0.0,0.0,0.0,0.0,0.0,5,1
LA,Vernon,31.25281,-93.342033,0.0,0.0,0.0,0.0,0.0,0.0,2,1
LA,Webster,32.639289848716295,-93.3624166794839,0.3055555555555556,0.0,0.0,0.0,0.0,0.0,36,19
LA,West Baton Rouge,30.447700309357426,-91.23784265283712,0.03474178403755868,0.003755868544600939,0.01971830985915493,0.008450704225352112,0.0,0.0,1065,888
MA,Barnstable,41.70039947242471,-70.3503493212901,0.016282225237449117,0.14789687924016282,0.13704206241519673,0.13161465400271372,0.024423337856173677,0.014925373134328358,737,230
MA,Berkshire,42.282617116331615,-73.22684369957489,0.04054054054054054,0.02702702702702703,0.0472972972972973,0.02702702702702703,0.02702702702702703,0.0,148,51
MA,Bristol,41.8611744478685,-71.178813044895,0.09295774647887324,0.01596244131455399,0.06291079812206572,0.008450704225352112,0.0,0.0,1065,578
MA,Dukes,41.448002,-70.570763,0.0,0.0,0.0,0.0,0.0,0.0,3,1
MA,Essex,42.64494769124972,-71.04638761309741,0.10062646828504307,0.09397024275646046,0.11707126076742365,0.05090054815974941,0.055990602975724356,0.02466718872357087,2554,1666
MA,Franklin,42.56883135714286,-72.554135,0.09523809523809523,0.0,0.0,0.047619047619047616,0.0,0.0,42,11
MA,Hampden,42.12925464581204,-72.56084727762955,0.060655737704918035,0.011475409836065573,0.03114754098360656,0.0,0.05737704918032787,0.014754098360655738,610,188
MA,Hampshire,42.31419625694445,-72.61033825347222,0.0,0.14583333333333334,0.10416666666666667,0.0,0.14583333333333334,0.0,96,25
MA,Middlesex,42.45596516905935,-71.25903003035775,0.07846591679089307,0.19270903916519855,0.21452771378235533,0.0940506843745765,0.09174684916655373,0.039436237972625014,7379,4754
MA,Norfolk,42.19487127218462,-71.12299101625224,0.10572687224669604,0.1282170183167169,0.12056573150939022,0.06932529561789938,0.06028286575469511,0.035474147924878276,4313,2945
MA,Plymouth,42.04731679251165,-70.87284049874258,0.03713947056499407,0.08218095614381667,0.12248123271434215,0.15527459502173055,0.01066772026866851,0.009087317265902806,2531,1271
MA,Suffolk,42.330864134923836,-71.07585479888407,0.034209483555672965,0.4603090740985339,0.36151102892616566,0.11385550125478801,0.2845066701888786,0.1718399154669132,7571,4519
MA,Worcester,42.285038441961234,-71.7823948592808,0.06464445549477872,0.08751864743908504,0.13078070611636003,0.06663351566384883,0.0029835902536051715,0.018398806563898557,2011,920
MD,Allegany,39.635258508811276,-78.74177722317117,0.07380073800738007,0.023985239852398525,0.046125461254612546,0.0,0.0,0.0,542,298
MD,Anne Arundel,39.10171423949821,-76.62807084053418,0.13810607386662,0.04288464904603536,0.12165237178365132,0.009452126728513916,0.01452826886049361,0.003675827061088745,5713,3975
MD,Baltimore,39.36472088680458,-76.6239421826508,0.18034596981965403,0.0493191019506809,0.07765918292234082,0.008833271991166729,0.022451232977548766,0.003312476996687523,2717,2035
MD,Baltimore (City),39.28408628234243,-76.59654866889768,0.11919504643962849,0.14551083591331268,0.14396284829721362,0.003869969040247678,0.0673374613003096,0.01393188854489164,1292,919
MD,Baltimore City,39.27630018228675,-76.59314064419063,0.0893371757925072,0.10786331823795801,0.1634417455743104,0.002470152326060107,0.08233841086867023,0.0337587484561548,2429,1890
MD,Baltimore County,39.36400156767854,-76.6273560235951,0.11021780441455928,0.06051746820640257,0.10831749744189446,0.01374068118696097,0.027627539833357695,0.00760122789065926,6841,5473
MD,Calvert,38.56102771101577,-76.5683523298902,0.0,0.0,0.19760479041916168,0.10179640718562874,0.017964071856287425,0.0,167,54
MD,Caroline,38.86048449238599,-75.83692465642591,0.008888888888888889,0.04148148148148148,0.1511111111111111,0.05333333333333334,0.0,0.03259259259259259,675,382
MD,Carroll,39.522013115294385,-77.01439364595669,0.0,0.023106546854942234,0.24390243902439024,0.03594351732991014,0.0,0.014120667522464698,779,341
MD,Cecil,39.60936537719233,-75.95852213301602,0.050445103857566766,0.03560830860534125,0.11498516320474778,0.06899109792284866,0.0,0.015578635014836795,1348,889
MD,Charles,38.585239187163054,-76.93558446087312,0.0,0.04336895034569453,0.19673161533626649,0.013199245757385292,0.0,0.01005656819610308,1591,1016
MD,Dorchester,38.57447149137067,-75.95399232340826,0.01876172607879925,0.075046904315197,0.17636022514071295,0.07879924953095685,0.0,0.0,533,242
MD,Frederick,39.417741538361035,-77.41090390129017,0.0720164609053498,0.07470718581829693,0.11981639759417537,0.018518518518518517,0.0,0.007913896802785692,6318,4663
MD,Garrett,39.60145967341457,-79.27739562885918,0.07335907335907337,0.019305019305019305,0.0,0.03474903474903475,0.0,0.023166023166023165,259,110
MD,Harford,39.50882632493235,-76.27658094194905,0.022532529355760077,0.0342748333862266,0.14439860361789908,0.05966359885750555,0.02634084417645192,0.006664550936210727,3151,2109
MD,Howard,39.232974673316505,-76.86399511206244,0.11147069399496584,0.05645451276519238,0.12010068320747933,0.008989572096368213,0.023013304566702624,0.0003595828838547285,2781,2025
MD,Kent,39.27210267794459,-75.9769374009692,0.018421052631578946,0.08947368421052632,0.05789473684210526,0.18947368421052632,0.0,0.007894736842105263,380,139
MD,Montgomery,39.04905214397401,-77.0961928816006,0.15056675694653426,0.18998896579396127,0.1531748420102317,0.008325810011034206,0.036914434747717925,0.02246965593339352,9969,7683
MD,Prince George's,38.89783481325874,-76.90952150731869,0.11518090264826557,0.0969041402461768,0.14382693024990675,0.010593062290190228,0.0076091010816859385,0.008877284595300261,13405,10454
MD,Prince Georges,38.92373500000001,-76.90062350000001,0.0,0.25,0.25,0.0,0.0,0.0,12,5
MD,Queen Anne's,39.006525957326595,-76.13273547418692,0.03547297297297297,0.016891891891891893,0.13851351351351351,0.1258445945945946,0.0,0.0,1184,718
MD,Queen Annes,39.034629917420304,-76.08734637965472,0.06741573033707865,0.058426966292134834,0.14157303370786517,0.11235955056179775,0.0,0.0,445,233
MD,Somerset,38.11068952985247,-75.71184363991624,0.0,0.14606741573033707,0.09550561797752809,0.0,0.0,0.0,178,84
MD,St Marys,38.33558109268772,-76.61338961983881,0.0,0.0,0.15228426395939088,0.0,0.0,0.0,197,69
MD,St. Mary's,38.33990666410211,-76.61152373358729,0.0,0.07984031936127745,0.2894211576846307,0.011976047904191617,0.0,0.0,501,233
MD,Talbot,38.78780433189741,-76.07116402292952,0.0,0.01276595744680851,0.11382978723404255,0.022340425531914895,0.0,0.0,940,549
MD,Washington,39.617760107142125,-77.7706113353687,0.07496977025392987,0.0036275695284159614,0.06408706166868199,0.02902055622732769,0.0,0.0012091898428053204,2481,1798
MD,Wicomico,38.377817890702204,-75.57129929336357,0.016333938294010888,0.0780399274047187,0.26678765880217786,0.02722323049001815,0.0,0.0054446460980036296,551,210
MD,Worcester,38.33774350450603,-75.16999194516092,0.020671834625323,0.1024978466838932,0.2463393626184324,0.00516795865633075,0.028423772609819122,0.025839793281653745,1161,591
ME,Androscoggin,44.103696265232976,-70.14439750537635,0.0,0.0,0.0,0.0,0.0,0.0,93,25
ME,Aroostook,46.013462117647066,-68.27103088235293,0.0,0.0,0.0,0.0,0.0,0.0,17,8
ME,Cumberland,43.75196971271777,-70.31857733074912,0.10801393728222997,0.041811846689895474,0.11846689895470383,0.024390243902439025,0.017421602787456445,0.017421602787456445,287,125
ME,Franklin,44.6330142173913,-70.13021191304348,0.0,0.08695652173913043,0.0,0.0,0.0,0.0,23,5
ME,Hancock,44.43380944444445,-68.4387208888889,0.0,0.0,0.0,0.0,0.0,0.0,9,2
ME,Kennebec,44.38838848571429,-69.7635373064935,0.0,0.0,0.0,0.0,0.0,0.0,77,38
ME,Knox,44.119942,-69.291382,0.0,0.0,0.0,0.0,0.0,0.0,2,1
ME,Lincoln,44.03429957142857,-69.706704,0.0,0.0,0.0,0.0,0.0,0.0,7,2
ME,Oxford,44.12795226923077,-70.61021761538461,0.0,0.0,0.0,0.0,0.0,0.0,26,6
ME,Penobscot,44.89322213481996,-68.84916994670056,0.015267175572519083,0.0,0.0,0.0,0.0,0.0,131,48
ME,Sagadahoc,43.99196655172414,-69.9072268275862,0.0,0.0,0.0,0.0,0.0,0.0,29,8
ME,Somerset,44.75247356862746,-69.57311711764706,0.0,0.0,0.0,0.0,0.0,0.0,51,19
ME,Waldo,44.42907,-68.978172,0.0,0.0,0.0,0.0,0.0,0.0,4,1
ME,Washington,45.19577318181818,-67.62410063636364,0.0,0.0,0.0,0.0,0.0,0.0,11,2
ME,York,43.35907923958333,-70.60375583482143,0.05357142857142857,0.0,0.09821428571428571,0.0,0.0,0.0,112,53
MI,Alcona,44.665493,-83.29044566666666,0.0,0.0,0.0,0.0,0.0,0.0,8,3
MI,Allegan,42.61331547685662,-85.92447943124613,0.1443478260869565,0.010434782608695653,0.03304347826086956,0.01391304347826087,0.0,0.0,575,398
MI,Alpena,45.08413849488148,-83.52388892524606,0.0,0.0,0.0,0.0,0.0,0.0,35,10
MI,Antrim,44.873249,-85.085983,0.0,0.0,0.0,0.0,0.0,0.0,9,4
MI,Arenac,44.04231237872446,-83.98630830460206,0.10416666666666667,0.0,0.0,0.0,0.0,0.0,48,22
MI,Barry,42.627008975143276,-85.33847892559783,0.0,0.0,0.11864406779661017,0.05084745762711865,0.0,0.0,59,19
MI,Bay,43.6363269926076,-83.98070249372834,0.19642857142857142,0.017857142857142856,0.06428571428571428,0.0,0.0,0.0,280,132
MI,Benzie,44.65557351724138,-85.92284275862069,0.0,0.0,0.0,0.0,0.0,0.0,29,13
MI,Berrien,42.0240145957894,-86.4507031207504,0.13160518444666003,0.006979062811565304,0.011964107676969093,0.004985044865403789,0.0,0.0,1003,673
MI,Branch,41.825831885031995,-84.99769306310871,0.0,0.0,0.0,0.0,0.0,0.0,15,6
MI,Calhoun,42.26458687021988,-85.05227435691772,0.1162079510703364,0.0382262996941896,0.04892966360856269,0.0030581039755351682,0.0,0.019877675840978593,654,415
MI,Cass,41.874043319098696,-86.072098118093,0.0,0.0,0.021897810218978103,0.0,0.0,0.0,137,56
MI,Charlevoix,45.24025907293045,-85.05273139091051,0.0,0.1935483870967742,0.0,0.0,0.0,0.0,31,10
MI,Cheboygan,45.52543197756603,-84.6218364922726,0.3333333333333333,0.0,0.0,0.0,0.0,0.0,42,18
MI,Chippewa,46.314462198990036,-84.58634744623392,0.1875,0.0,0.0,0.0,0.0,0.0,48,10
MI,Clare,43.910376862234095,-84.8313676922998,0.0,0.0,0.0,0.0,0.0,0.0,78,38
MI,Clinton,42.84112922609414,-84.57024542088661,0.10483870967741936,0.0,0.0,0.06048387096774194,0.0,0.0,248,130
MI,Crawford,44.64613024031828,-84.72387569644346,0.15789473684210525,0.0,0.0,0.0,0.0,0.0,38,21
MI,Delta,45.83613007692308,-87.03927023076923,0.0,0.0,1.0,0.0,0.0,0.0,13,2
MI,Dickinson,46.23672100000001,-88.007927,0.0,0.0,0.0,0.0,0.0,0.0,3,1
MI,Eaton,42.63513490543926,-84.76511004194005,0.06265664160401002,0.08020050125313283,0.10526315789473684,0.0,0.0,0.005012531328320802,399,201
MI,Emmet,45.42202433507981,-84.90071234257728,0.0,0.0,0.08547008547008547,0.0,0.0,0.02564102564102564,117,28
MI,Genesee,43.00890596981332,-83.69859733327355,0.021569493521790342,0.04976442873969376,0.13618963486454652,0.002502944640753828,0.1166813898704358,0.005815665488810365,13584,7734
MI,Gogebic,46.463243,-90.1689757,0.0,0.0,0.3,0.0,0.0,0.3,10,2
MI,Grand Traverse,44.7100985516129,-85.59401820215054,0.0,0.15053763440860216,0.20430107526881722,0.0,0.0,0.043010752688172046,93,30
MI,Gratiot,43.29612757955021,-84.6130463669873,0.20952380952380953,0.0,0.047619047619047616,0.09523809523809523,0.0,0.0,105,40
MI,Hillsdale,42.008330926190084,-84.36310588891492,0.0,0.0,0.0,0.0,0.0,0.0,30,9
MI,Houghton,47.10780883333333,-88.6104615,0.0,0.3333333333333333,0.0,0.7619047619047619,0.0,0.14285714285714285,21,5
MI,Huron,43.740601,-83.442093,0.0,0.0,0.0,0.0,0.0,0.0,2,1
MI,Ingham,42.69975425063679,-84.47533822264174,0.12514484356894554,0.14831981460023175,0.09501738122827347,0.0,0.010428736964078795,0.004634994206257242,863,608
MI,Ionia,42.88302449506923,-85.09853380695732,0.023076923076923078,0.0,0.0,0.0,0.0,0.0,130,77
MI,Iosco,44.35116373333334,-83.36713853333335,0.0,0.06666666666666667,0.06666666666666667,0.0,0.0,0.06666666666666667,30,7
MI,Isabella,43.679576920023926,-84.74615614228485,0.0625,0.1,0.125,0.0,0.0,0.0,80,24
MI,Jackson,42.25640399746005,-84.43246226173844,0.12639405204460966,0.004956629491945477,0.028500619578686492,0.007434944237918215,0.0,0.0024783147459727386,807,606
MI,Kalamazoo,42.25763888761444,-85.56817284006719,0.11995863495346432,0.07859358841778696,0.05997931747673216,0.0,0.0,0.0,967,792
MI,Kalkaska,44.65889475,-85.254124875,0.0,0.0,0.0,0.0,0.0,0.0,16,5
MI,Kent,42.958628583415546,-85.63875227319429,0.05856716874378775,0.29780564263322884,0.18571756250477867,0.02240232433672299,0.04052297576267299,0.035859010627723835,13079,9046
MI,Lake,43.88767909474672,-85.57572761162663,0.0,0.0,0.0,0.0,0.0,0.0,9,4
MI,Lapeer,43.06425164289596,-83.25178698291974,0.0,0.0,0.08333333333333333,0.0,0.0,0.027777777777777776,144,51
MI,Leelanau,44.979906,-85.77674300000002,0.0,0.0,0.0,0.0,0.0,0.0,3,1
MI,Lenawee,41.97083088020448,-84.14980930465053,0.0,0.0330188679245283,0.018867924528301886,0.04716981132075472,0.0,0.02830188679245283,212,78
MI,Livingston,42.57087346020775,-83.81284491426169,0.13789107763615296,0.03707995365005794,0.027809965237543453,0.008111239860950173,0.0,0.0,863,714
MI,Mackinac,46.028957060935085,-85.17628529226153,0.030927835051546393,0.0,0.0,0.0,0.0,0.0,97,27
MI,Macomb,42.528121352228794,-82.9404643339442,0.14093357271095153,0.08393177737881508,0.10098743267504488,0.00807899461400359,0.004488330341113106,0.0,2228,1832
MI,Manistee,44.272995,-86.28781325,0.0,0.0,0.0,0.0,0.0,0.0,16,3
MI,Marquette,46.512627,-87.80120931818183,0.0,0.0,0.09090909090909091,0.0,0.0,0.0,22,5
MI,Mason,43.999439157894734,-86.31703794736842,0.0,0.0,0.0,0.0,0.0,0.0,19,6
MI,Mecosta,43.58755098249124,-85.45121691172764,0.0,0.0,0.0,0.0,0.0,0.0,19,5
MI,Menominee,45.20693625701057,-87.61131201429824,0.0,0.0,0.0,0.0,0.0,0.0,7,2
MI,Midland,43.65824375156223,-84.34436487229333,0.05714285714285714,0.08571428571428572,0.14285714285714285,0.0,0.0,0.0,105,41
MI,Monroe,41.90718875798101,-83.46134651588764,0.09821428571428571,0.0,0.06746031746031746,0.0,0.0,0.0,1008,665
MI,Montcalm,43.33535604637212,-85.2921833169021,0.050505050505050504,0.0,0.0,0.0,0.0,0.0,99,26
MI,Montmorency,45.0042,-84.143631,0.0,0.0,0.0,0.0,0.0,0.0,6,1
MI,Muskegon,43.222545142139616,-86.19119781427443,0.12903225806451613,0.010752688172043012,0.025089605734767026,0.0,0.0,0.0,279,189
MI,Newaygo,43.46150928801207,-85.76347304146033,0.0,0.0,0.18518518518518517,0.0,0.0,0.0,27,7
MI,Oakland,42.53400046430586,-83.30629880980844,0.10406431442608308,0.05292541313086199,0.07213041536400179,0.0,0.00401965163019205,0.00022331397945511388,4478,3933
MI,Oceana,43.76396852901198,-86.38585192917483,0.0,0.0,0.0,0.0,0.0,0.0,10,2
MI,Ogemaw,44.25015107467399,-84.20527915843391,0.13513513513513514,0.0,0.08108108108108109,0.0,0.0,0.0,37,10
MI,Osceola,43.967126963017904,-85.44542030993387,0.25,0.0,0.0,0.022727272727272728,0.0,0.0,44,16
MI,Oscoda,44.67404000000001,-84.13016400000002,0.0,0.0,0.0,0.0,0.0,0.0,5,2
MI,Otsego,45.017734726545754,-84.68207962743317,0.12121212121212122,0.0,0.0,0.0,0.0,0.0,33,15
MI,Ottawa,42.926353503782,-86.01700099511439,0.016415261756876662,0.10913930789707187,0.23691215616681455,0.031055900621118012,0.003105590062111801,0.011978704525288377,2254,1179
MI,Presque Isle,45.348803249999996,-83.742695,0.0,0.0,0.0,0.0,0.0,0.0,11,4
MI,Roscommon,44.40019707518967,-84.69046890102229,0.12244897959183673,0.0,0.0,0.0,0.0,0.0,49,16
MI,Saginaw,43.40196541983625,-83.91674089481327,0.04439746300211417,0.09090909090909091,0.07822410147991543,0.0,0.0,0.0,473,261
MI,Saint Joseph,41.88901500000001,-85.663651,0.0,0.0,0.0,0.0,0.0,0.0,7,3
MI,Schoolcraft,45.97269646544632,-86.09849823113807,0.0,0.0,0.0,0.0,0.0,0.0,16,6
MI,Shiawassee,42.92724469758005,-84.07045769780177,0.12,0.0,0.04,0.0,0.0,0.0,200,98
MI,St Joseph,41.846934601487455,-85.62868216425848,0.0,0.0,0.14285714285714285,0.0,0.0,0.0,42,10
MI,St. Clair,42.962248128594574,-82.54158293018874,0.046224961479198766,0.026194144838212634,0.11248073959938366,0.0,0.0,0.04468412942989214,649,370
MI,St. Joseph,41.84434090075213,-85.64953195935738,0.0,0.0,0.18181818181818182,0.0,0.0,0.0,33,7
MI,Tuscola,43.455067,-83.441061,0.0,1.0,0.0,0.0,0.0,0.0,5,1
MI,Van Buren,42.23425197260397,-86.03036728882665,0.11065573770491803,0.0,0.0,0.0,0.0,0.0020491803278688526,488,328
MI,Washtenaw,42.27617724893332,-83.72110079888824,0.12713360800470866,0.030606238964096526,0.03825779870512066,0.026486168334314303,0.0,0.0005885815185403178,1699,1365
MI,Wayne,42.34834214661752,-83.17439485584572,0.14506753990994678,0.04969300040933279,0.07507163323782234,0.0036839950880065493,0.022349570200573064,0.0047482603356528855,12215,10544
MI,Wexford,44.33848579080541,-85.54989228247423,0.0,0.0,0.0,0.0,0.0,0.0,19,4
MN,Aitkin,46.58786899165407,-93.50444036675972,0.0,0.0,0.010084033613445379,0.0,0.0,0.013445378151260505,595,295
MN,Anoka,45.16279149927916,-93.2554473854701,0.07775947281713344,0.08500823723228995,0.1156507413509061,0.016803953871499175,0.027347611202635916,0.0,3035,2513
MN,Becker,46.8512808600299,-95.68487493813589,0.003179650238473768,0.019077901430842606,0.028616852146263912,0.0,0.0,0.0,629,335
MN,Beltrami,47.66060901522033,-94.84843391306697,0.0033222591362126247,0.04817275747508306,0.06976744186046512,0.0,0.0,0.0,602,298
MN,Benton,45.64464720143323,-94.06411135819006,0.06330749354005168,0.04521963824289406,0.08010335917312661,0.006459948320413436,0.0,0.0,774,470
MN,Big Stone,45.2979,-96.430292,0.0,0.0,0.0,0.0,0.0,0.0,6,1
MN,Blue Earth,44.12757794053835,-94.01159690002099,0.031001589825119236,0.09300476947535771,0.08664546899841018,0.025437201907790145,0.0,0.0,1258,779
MN,Brown,44.25863135301545,-94.68122995286461,0.0,0.1440443213296399,0.04709141274238227,0.19113573407202217,0.0,0.01662049861495845,361,149
MN,Carlton,46.61665845181437,-92.59721960413951,0.0536480686695279,0.033261802575107295,0.004291845493562232,0.0075107296137339056,0.0,0.009656652360515022,932,654
MN,Carver,44.82800501004878,-93.6924051241305,0.012939001848428836,0.21811460258780038,0.22643253234750463,0.030499075785582256,0.012014787430683918,0.0166358595194085,1082,638
MN,Cass,46.851233812525656,-94.40863398165027,0.0,0.009861932938856016,0.004930966469428008,0.01282051282051282,0.0,0.005917159763313609,1014,508
MN,Chippewa,44.971844373822755,-95.52611789678984,0.01293103448275862,0.0,0.05172413793103448,0.0,0.0,0.01293103448275862,464,192
MN,Chisago,45.44276774360455,-92.92148958291166,0.05935251798561151,0.050359712230215826,0.06654676258992806,0.0,0.0,0.0170863309352518,1112,767
MN,Clay,46.81298490275901,-96.6389791023148,0.11737089201877934,0.0,0.06572769953051644,0.014084507042253521,0.0,0.0,213,123
MN,Clearwater,47.51796020970744,-95.36758897800021,0.0,0.14450867052023122,0.017341040462427744,0.028901734104046242,0.0,0.0,173,71
MN,Cook,47.768999875,-90.246649375,0.0,0.0,0.0,0.0,0.0,0.0,8,2
MN,Cottonwood,43.937954839446924,-95.1222328556243,0.0,0.03233830845771144,0.01990049751243781,0.022388059701492536,0.0,0.0,402,177
MN,Crow Wing,46.39137042954038,-94.11427711306705,0.000949667616334283,0.029439696106362774,0.0389363722697056,0.0,0.0,0.0,1053,552
MN,Dakota,44.77628296274208,-93.1331205925536,0.11632270168855535,0.06128830519074421,0.08984782155513862,0.04461121534292266,0.03397957056493642,0.002918490723368772,4797,3745
MN,Dodge,44.01116321269268,-92.8497028551028,0.050595238095238096,0.05952380952380952,0.0,0.5208333333333334,0.0,0.03869047619047619,336,175
MN,Douglas,45.89565079589886,-95.4591340453449,0.043095004897159644,0.007835455435847209,0.014691478942213516,0.05484818805093046,0.0,0.0,1021,717
MN,Faribault,43.68699423780527,-93.95835097033681,0.012958963282937365,0.01079913606911447,0.0,0.056155507559395246,0.0,0.0,463,253
MN,Fillmore,43.700407124330546,-92.03293752626466,0.0,0.01098901098901099,0.01098901098901099,0.02197802197802198,0.0,0.0,455,188
MN,Freeborn,43.676182771432515,-93.33129436419769,0.04108108108108108,0.01945945945945946,0.012972972972972972,0.002162162162162162,0.0,0.001081081081081081,925,739
MN,Goodhue,44.399047332953835,-92.72491854549894,0.02627511591962906,0.05100463678516229,0.03168469860896445,0.25193199381761977,0.0,0.00231839258114374,1294,784
MN,Grant,45.98498525446855,-95.8525947026759,0.0,0.0,0.0,0.0,0.0,0.0,388,230
MN,Hennepin,44.97101284023071,-93.34346082177424,0.15768381030673587,0.07362688177567693,0.08441658531572728,0.0019010430046755382,0.034681189950161846,0.003647947387350357,19463,17505
MN,Houston,43.695475432589745,-91.44980892289682,0.014705882352941176,0.023529411764705882,0.0,0.0,0.0,0.0058823529411764705,340,154
MN,Hubbard,47.070399384363185,-94.88952594251674,0.0,0.0,0.010309278350515464,0.0,0.0,0.00859106529209622,582,299
MN,Isanti,45.575538573541145,-93.26542307315334,0.027972027972027972,0.0,0.05128205128205128,0.0,0.0,0.0,429,213
MN,Itasca,47.34443637391533,-93.56622138857239,0.0,0.02274975272007913,0.005934718100890208,0.0,0.0,0.003956478733926805,1011,509
MN,Jackson,43.695447674852176,-95.15659739151978,0.0433996383363472,0.007233273056057866,0.0,0.05605786618444846,0.0,0.0,553,358
MN,Kanabec,45.87445715772384,-93.33053516898495,0.0,0.0,0.0,0.0,0.0,0.0,324,147
MN,Kandiyohi,45.16116006147287,-95.0059614802505,0.005069708491761723,0.0038022813688212928,0.019011406844106463,0.08111533586818757,0.0,0.0,789,395
MN,Koochiching,48.44699810168139,-93.59539480085915,0.02,0.084,0.076,0.008,0.0,0.0,250,84
MN,Lac qui Parle,44.93390537378217,-95.81678677081564,0.0,0.0,0.0,0.0,0.0,0.0,67,23
MN,Lake,47.57203637364325,-91.47406726903984,0.0,0.07017543859649122,0.0,0.0,0.0,0.0,57,33
MN,Lake of the Woods,48.63925740451497,-94.5954342712438,0.0,0.08333333333333333,0.0,0.15,0.0,0.0,60,15
MN,Le Sueur,44.37374092889072,-93.7273128749056,0.01338432122370937,0.011472275334608031,0.0,0.08986615678776291,0.0,0.0057361376673040155,523,244
MN,Lincoln,44.457628500000006,-96.442725,0.0,0.0,0.0,0.0,0.0,0.0,4,2
MN,Lyon,44.41143062432773,-95.81684960331067,0.05235602094240838,0.012216404886561954,0.029668411867364748,0.03664921465968586,0.0,0.0,573,268
MN,Mahnomen,47.27207503089336,-95.89608086828156,0.0,0.03759398496240601,0.0,0.0,0.0,0.0,133,57
MN,Marshall,48.355013066666665,-95.72427206666666,0.0,0.0,0.0,0.0,0.0,0.0,15,4
MN,Martin,43.6909857870335,-94.54409522029141,0.05319148936170213,0.0,0.0,0.07446808510638298,0.0,0.0,470,312
MN,McLeod,44.81053785091044,-94.27880436377566,0.0,0.046224961479198766,0.012326656394453005,0.04930662557781202,0.0,0.0,649,365
MN,Meeker,45.13505681799433,-94.50180176632453,0.0,0.027616279069767442,0.023255813953488372,0.05377906976744186,0.0,0.0,688,324
MN,Mille Lacs,45.88713797337103,-93.64497482566003,0.010355029585798817,0.0,0.0,0.0,0.0,0.0,676,373
MN,Morrison,46.021320098681855,-94.38383719844876,0.016877637130801686,0.043248945147679324,0.03059071729957806,0.0,0.0,0.008438818565400843,948,480
MN,Mower,43.693004092070396,-92.82357196572556,0.049403747870528106,0.0817717206132879,0.028960817717206135,0.18228279386712096,0.0,0.017035775127768313,587,328
MN,Murray,43.989303920294,-95.76874412611875,0.020477815699658702,0.0,0.0,0.034129692832764506,0.0,0.020477815699658702,293,133
MN,Nicollet,44.29455010814881,-94.11394730902813,0.05048076923076923,0.07692307692307693,0.09495192307692307,0.12379807692307693,0.0,0.006009615384615385,832,489
MN,Nobles,43.64921011108041,-95.72047895658532,0.03942652329749104,0.035842293906810034,0.0,0.034050179211469536,0.0,0.0,558,422
MN,Olmsted,43.99980652960542,-92.42617952239281,0.09681159420289855,0.09681159420289855,0.06898550724637681,0.2684057971014493,0.0017391304347826088,0.00463768115942029,1725,1185
MN,Otter Tail,46.38096526414966,-95.6346656489362,0.007023705004389816,0.0,0.0,0.0,0.0,0.003511852502194908,1139,625
MN,Pennington,48.130443770167076,-95.73406780256671,0.0,0.0,0.0,0.0,0.0,0.0,25,4
MN,Pine,46.02969896104619,-92.89776867090882,0.0779896013864818,0.016464471403812825,0.0,0.0,0.0,0.0,1154,863
MN,Pipestone,44.15087576434247,-96.11941078122973,0.0,0.0,0.0,0.0,0.0,0.0,32,9
MN,Polk,47.622105285909406,-95.89227170630836,0.0,0.0440251572327044,0.0,0.0,0.0,0.0,159,65
MN,Pope,45.631176964802606,-95.4505699584707,0.0,0.0,0.0,0.027777777777777776,0.0,0.0,252,110
MN,Ramsey,44.99930574398677,-93.1136314180436,0.16881522406384286,0.06568446899938613,0.058931860036832415,0.002578268876611418,0.02983425414364641,0.003928790669122161,8145,7271
MN,Red Lake,47.811792153846156,-95.97776146153845,0.0,0.0,0.0,0.0,0.0,0.0,26,8
MN,Redwood,44.41835125999151,-95.22259209753487,0.0,0.04555808656036447,0.0,0.10250569476082004,0.0,0.0,439,202
MN,Renville,44.708874783606085,-94.95748028997495,0.0,0.03819444444444445,0.0,0.0,0.0,0.0,576,251
MN,Rice,44.38374709016097,-93.29224618256731,0.022237665045170257,0.03822098679638638,0.03613620569840167,0.024322446143154968,0.0,0.008339124391938846,1439,1007
MN,Rock,43.64492446280993,-96.23095978580089,0.10526315789473684,0.0,0.0,0.0,0.0,0.0,57,26
MN,Roseau,48.84361247214986,-95.59926500462484,0.0,0.019801980198019802,0.024752475247524754,0.0,0.0,0.0,202,93
MN,Saint Louis,47.39781833333333,-92.60459133333333,0.0,0.0,0.0,0.0,0.0,0.0,9,4
MN,Scott,44.706058968390025,-93.48039165784058,0.054209183673469385,0.07716836734693877,0.11096938775510204,0.036989795918367346,0.0,0.00701530612244898,1568,1174
MN,Sherburne,45.36911451256341,-93.69778137288048,0.013235294117647059,0.13529411764705881,0.16838235294117648,0.1375,0.0,0.005147058823529412,1360,995
MN,Sibley,44.56004523387547,-94.13001270232412,0.0,0.01978021978021978,0.0,0.03956043956043956,0.0,0.017582417582417582,455,221
MN,St. Louis,47.14732469595602,-92.47337678218184,0.04809343868086568,0.05015458605290278,0.06767433871521814,0.07214015802129853,0.012366884232222604,0.0024046719340432843,2911,1795
MN,Stearns,45.54668350789038,-94.50918968281631,0.08409859835669406,0.05606573223779604,0.04688255195746738,0.02513291445142581,0.0,0.0014499758337361043,2069,1565
MN,Steele,44.01618338944992,-93.22562702480813,0.05646359583952452,0.014858841010401188,0.0,0.13670133729569092,0.0,0.0,673,514
MN,Stevens,45.59860956406781,-95.8842824134159,0.030534351145038167,0.03816793893129771,0.0,0.0,0.0,0.0,131,51
MN,Swift,45.27418218616552,-95.61452034374965,0.0,0.0136986301369863,0.0,0.045662100456621,0.0,0.0,219,72
MN,Todd,46.04995370550881,-94.91940380888877,0.009408602150537635,0.0,0.0,0.004032258064516129,0.0,0.0,744,371
MN,Traverse,45.8012775,-96.528977,0.0,0.0,0.0,0.0,0.0,0.0,5,2
MN,Wabasha,44.302947595904705,-92.19898585812889,0.0,0.047619047619047616,0.008658008658008658,0.15151515151515152,0.0,0.0,462,189
MN,Wadena,46.52544779523948,-95.08870519170361,0.0,0.0,0.0,0.0,0.0,0.0,231,100
MN,Waseca,44.05630072923067,-93.57259447828007,0.03553299492385787,0.0,0.025380710659898477,0.0,0.0,0.0,197,116
MN,Washington,45.010661420137794,-92.92437342499863,0.06933565419205105,0.11604293588627793,0.11082100377139542,0.017406440382941687,0.013054830287206266,0.0023208587177255585,3447,2614
MN,Watonwan,43.977090714442944,-94.5948497287692,0.04823151125401929,0.0,0.0,0.028938906752411574,0.0,0.0,311,163
MN,Wilkin,46.32971067179285,-96.4745029157414,0.0,0.0,0.0,0.0,0.0,0.0,40,13
MN,Winona,43.97095044454637,-91.70566057819585,0.06165540540540541,0.05827702702702703,0.057432432432432436,0.016047297297297296,0.0,0.006756756756756757,1184,804
MN,Wright,45.2374898163576,-93.81911809339836,0.02406015037593985,0.10714285714285714,0.10939849624060151,0.02218045112781955,0.0,0.0015037593984962407,2660,1926
MN,Yellow Medicine,44.7454509036271,-95.63931894490884,0.02032520325203252,0.028455284552845527,0.012195121951219513,0.0,0.0,0.0,246,116
MO,Andrew,39.897395384359086,-94.86316468295232,0.10606060606060606,0.0,0.0,0.0,0.0,0.0,66,16
MO,Atchison,40.49823436862187,-95.59703955761944,0.0,0.0,0.0,0.0,0.0,0.0,26,9
MO,Audrain,39.223078352665915,-91.663097620458,0.0,0.0,0.0,0.0,0.0,0.0,48,17
MO,Barton,37.51095879166667,-94.315979375,0.0,0.0,0.0,0.0,0.0,0.0,24,4
MO,Bates,38.094924,-94.348851,1.0,0.0,0.0,0.0,0.0,0.0,7,1
MO,Boone,38.96353467680924,-92.34699571315542,0.08958333333333333,0.027083333333333334,0.04791666666666667,0.0125,0.0,0.0,480,285
MO,Buchanan,39.71063268198495,-94.80131525064354,0.11494252873563218,0.0,0.16091954022988506,0.0,0.0,0.0,261,121
MO,Caldwell,39.6963025,-94.06122211538461,0.07692307692307693,0.0,0.0,0.0,0.0,0.0,26,7
MO,Callaway,38.87317612859255,-91.94649952157927,0.1597222222222222,0.0,0.0,0.0,0.0,0.0,144,77
MO,Camden,37.919486,-92.709061,0.0,0.0,0.0,0.0,0.0,0.0,5,1
MO,Cape Girardeau,37.37346544270834,-89.61257534375,0.109375,0.0,0.078125,0.0,0.0,0.0,64,23
MO,Carroll,39.35807,-93.481918,0.0,0.0,0.0,0.0,0.0,0.0,4,1
MO,Carter,36.949949571428576,-91.12643242857143,0.0,0.0,0.0,0.0,0.0,0.0,7,2
MO,Cass,38.75261010388022,-94.45921608701985,0.11868686868686869,0.0,0.0,0.0,0.0,0.0,396,307
MO,Cedar,37.866476,-93.920253,0.0,0.0,0.0,0.0,0.0,0.0,2,1
MO,Christian,37.0326510526672,-93.4215941783105,0.0,0.07563025210084033,0.0,0.0,0.0,0.0,119,40
MO,Clay,39.20357527164853,-94.52226304732237,0.16481547832318166,0.033321390182730205,0.06055177355786456,0.01146542457900394,0.006449301325689717,0.0,2791,2364
MO,Clinton,39.52723270446003,-94.3127334999434,0.0,0.0,0.0,0.0,0.0,0.0,32,16
MO,Cole,38.58101146333333,-92.2073044625,0.2916666666666667,0.0,0.0,0.0,0.0,0.0,24,6
MO,Cooper,38.94084964586988,-92.82160161595075,0.10344827586206896,0.0,0.0,0.0,0.0,0.0,116,80
MO,Crawford,38.09816202888759,-91.36958161917272,0.05555555555555555,0.05555555555555555,0.0,0.0,0.0,0.0,54,28
MO,Dade,37.288673,-93.954223,0.0,0.0,0.0,0.0,0.0,0.0,4,1
MO,Dallas,37.61173324608141,-93.11394986451755,0.0,0.0,0.1323529411764706,0.0,0.0,0.0,68,18
MO,Daviess,39.92280960869565,-94.13712182608695,0.0,0.0,0.0,0.0,0.0,0.0,23,7
MO,DeKalb,39.98073733333333,-94.59499893333333,0.0,0.0,0.0,0.0,0.0,0.0,15,2
MO,Dekalb,39.758121,-94.31317941935484,0.16129032258064516,0.0,0.0,0.0,0.0,0.0,31,8
MO,Douglas,36.953641,-92.650506,0.0,0.0,0.0,0.0,0.0,0.0,3,1
MO,Dunklin,36.17537107380952,-90.13528983285714,0.0,0.0,0.0,0.0,0.0,0.0,28,8
MO,Franklin,38.43920090793393,-90.93026170380993,0.13761467889908258,0.04281345565749235,0.09174311926605505,0.045871559633027525,0.0,0.0,327,173
MO,Greene,37.19568507367301,-93.3058418227301,0.015428497342149617,0.07156748346946713,0.16997277323998444,0.008556981719175419,0.09010761052768054,0.021003500583430573,7713,4390
MO,Harrison,40.4158941534899,-93.97837912287488,0.0,0.0,0.0,0.0,0.0,0.0,13,6
MO,Henry,38.22080254536523,-93.76113295510406,0.0,0.0,0.0,0.0,0.0,0.0,3,1
MO,Hickory,37.890893,-93.54330899999998,0.0,0.0,0.0,0.0,0.0,0.0,3,1
MO,Holt,40.1492313144489,-95.28706327712142,0.15217391304347827,0.0,0.0,0.0,0.0,0.0,46,23
MO,Howard,39.00354,-92.716797,0.0,0.0,0.0,0.0,0.0,0.0,3,1
MO,Howell,36.76848720932433,-91.87150530788288,0.0,0.0,0.24324324324324326,0.0,0.0,0.0,74,21
MO,Jackson,39.03318486520388,-94.49925922734305,0.15214424951267055,0.05789473684210526,0.07319688109161793,0.0036062378167641324,0.009064327485380117,0.002631578947368421,10260,9100
MO,Jasper,37.106407975405055,-94.4375717715982,0.037383177570093455,0.04205607476635514,0.2336448598130841,0.0,0.0,0.0,214,68
MO,Jefferson,38.33948489918947,-90.44586363705913,0.07763157894736843,0.015789473684210527,0.19473684210526315,0.013157894736842105,0.0,0.009210526315789473,760,410
MO,Johnson,38.768972125,-93.6261415,0.0,0.0,0.0,0.5833333333333334,0.0,0.0,12,4
MO,Laclede,37.65760322146817,-92.64406627034307,0.24193548387096775,0.0,0.0,0.0,0.0,0.0,124,76
MO,Lafayette,39.00482056191623,-93.88443808712101,0.075,0.0,0.0,0.0,0.0,0.0,200,143
MO,Lawrence,37.13802036825947,-93.75911529683908,0.3392857142857143,0.0,0.0,0.0,0.0,0.0,56,35
MO,Lewis,40.08158460869565,-91.72909095652174,0.0,0.0,0.0,0.0,0.0,0.0,23,6
MO,Lincoln,38.95944198113208,-90.83007998113207,0.0,0.0,0.0,0.0,0.0,0.0,53,14
MO,Linn,39.759499,-92.89405800000002,0.0,0.0,0.0,0.0,0.0,0.0,6,1
MO,Macon,39.81430242098202,-92.55565232937634,0.0,0.0,0.0,0.0,0.0,0.0,24,5
MO,Maries,38.14282789943308,-91.80641453884287,0.0,0.0,0.0,0.0,0.0,0.0,25,7
MO,Marion,39.739945581306074,-91.46333931029346,0.0,0.0,0.0,0.0,0.0,0.0,56,11
MO,McDonald,36.676549906098224,-94.36838662630045,0.038461538461538464,0.0,0.0,0.0,0.0,0.0,52,11
MO,Miller,38.18303300653595,-92.43883713725491,0.0,0.0,0.0,0.0,0.0,0.0,51,12
MO,Mississippi,36.898332233681465,-89.4590352748876,0.0,0.0,0.0,0.0,0.0,0.0,15,6
MO,Moniteau,38.6538058578978,-92.79858203632352,0.0,0.0,0.25,0.0,0.0,0.0,12,3
MO,Monroe,39.5972665,-91.8434465,0.0,0.0,0.0,0.0,0.0,0.0,16,5
MO,Montgomery,38.8867630176556,-91.42659447909514,0.10344827586206896,0.0,0.0,0.0,0.0,0.0,145,108
MO,Morgan,38.50562793548387,-92.77342958064517,0.0,0.0,0.0,0.0,0.0,0.0,31,9
MO,New Madrid,36.71889420720471,-89.55726322368228,0.16666666666666666,0.0,0.0,0.0,0.0,0.0,54,14
MO,Newton,36.977475349924994,-94.49340111758946,0.1949685534591195,0.06289308176100629,0.06918238993710692,0.025157232704402517,0.0,0.0,159,73
MO,Nodaway,40.41307042857142,-94.97838957142856,0.0,0.0,0.0,0.2857142857142857,0.0,0.0,14,4
MO,Oregon,36.516879,-91.540613,0.0,0.0,0.0,0.0,0.0,0.0,3,1
MO,Osage,38.404200200000005,-92.05005960000001,0.0,0.0,0.0,0.0,0.0,0.0,10,2
MO,Pemiscot,36.16443354531011,-89.7723859509792,0.08620689655172414,0.0,0.0,0.0,0.0,0.0,58,28
MO,Perry,37.704626052086546,-89.84531698473714,0.14102564102564102,0.0,0.0,0.0,0.0,0.0,78,29
MO,Phelps,37.97004004649685,-91.74444261181122,0.12631578947368421,0.0,0.0,0.0,0.0,0.0,95,56
MO,Pike,39.334682,-91.1878596923077,0.0,0.0,0.0,0.0,0.0,0.0,26,7
MO,Platte,39.263482709723995,-94.67374315496988,0.1669407894736842,0.006578947368421052,0.017269736842105265,0.0,0.0,0.0,1216,1033
MO,Polk,37.56057158312353,-93.35632638240679,0.0,0.0,0.0,0.0,0.0,0.0,59,15
MO,Pulaski,37.80721542760319,-92.2280423468488,0.09195402298850575,0.0,0.0,0.0,0.0,0.0,87,44
MO,Ralls,39.55621462473389,-91.53731187340766,0.0,0.0,0.0,0.0,0.0,0.0,59,15
MO,Randolph,39.349239,-92.3525,0.0,0.0,0.0,0.0,0.0,0.0,6,1
MO,Reynolds,37.478673,-90.891909,0.0,0.0,0.0,0.0,0.0,0.0,2,1
MO,Saline,38.965180667632595,-93.2435272969814,0.21875,0.0,0.0,0.0,0.0,0.0,160,108
MO,Scotland,40.4536,-92.091582,0.0,0.0,0.0,0.0,0.0,0.0,4,1
MO,Scott,36.97698546092414,-89.53702246881191,0.5526315789473685,0.0,0.0,0.0,0.0,0.0,38,14
MO,St Charles,38.77882115151039,-90.68866858075852,0.16379310344827586,0.01939655172413793,0.13793103448275862,0.015086206896551725,0.0,0.0,464,265
MO,St Clair,37.98508336363636,-93.62841281818181,0.0,0.0,0.0,0.0,0.0,0.0,11,2
MO,St Louis,38.649786232211866,-90.39382216602844,0.16514320536258378,0.010968921389396709,0.15173674588665448,0.010968921389396709,0.0,0.0030469226081657527,1641,1164
MO,St Louis (City),38.63744855512498,-90.22525375941059,0.25601374570446733,0.02577319587628866,0.07216494845360824,0.024054982817869417,0.044673539518900345,0.03608247422680412,582,458
MO,St. Charles,38.78774906161953,-90.6066639903292,0.05664372683959767,0.028586553732133403,0.14346214928533615,0.03440974060349391,0.01270513499205929,0.0026469031233456856,1889,1132
MO,St. Francois,37.885070000000006,-90.54136753333334,0.0,0.0,0.0,0.0,0.0,0.0,30,4
MO,St. Louis City,38.63102943978014,-90.22619311965701,0.10596833130328867,0.029232643118148598,0.09561510353227771,0.021315468940316686,0.023142509135200974,0.024969549330085262,1642,1381
MO,St. Louis County,38.64841033181844,-90.39482812310763,0.08487007544006706,0.008801341156747695,0.16890192791282482,0.007334450963956412,0.0,0.0008382229673093043,4772,3982
MO,Ste Genevieve,37.918611261414036,-90.03969026266334,0.0,0.0,0.06666666666666667,0.0,0.0,0.0,60,14
MO,Stoddard,36.78712052631579,-89.92721989473684,0.0,0.0,0.0,0.0,0.0,0.0,19,6
MO,Stone,36.70132811764706,-93.44430220588235,0.0,0.0,0.0,0.0,0.0,0.0,34,8
MO,Taney,36.6789639,-93.17539773333333,0.0,0.0,0.0,0.0,0.0,0.0,30,7
MO,Texas,37.27233296153846,-91.96907023076923,0.0,0.0,0.0,0.0,0.0,0.0,26,5
MO,Vernon,37.910689,-94.349056,0.0,0.0,0.0,0.0,0.0,0.0,4,1
MO,Warren,38.81133721678964,-91.09343633354165,0.13615023474178403,0.0,0.004694835680751174,0.0,0.0,0.0,213,139
MO,Washington,38.01586431127299,-90.74768048212702,0.0,0.0,0.0,0.0,0.0,0.0,21,5
MO,Webster,37.272090386651634,-92.98314224966823,0.15625,0.0,0.0,0.0,0.0,0.0,96,54
MS,Adams,31.555980377420866,-91.30861018978892,0.0,0.0,0.0,0.0,0.0,0.0,24,4
MS,Alcorn,34.86363296651498,-88.56067676751633,0.0,0.0,0.1724137931034483,0.0,0.0,0.0,29,6
MS,Amite,31.195187363636364,-90.9448354090909,0.0,0.0,0.0,0.0,0.0,0.0,22,4
MS,Attala,33.02293776130083,-89.57437886496253,0.0,0.0,0.0,0.0,0.0,0.0,11,3
MS,Benton,34.761713369470804,-89.24510383149472,0.0,0.0,0.0,0.0,0.0,0.0,23,6
MS,Bolivar,33.739101,-90.723457,0.0,0.0,0.0,0.0,0.0,0.0,6,1
MS,Calhoun,33.856008,-89.2758235,0.0,0.0,0.0,0.0,0.0,0.0,2,2
MS,Carroll,33.36261024736994,-89.7725024413896,0.3076923076923077,0.0,0.0,0.0,0.0,0.0,13,5
MS,Clarke,32.205448,-88.843544,0.0,0.0,0.0,0.0,0.0,0.0,4,1
MS,Clay,33.586742,-88.865051,0.0,0.0,0.0,0.0,0.0,0.0,6,1
MS,Coahoma,34.43114954545455,-90.45995154545454,0.0,0.0,0.0,0.0,0.0,0.0,11,2
MS,Copiah,31.89362609119685,-90.3668341570854,0.09090909090909091,0.0,0.0,0.0,0.0,0.0,121,44
MS,Covington,31.587869888888893,-89.5225760388889,0.0,0.0,0.16666666666666666,0.0,0.0,0.0,30,15
MS,DeSoto,34.92097259154783,-89.96252351704399,0.10729023383768914,0.0041265474552957355,0.09766162310866575,0.0,0.0,0.0,727,470
MS,Forrest,31.295616806464523,-89.3130950433935,0.039619651347068144,0.12361331220285261,0.27892234548335976,0.12361331220285261,0.025356576862123614,0.022187004754358162,631,394
MS,Franklin,31.4669565,-90.91359272222222,0.0,0.0,0.0,0.0,0.0,0.0,18,4
MS,George,30.871570603638794,-88.70502860993759,0.0,0.0,0.0,0.0,0.0,0.0,49,9
MS,Greene,31.112804800000003,-88.688238,0.0,0.0,0.0,0.0,0.0,0.0,5,2
MS,Grenada,33.78645116174434,-89.83533367823041,0.0,0.0,0.13043478260869565,0.0,0.0,0.0,23,11
MS,Hancock,30.34169670299085,-89.4756168449413,0.022058823529411766,0.0,0.0661764705882353,0.0,0.0,0.0,136,73
MS,Harrison,30.433547893805077,-89.05461207210381,0.07780320366132723,0.034324942791762014,0.16247139588100687,0.016018306636155607,0.0,0.0,437,241
MS,Hinds,32.301081090687674,-90.22117357005978,0.12343665035345297,0.004350190320826536,0.017400761283306143,0.0016313213703099511,0.0038064165307232192,0.0,1839,1563
MS,Holmes,33.03703119309467,-89.90348574166688,0.0,0.0,0.0,0.0,0.0,0.0,11,3
MS,Humphreys,33.18374183586615,-90.54927072018192,0.0,0.0,0.0,0.0,0.0,0.0,12,3
MS,Itawamba,34.26355010654296,-88.33026946324722,0.0,0.0,0.0,0.0,0.0,0.0,60,18
MS,Jackson,30.443999187772786,-88.62745838595421,0.033932135728542916,0.01996007984031936,0.14570858283433133,0.0,0.0,0.0,501,338
MS,Jasper,31.968848838700406,-89.07030122762531,0.26666666666666666,0.0,0.0,0.0,0.0,0.0,15,7
MS,Jefferson Davis,31.611779500000004,-89.87565849999999,0.0,0.0,0.0,0.0,0.0,0.0,9,2
MS,Jones,31.59456316259022,-89.22815819412192,0.24369747899159663,0.0,0.0,0.0,0.0,0.0,119,50
MS,Lafayette,34.354140183088234,-89.5391276759804,0.0,0.17647058823529413,0.25,0.007352941176470588,0.125,0.0,136,43
MS,Lamar,31.30166963870794,-89.3951977750934,0.03263403263403263,0.037296037296037296,0.29603729603729606,0.004662004662004662,0.0,0.0,429,283
MS,Lauderdale,32.35780608027278,-88.6926528742833,0.3108108108108108,0.02027027027027027,0.02027027027027027,0.0,0.0,0.0,148,87
MS,Lawrence,31.5525036,-90.19294646666667,0.0,0.0,0.0,0.0,0.0,0.0,15,4
MS,Leake,32.743011544275696,-89.53946272188817,0.0,0.0,0.0,0.0,0.0,0.0,62,17
MS,Lee,34.269529756650755,-88.69980963574776,0.20155038759689922,0.05426356589147287,0.05426356589147287,0.0,0.0,0.0,129,59
MS,Leflore,33.506969,-90.320091,0.0,0.0,0.0,0.0,0.0,0.0,4,1
MS,Lincoln,31.544446120719225,-90.4727707045041,0.3333333333333333,0.0,0.0,0.0,0.0,0.0,66,37
MS,Lowndes,33.48441403677809,-88.55578377571148,0.38461538461538464,0.0,0.0,0.0,0.0,0.0,13,5
MS,Madison,32.50127231910448,-90.10784104075807,0.07628865979381444,0.0,0.026804123711340205,0.0,0.0,0.0,485,308
MS,Marion,31.216314999999998,-89.90612,0.0,0.0,0.0,0.0,0.0,0.0,6,1
MS,Marshall,34.82204161039131,-89.56658297774824,0.13953488372093023,0.0,0.0,0.0,0.0,0.0,129,70
MS,Monroe,33.762639,-88.686441,0.0,0.0,0.0,0.0,0.0,0.0,5,1
MS,Montgomery,33.49659271648701,-89.76608038196959,0.45454545454545453,0.0,0.0,0.0,0.0,0.0,11,8
MS,Neshoba,32.71112528382009,-89.03469353488666,0.0,0.0,0.0,0.0,0.0,0.0,13,2
MS,Newton,32.37213187864339,-89.07045412831597,0.0,0.0,0.0,0.0,0.0,0.0,38,17
MS,Oktibbeha,33.463334812080625,-88.79334033241734,0.0,0.15789473684210525,0.10526315789473684,0.0,0.0,0.0,19,5
MS,Panola,34.31404022079627,-89.90667711581507,0.12195121951219512,0.0,0.0,0.0,0.0,0.0,82,33
MS,Pearl River,30.716534816476937,-89.58315625843711,0.19083969465648856,0.0,0.0,0.0,0.0,0.0,131,54
MS,Perry,31.33133003387634,-89.01068050279392,0.0,0.0,0.0,0.42,0.0,0.0,50,15
MS,Pike,31.247516858604055,-90.48200539742213,0.1782178217821782,0.0,0.0,0.0,0.0,0.0,101,41
MS,Pontotoc,34.35196870089776,-88.83922534020137,0.047619047619047616,0.0,0.0,0.0,0.0,0.0,21,9
MS,Prentiss,34.730003,-88.562614,0.0,0.0,0.0,0.0,0.0,0.0,5,1
MS,Quitman,34.306993000000006,-90.27711199999999,0.0,0.0,0.0,0.0,0.0,0.0,5,2
MS,Rankin,32.27988013433255,-90.07249883474188,0.05325443786982249,0.0035502958579881655,0.06863905325443787,0.002366863905325444,0.0,0.0,845,492
MS,Scott,32.352365822483954,-89.53582259406488,0.04477611940298507,0.0,0.05970149253731343,0.0,0.0,0.0,134,48
MS,Sharkey,32.75533831578948,-90.93029884210527,0.0,0.0,0.0,0.0,0.0,0.0,19,3
MS,Simpson,31.923328457190603,-89.86115056628852,0.0,0.0,0.0,0.0375,0.0,0.0,80,21
MS,Smith,32.06896344444445,-89.52798155555556,0.0,0.0,0.0,0.0,0.0,0.0,18,4
MS,Stone,30.84168291603987,-89.2005028196345,0.10344827586206896,0.0,0.0,0.0,0.0,0.0,29,9
MS,Sunflower,33.365631,-90.589783,0.0,0.0,0.0,0.0,0.0,0.0,3,1
MS,Tate,34.66067438420997,-89.95808455736133,0.07777777777777778,0.0,0.0,0.0,0.0,0.0,90,46
MS,Tippah,34.828639430869025,-88.81290462107478,0.0,0.0,0.0,0.0,0.0,0.0,9,2
MS,Tunica,34.595830633333335,-90.40153000000001,0.0,0.0,0.0,0.0,0.0,0.0,15,4
MS,Union,34.47006122386894,-88.94921640713223,0.21428571428571427,0.0,0.0,0.0,0.0,0.0,28,15
MS,Warren,32.34786286673091,-90.79546948894269,0.19696969696969696,0.0,0.0,0.0,0.0,0.0,198,150
MS,Washington,33.35579948648067,-91.02536785289958,0.0,0.0,0.0,0.0,0.0,0.0,39,12
MS,Wayne,31.696363,-88.723106,0.0,0.0,0.0,0.0,0.0,0.0,5,1
MS,Yalobusha,34.00805154870321,-89.84703675570084,0.0,0.0,0.0,0.0,0.0,0.0,57,20
MS,Yazoo,32.84238979344887,-90.26561426025546,0.03296703296703297,0.08791208791208792,0.07692307692307693,0.0,0.0,0.0,91,25
MT,Beaverhead,45.11905077154537,-112.77559285821408,0.08214285714285714,0.007142857142857143,0.0,0.0,0.0,0.017857142857142856,280,153
MT,Big Horn,45.478086081130805,-107.52424736285712,0.02982107355864811,0.0,0.0,0.0,0.0,0.003976143141153081,503,382
MT,Blaine,48.50855275141949,-108.89655060657824,0.0,0.033707865168539325,0.0,0.0,0.0,0.0,89,44
MT,Broadwater,46.233293062074374,-111.54980269543057,0.0,0.0,0.0,0.020710059171597635,0.0,0.029585798816568046,338,169
MT,Carbon,45.34354720901974,-109.05732134944385,0.0,0.010822510822510822,0.0,0.015151515151515152,0.0,0.010822510822510822,462,211
MT,Carter,45.150981538476216,-104.72041339823836,0.0,0.0,0.0,0.0,0.0,0.0,67,34
MT,Cascade,47.42279921367281,-111.39143548737513,0.026376146788990827,0.028669724770642203,0.026376146788990827,0.0,0.0,0.006880733944954129,872,416
MT,Chouteau,47.937280812565334,-110.45776356139594,0.0,0.0,0.0,0.0,0.0,0.045112781954887216,133,61
MT,Custer,46.37442071654155,-105.78592014168584,0.05454545454545454,0.0,0.025454545454545455,0.0,0.0,0.01818181818181818,275,140
MT,Daniels,48.794797,-105.377353,0.0,0.0,0.0,0.0,0.0,0.0,5,1
MT,Dawson,47.11336968477,-104.75602895968122,0.04186046511627907,0.05581395348837209,0.07906976744186046,0.0,0.0,0.0,215,144
MT,Deer Lodge,46.13951143520611,-112.9103969411679,0.0529595015576324,0.0,0.0,0.0,0.0,0.0,321,183
MT,Fallon,46.40595225417824,-104.6593964633795,0.0,0.0,0.0,0.0,0.0,0.0,23,5
MT,Fergus,47.081146151490806,-109.3545076216896,0.0,0.02669902912621359,0.0,0.007281553398058253,0.0,0.03398058252427184,412,177
MT,Flathead,48.24234222723221,-114.27501966378824,0.001943634596695821,0.05668934240362812,0.03206997084548105,0.003239390994493035,0.0,0.009718172983479106,3087,1494
MT,Gallatin,45.611320197409285,-111.1226131229079,0.021868250539956804,0.020248380129589634,0.031587473002159826,0.004319654427645789,0.005399568034557235,0.004049676025917927,3704,2475
MT,Garfield,47.21315461463415,-106.7220261792683,0.0,0.0,0.0,0.07317073170731707,0.0,0.0,41,17
MT,Glacier,48.60056639958215,-112.95468012529214,0.0,0.05511811023622047,0.01968503937007874,0.027559055118110236,0.0,0.0,254,127
MT,Golden Valley,46.28820709054677,-109.05198610523983,0.0,0.0,0.0,0.0,0.0,0.0,92,33
MT,Granite,46.63086136393356,-113.31422089793203,0.023679417122040074,0.023679417122040074,0.01092896174863388,0.01092896174863388,0.0,0.01092896174863388,549,444
MT,Hill,48.51371498068993,-109.85618004797438,0.0,0.018796992481203006,0.0,0.0,0.0,0.0,266,98
MT,Jefferson,46.12759626876369,-112.06966741859004,0.021986970684039087,0.004071661237785016,0.0,0.004071661237785016,0.0,0.003257328990228013,1228,851
MT,Judith Basin,47.11239523976026,-110.25258335208429,0.0,0.0196078431372549,0.0,0.0,0.0,0.0,153,77
MT,Lake,47.62115109397996,-114.12666833633726,0.0,0.027846027846027847,0.03194103194103194,0.0,0.0,0.0,1221,563
MT,Lewis And Clark,46.591403666666665,-112.198451,0.0,0.0,0.0,0.0,0.0,0.0,9,2
MT,Lewis and Clark,46.76020324053166,-112.07157756504064,0.01527614571092832,0.03701527614571093,0.04524089306698002,0.002937720329024677,0.0023501762632197414,0.00881316098707403,1702,890
MT,Liberty,48.504164,-110.9977499347826,0.0,0.0,0.0,0.0,0.0,0.0,23,6
MT,Lincoln,48.57793155359846,-115.40293621594999,0.0,0.0,0.0,0.0,0.0,0.008528784648187633,469,197
MT,Madison,45.35782079611623,-111.77023458270712,0.0,0.0299625468164794,0.0,0.0,0.0,0.0056179775280898875,534,252
MT,McCone,47.489436085588935,-105.83408445613212,0.0,0.0,0.0,0.0,0.0,0.0,33,12
MT,Meagher,46.51329315808352,-110.76618500783793,0.0,0.0,0.0,0.0,0.0,0.0,88,28
MT,Mineral,47.25320596862882,-115.10210512229155,0.1048728813559322,0.0,0.006355932203389831,0.006355932203389831,0.0,0.0,944,796
MT,Missoula,46.910674891452736,-113.96026942017636,0.03527481542247744,0.016817063166529943,0.017227235438884332,0.002050861361771944,0.01804757998359311,0.0036915504511894994,2438,1508
MT,Musselshell,46.41309026542796,-108.49797457023803,0.0,0.0,0.0,0.0,0.0,0.02857142857142857,105,55
MT,Park,45.599098144243214,-110.59006096827783,0.03374485596707819,0.02139917695473251,0.0,0.0,0.0,0.009876543209876543,1215,905
MT,Petroleum,46.95150815731604,-108.4389284240863,0.0,0.0,0.0,0.0,0.0,0.0,27,13
MT,Phillips,48.11638419652338,-108.15340214405127,0.0,0.0,0.0,0.0,0.0,0.0,56,18
MT,Pondera,48.1941945476455,-112.05808037769285,0.06666666666666667,0.06666666666666667,0.0,0.0,0.0,0.0,150,57
MT,Powder River,45.47208055505308,-105.57439970164876,0.0,0.0,0.0,0.05434782608695652,0.0,0.0,92,44
MT,Powell,46.57558323394913,-112.7813021325675,0.04945054945054945,0.018315018315018316,0.0,0.0,0.0,0.0,546,350
MT,Prairie,46.81405254734435,-105.21145304595281,0.0,0.0,0.0,0.0,0.0,0.0,65,36
MT,Ravalli,46.33564041165501,-114.11483862005153,0.0,0.03288490284005979,0.016442451420029897,0.0,0.0,0.0037369207772795215,1338,559
MT,Richland,47.685681452737114,-104.21186563520305,0.0,0.0,0.0,0.0,0.0,0.0,167,58
MT,Roosevelt,48.11845838693957,-105.1782743460039,0.0,0.08771929824561403,0.0,0.0,0.0,0.017543859649122806,171,55
MT,Rosebud,46.06013520029696,-106.58931111203296,0.1,0.0,0.0,0.0,0.0,0.0,330,219
MT,Sanders,47.613125216698386,-115.11234652236118,0.0,0.01991150442477876,0.0,0.022123893805309734,0.0,0.011061946902654867,452,202
MT,Sheridan,48.727533413793104,-104.53296317241379,0.0,0.0,0.0,0.0,0.0,0.0,29,7
MT,Silver Bow,45.960717609275605,-112.57221866422697,0.0893760539629005,0.023608768971332208,0.025295109612141653,0.0,0.0,0.01011804384485666,593,400
MT,Stillwater,45.630491459167615,-109.24865233417015,0.018633540372670808,0.026397515527950312,0.0,0.018633540372670808,0.0,0.010869565217391304,644,471
MT,Sweet Grass,45.78830867100371,-109.90726992342701,0.043333333333333335,0.0,0.0,0.0,0.0,0.0,300,220
MT,Teton,47.79577842258122,-112.00141253149714,0.05217391304347826,0.0,0.0,0.0,0.0,0.0,115,34
MT,Toole,48.6562093009361,-111.85663358688323,0.10638297872340426,0.0,0.0,0.0,0.0,0.0,94,43
MT,Treasure,46.2396294716205,-107.24093788784177,0.03636363636363636,0.0,0.0,0.0,0.0,0.0,110,71
MT,Valley,48.24545227071899,-106.4821959302902,0.0,0.0,0.0,0.0,0.0,0.0,123,43
MT,Wheatland,46.459394588911735,-109.79261708463866,0.0,0.0,0.0,0.047619047619047616,0.0,0.047619047619047616,63,25
MT,Wibaux,46.9494944365864,-104.18491923296361,0.14634146341463414,0.0,0.0,0.0,0.0,0.17073170731707318,41,19
MT,Yellowstone,45.807723461508374,-108.4622717261297,0.04107360715738105,0.023993493289955266,0.026026840178934526,0.0024400162667751117,0.0,0.0036600244001626678,2459,1390
NC,Alamance,36.06341844879833,-79.39786001435276,0.07311827956989247,0.02258064516129032,0.04408602150537634,0.0064516129032258064,0.0,0.013978494623655914,930,536
NC,Alexander,35.90110653260572,-81.19459009260773,0.0,0.05,0.0,0.0,0.0,0.0,200,68
NC,Alleghany,36.46377565384615,-81.06246975128205,0.0,0.0,0.0,0.0,0.0,0.0,65,18
NC,Anson,35.00256839781673,-80.13056054258561,0.0,0.0,0.0,0.07368421052631578,0.0,0.0,190,58
NC,Ashe,36.42924938814753,-81.43370814424512,0.0,0.0,0.0,0.0,0.0,0.0,111,31
NC,Avery,36.09734597078793,-81.89051361715116,0.0,0.0,0.029850746268656716,0.0,0.0,0.04477611940298507,134,43
NC,Beaufort,35.52232337346078,-76.9515815497511,0.0072992700729927005,0.043795620437956206,0.0364963503649635,0.040145985401459854,0.0,0.029197080291970802,274,82
NC,Bertie,36.074658332878556,-76.99417207906907,0.0,0.0,0.06521739130434782,0.021739130434782608,0.0,0.0,138,42
NC,Bladen,34.64826770516318,-78.63716447560284,0.0,0.0,0.06832298136645963,0.0,0.0,0.0,322,100
NC,Brunswick,34.10859862077776,-78.18036440334872,0.02244039270687237,0.008415147265077139,0.08274894810659186,0.001402524544179523,0.0,0.008415147265077139,713,322
NC,Buncombe,35.5486938901786,-82.56575903203226,0.07151793160967473,0.024395329441201,0.10237698081734779,0.012093411175979984,0.0,0.004170141784820684,4796,3397
NC,Burke,35.73791832978091,-81.65693358538539,0.04032258064516129,0.016129032258064516,0.016129032258064516,0.014516129032258065,0.0,0.0,620,287
NC,Cabarrus,35.40619851580917,-80.62481596078491,0.059322033898305086,0.0,0.06638418079096045,0.009887005649717515,0.0,0.0,708,467
NC,Caldwell,35.85555933394768,-81.48850212554818,0.0,0.04895104895104895,0.1258741258741259,0.0,0.0,0.0,286,106
NC,Camden,36.39084961864981,-76.25256770405775,0.0,0.0,0.0,0.0,0.0,0.0,19,5
NC,Carteret,34.687387269410934,-77.0475321112361,0.0,0.0,0.09090909090909091,0.0,0.0,0.0,33,13
NC,Caswell,36.40882726413194,-79.34510661780588,0.034482758620689655,0.0,0.028735632183908046,0.040229885057471264,0.0,0.034482758620689655,174,54
NC,Catawba,35.69341327842224,-81.25425603756136,0.04369918699186992,0.021341463414634148,0.06402439024390244,0.0,0.0,0.0020325203252032522,984,375
NC,Chatham,35.70819489551199,-79.16003427662679,0.047058823529411764,0.01568627450980392,0.07647058823529412,0.0,0.0,0.0,510,174
NC,Cherokee,35.08704680834653,-84.0253371272793,0.0,0.02100840336134454,0.05042016806722689,0.0,0.0,0.0,238,77
NC,Chowan,36.13275817911831,-76.64205826989291,0.0,0.0,0.0,0.0,0.0,0.0,16,5
NC,Clay,35.03620836637171,-83.80105726974269,0.0,0.0,0.016666666666666666,0.1,0.0,0.0,120,55
NC,Cleveland,35.27898846891501,-81.48953830913459,0.05963302752293578,0.013761467889908258,0.027522935779816515,0.0389908256880734,0.0,0.0,436,185
NC,Columbus,34.28051776590593,-78.64792129022462,0.0026666666666666666,0.010666666666666666,0.0,0.021333333333333333,0.0,0.0,375,121
NC,Craven,35.196649043482,-77.13305491987487,0.03125,0.090625,0.05,0.0,0.0,0.0,320,122
NC,Cumberland,35.096774695660656,-78.78720514378789,0.05908798972382787,0.015414258188824663,0.07257546563904946,0.014129736673089274,0.0,0.0,1557,1013
NC,Currituck,36.289989975412084,-75.94550997774358,0.0,0.0111731843575419,0.027932960893854747,0.0,0.0,0.0,179,64
NC,Dare,35.58870880937281,-75.59615446627497,0.0,0.09090909090909091,0.0,0.0,0.0,0.0,66,22
NC,Davidson,35.82508157058477,-80.20949863824995,0.04777777777777778,0.0,0.023333333333333334,0.022222222222222223,0.0,0.0044444444444444444,900,421
NC,Davie,35.92989829466775,-80.53116911058368,0.0681198910081744,0.0,0.01907356948228883,0.08174386920980926,0.0,0.0,367,211
NC,Duplin,34.907222369727215,-77.99907367373677,0.02,0.015555555555555555,0.0,0.0,0.0,0.0,450,156
NC,Durham,35.95953589007242,-78.88661049387775,0.12027334851936218,0.06697038724373576,0.11890660592255126,0.0214123006833713,0.015945330296127564,0.006378132118451025,2195,1540
NC,Edgecombe,35.90791065669842,-77.59337156525345,0.018518518518518517,0.0,0.022222222222222223,0.03333333333333333,0.0,0.0,270,97
NC,Forsyth,36.11117322178913,-80.2331738407069,0.14675632911392406,0.021360759493670885,0.0680379746835443,0.03441455696202532,0.0011867088607594937,0.004746835443037975,2528,1578
NC,Franklin,36.029666935521554,-78.34618784797965,0.007984031936127744,0.0,0.08782435129740519,0.01996007984031936,0.0,0.0,501,177
NC,Gaston,35.27559678638523,-81.14667353207575,0.08850931677018634,0.017080745341614908,0.021739130434782608,0.006987577639751553,0.0,0.0,1288,814
NC,Gates,36.482071472647334,-76.70896316659719,0.0,0.0,0.0,0.0,0.0,0.0,90,30
NC,Graham,35.33730895345847,-83.81197725306258,0.0,0.0,0.05357142857142857,0.0,0.0,0.0,112,30
NC,Granville,36.20267388749942,-78.66706269029119,0.08055009823182711,0.007858546168958742,0.0412573673870334,0.08644400785854617,0.0,0.0,509,227
NC,Greene,35.498492731115476,-77.66821987754801,0.0,0.0,0.0,0.0,0.0,0.0,131,46
NC,Guilford,36.056416546540056,-79.80734148708558,0.17015170151701517,0.013120131201312012,0.06150061500615006,0.013530135301353014,0.0,0.0008200082000820008,2439,1566
NC,Halifax,36.32223333484766,-77.71872856460966,0.03275529865125241,0.0,0.01348747591522158,0.0,0.0,0.0,519,280
NC,Harnett,35.332854800418424,-78.75582431626671,0.04686258935663225,0.0,0.04447974583002383,0.023828435266084195,0.0,0.0,1259,716
NC,Haywood,35.56640560483061,-82.94499684908011,0.10440340909090909,0.007102272727272727,0.026278409090909092,0.0,0.0,0.0,1408,909
NC,Henderson,35.355797215365996,-82.46932139495934,0.03527074018877298,0.009438648782911079,0.10581222056631892,0.009935419771485345,0.0,0.0,2013,1277
NC,Hertford,36.353122965949105,-76.9240192620576,0.0,0.1038961038961039,0.0,0.0,0.0,0.0,77,23
NC,Hoke,34.996509411975445,-79.21471591575778,0.0,0.11904761904761904,0.02976190476190476,0.03571428571428571,0.0,0.0,168,73
NC,Iredell,35.7122883457733,-80.86844981075673,0.07810413885180241,0.030040053404539385,0.04606141522029372,0.0033377837116154874,0.0,0.0,1498,1022
NC,Jackson,35.31688630354569,-83.19963045774885,0.023008849557522124,0.02831858407079646,0.06017699115044248,0.01415929203539823,0.0,0.0,565,204
NC,Johnston,35.543862188326194,-78.42583859863898,0.06205923836389281,0.0023507287259050304,0.05594734367653973,0.007522331922896097,0.0,0.003291020216267043,2127,1188
NC,Jones,35.03439213690859,-77.4171512568471,0.0,0.0,0.0,0.08411214953271028,0.0,0.0,107,35
NC,Lee,35.45520210198004,-79.16663100818595,0.06418918918918919,0.0,0.08108108108108109,0.0,0.0,0.0,296,124
NC,Lenoir,35.243151153917815,-77.64021618709364,0.018518518518518517,0.05185185185185185,0.03333333333333333,0.011111111111111112,0.0,0.025925925925925925,270,85
NC,Lincoln,35.482584407120775,-81.18194467397602,0.024528301886792454,0.0,0.033962264150943396,0.01509433962264151,0.0,0.0,530,191
NC,Macon,35.14081443945495,-83.32049148184667,0.0,0.0,0.006968641114982578,0.0,0.0,0.0,287,104
NC,Madison,35.845306257121464,-82.64992050645108,0.04,0.0,0.0,0.032,0.0,0.0,250,95
NC,Martin,35.87071141002118,-77.1653306358615,0.0,0.048484848484848485,0.0,0.030303030303030304,0.0,0.0,165,47
NC,McDowell,35.68116182438387,-82.0353681047088,0.04885057471264368,0.0,0.01293103448275862,0.02442528735632184,0.0,0.010057471264367816,696,367
NC,Mcdowell,35.833344,-82.046082,0.0,0.0,0.0,0.0,0.0,0.0,4,1
NC,Mecklenburg,35.21388428788145,-80.83267929005798,0.026788381123058543,0.2139523596176822,0.2355884109916368,0.020030615292712068,0.016539725209080047,0.0174357825567503,53568,39578
NC,Mitchell,35.93482924959596,-82.12394256144782,0.0,0.0,0.0,0.0,0.0,0.04040404040404041,99,30
NC,Montgomery,35.318973701965454,-79.86764821490645,0.026455026455026454,0.0,0.0,0.0,0.0,0.0,189,67
NC,Moore,35.26652038027685,-79.46844510211895,0.0,0.034383954154727794,0.008595988538681949,0.011461318051575931,0.0,0.0,349,106
NC,Nash,35.94342559557951,-77.96278944575943,0.09572901325478646,0.0,0.011782032400589101,0.005891016200294551,0.0,0.004418262150220913,679,355
NC,New Hanover,34.25643068920114,-77.89476634444544,0.07927677329624479,0.02364394993045897,0.18219749652294853,0.03477051460361613,0.0,0.0,719,383
NC,Northampton,36.451243175943375,-77.53435860832256,0.11328125,0.0625,0.0,0.0,0.0,0.0,256,99
NC,Onslow,34.71586055634648,-77.45170596433206,0.028205128205128206,0.0,0.09743589743589744,0.017948717948717947,0.0,0.0,390,145
NC,Orange,36.04589754530515,-79.10593308421501,0.09152542372881356,0.038135593220338986,0.053389830508474574,0.048305084745762714,0.0,0.0,1180,750
NC,Pamlico,35.15331203496302,-76.78819127928273,0.0,0.09090909090909091,0.09090909090909091,0.0,0.0,0.0,66,14
NC,Pasquotank,36.36018323163114,-76.30584798843918,0.0,0.06796116504854369,0.038834951456310676,0.0,0.0,0.0,103,29
NC,Pender,34.47070937859787,-77.83390668612498,0.016339869281045753,0.0,0.09640522875816994,0.008169934640522876,0.0,0.017973856209150325,612,319
NC,Perquimans,36.165779058147876,-76.4921487572534,0.0,0.0,0.0,0.0,0.0,0.0,59,17
NC,Person,36.37011911105737,-78.97621460591097,0.0,0.0,0.0,0.0,0.0,0.0,107,41
NC,Pitt,35.57811922212825,-77.36873048042182,0.029649595687331536,0.04851752021563342,0.15902964959568733,0.009433962264150943,0.0,0.0,742,239
NC,Polk,35.25606094921528,-82.20458403077004,0.06451612903225806,0.0,0.0,0.0,0.0,0.0,341,200
NC,Randolph,35.765798223620884,-79.85655708775879,0.05351170568561873,0.03567447045707915,0.03678929765886288,0.027870680044593088,0.0,0.013377926421404682,897,325
NC,Richmond,34.9677927247244,-79.77134200341558,0.08,0.0,0.02,0.0,0.0,0.0,200,73
NC,Robeson,34.69500245472198,-79.08467083661041,0.08094848732624693,0.0,0.0,0.0,0.0,0.001635322976287817,1223,704
NC,Rockingham,36.38613805943859,-79.7781320793631,0.027196652719665274,0.03347280334728033,0.0397489539748954,0.02092050209205021,0.0,0.010460251046025104,478,149
NC,Rowan,35.61914104684565,-80.51167597652558,0.03094059405940594,0.024752475247524754,0.05198019801980198,0.0049504950495049506,0.0,0.0,808,444
NC,Rutherford,35.351840745868635,-81.87863966095576,0.0598669623059867,0.06208425720620843,0.015521064301552107,0.024390243902439025,0.0,0.0066518847006651885,451,144
NC,Sampson,35.07436714188015,-78.34606752247798,0.034482758620689655,0.013793103448275862,0.022988505747126436,0.03908045977011494,0.0,0.0,435,163
NC,Scotland,34.79067188942277,-79.4662178880855,0.08979591836734693,0.024489795918367346,0.07346938775510205,0.0,0.0,0.0,245,89
NC,Stanly,35.32178676745372,-80.24149664366455,0.0,0.037037037037037035,0.0,0.0,0.0,0.0,162,44
NC,Stokes,36.32666869223827,-80.26223410716335,0.1073170731707317,0.024390243902439025,0.0,0.0,0.0,0.0,205,89
NC,Surry,36.40739639856063,-80.70406096491699,0.04430379746835443,0.0,0.008438818565400843,0.0,0.0,0.0,474,214
NC,Swain,35.40461895946922,-83.48898354695278,0.0,0.0,0.0,0.0,0.0,0.0,138,45
NC,Transylvania,35.192886627956504,-82.78443620757265,0.0,0.020905923344947737,0.06620209059233449,0.010452961672473868,0.0,0.0,287,100
NC,Tyrrell,35.92080004228059,-76.12250476676047,0.0,0.0,0.0,0.0,0.0,0.0,34,18
NC,Union,35.03443532550639,-80.58342102030642,0.018604651162790697,0.0,0.09767441860465116,0.10697674418604651,0.0,0.006201550387596899,645,269
NC,Vance,36.3356540646974,-78.39372392420944,0.026755852842809364,0.026755852842809364,0.07692307692307693,0.06020066889632107,0.0,0.0,299,137
NC,Wake,35.802315487221655,-78.63901977557711,0.02717763584189577,0.2287882995464223,0.18935480884939368,0.0448579098398593,0.06650004628343978,0.027918170878459686,54015,35920
NC,Warren,36.42461011175152,-78.17510186746428,0.08982035928143713,0.0,0.04790419161676647,0.05389221556886228,0.0,0.0,167,76
NC,Washington,35.851983304347826,-76.65978741304347,0.0,0.0,0.21739130434782608,0.17391304347826086,0.0,0.0,46,11
NC,Watauga,36.21093653809524,-81.70663127380953,0.0,0.03571428571428571,0.07857142857142857,0.0,0.09285714285714286,0.0,140,43
NC,Wayne,35.35773780295213,-77.99260463168393,0.059149722735674676,0.0,0.033271719038817,0.0073937153419593345,0.0,0.0,541,160
NC,Wilkes,36.20014387447115,-81.12651081877952,0.012048192771084338,0.015060240963855422,0.0,0.0,0.0,0.0,332,118
NC,Wilson,35.718164233937316,-77.94349068363536,0.09090909090909091,0.0,0.040106951871657755,0.0,0.0,0.0,374,149
NC,Yadkin,36.16738163480539,-80.71718655574466,0.12075471698113208,0.0,0.0,0.0,0.0,0.007547169811320755,265,148
NC,Yancey,35.92217427073477,-82.28492634732976,0.0,0.0,0.22580645161290322,0.0,0.0,0.043010752688172046,93,31
ND,Adams,46.01587287031232,-102.68679930331128,0.0,0.0,0.0,0.0,0.0,0.0,45,10
ND,Barnes,46.895045689593935,-98.0515498218139,0.0794979079497908,0.0,0.012552301255230125,0.0794979079497908,0.0,0.0,239,138
ND,Benson,48.13252524000001,-99.13568602666666,0.0,0.0,0.0,0.0,0.0,0.0,25,7
ND,Billings,46.99580857084922,-103.30686344898157,0.37037037037037035,0.0,0.0,0.0,0.0,0.0,54,21
ND,Bottineau,48.721096875,-101.176875625,0.0,0.0,0.0,0.0,0.0,0.0,16,3
ND,Bowman,46.20608203136905,-103.4069752865183,0.0,0.0,0.0,0.0,0.0,0.0,44,7
ND,Burke,48.70917181632654,-102.42242106122448,0.0,0.0,0.0,0.0,0.0,0.0,49,11
ND,Burleigh,46.87281169323725,-100.64683966599955,0.07207207207207207,0.0990990990990991,0.11261261261261261,0.04954954954954955,0.0,0.0,222,114
ND,Cass,46.89684553731102,-96.99391847665942,0.14064914992272023,0.0,0.0,0.0,0.0,0.0,647,484
ND,Dickey,46.07023312640784,-98.37712811730678,0.0,0.0,0.0,0.04285714285714286,0.0,0.0,70,23
ND,Divide,48.8349086904762,-103.40704763492063,0.0,0.0,0.0,0.11904761904761904,0.0,0.0,42,12
ND,Dunn,47.30254307578354,-102.649974953568,0.0,0.0,0.0,0.0,0.0,0.0,121,38
ND,Eddy,47.75501,-99.12360899999999,0.0,0.0,0.0,0.0,0.0,0.0,8,2
ND,Emmons,46.39378002438107,-100.24969904304169,0.0,0.0,0.0,0.0,0.0,0.0,65,17
ND,Foster,47.427361387755106,-99.0724747142857,0.0,0.0,0.0,0.0,0.0,0.0,49,11
ND,Golden Valley,46.94462544953132,-103.77932090158409,0.2692307692307692,0.0,0.0,0.0,0.0,0.0,26,9
ND,Grand Forks,47.91984978971274,-97.30099090351406,0.02880658436213992,0.06995884773662552,0.02880658436213992,0.0411522633744856,0.0,0.0,243,107
ND,Grant,46.38840533076582,-101.73745320648487,0.0,0.0,0.0,0.0,0.0,0.0,25,7
ND,Griggs,47.41114711988826,-98.25849883393687,0.0,0.0,0.0,0.12121212121212122,0.0,0.0,33,8
ND,Hettinger,46.48384318463351,-102.77281054135261,0.0,0.0,0.0,0.0,0.0,0.0,38,10
ND,Kidder,46.874767662505555,-99.74971370008642,0.16260162601626016,0.0,0.0,0.032520325203252036,0.0,0.0,123,66
ND,LaMoure,46.44287025263939,-98.5374365645007,0.0,0.0,0.0,0.04878048780487805,0.0,0.0,82,19
ND,Logan,46.56007510487678,-99.43001593469728,0.0,0.0,0.0,0.0,0.0,0.0,23,5
ND,McHenry,48.174745938778024,-100.68044070707205,0.0,0.0,0.0,0.17045454545454544,0.0,0.0,88,28
ND,McIntosh,46.143849555555555,-99.68650466666666,0.0,0.0,0.0,0.14814814814814814,0.0,0.0,27,5
ND,McKenzie,47.77591727413485,-103.23649461088178,0.0,0.0,0.0,0.023474178403755867,0.0,0.0,213,83
ND,McLean,47.65463895141279,-101.12979831576897,0.0,0.0,0.0,0.06521739130434782,0.0,0.0,46,11
ND,Morton,46.78591979613196,-101.16503869683507,0.1505016722408027,0.05016722408026756,0.0,0.010033444816053512,0.0,0.0,299,163
ND,Mountrail,48.14069067678867,-102.41888620849363,0.0,0.0,0.0,0.058823529411764705,0.0,0.0,68,20
ND,Nelson,47.883940508759366,-98.19714587577909,0.0,0.0,0.0,0.0,0.0,0.0,41,11
ND,Oliver,47.070038634549654,-101.42634526370986,0.0,0.0,0.0,0.0,0.0,0.0,16,2
ND,Pembina,48.80428921256447,-97.23132720683876,0.34782608695652173,0.0,0.0,0.0,0.0,0.0,23,8
ND,Pierce,48.382762007604505,-99.96545404219928,0.0,0.0,0.0,0.0,0.0,0.0,20,4
ND,Ramsey,48.11023926666667,-98.84267910000001,0.0,0.0,0.0,0.0,0.0,0.0,45,14
ND,Ransom,46.43431888802327,-97.66356575933085,0.0,0.0,0.0,0.0,0.0,0.0,59,16
ND,Renville,48.50230300000001,-101.29943099999998,0.0,0.0,0.0,0.0,0.0,0.0,3,1
ND,Richland,46.27855462360057,-96.85504790574046,0.07633587786259542,0.0,0.0,0.0,0.0,0.0,131,51
ND,Rolette,48.86718782758621,-99.76606713793105,0.0,0.0,0.0,0.0,0.0,0.0,29,5
ND,Sargent,46.179701287457185,-97.5797657242702,0.0,0.03278688524590164,0.0,0.0,0.0,0.0,61,19
ND,Sheridan,47.6195198036781,-100.28306295164313,0.0,0.0,0.0,0.0,0.0,0.0,37,8
ND,Sioux,46.248546311209445,-100.73339839110758,0.0,0.0,0.0,0.0,0.0,0.0,25,9
ND,Slope,46.409788006863145,-103.4520124440781,0.0,0.0,0.0,0.0,0.0,0.0,30,7
ND,Stark,46.860978332341446,-102.66843860598806,0.0958904109589041,0.0,0.0,0.0,0.0,0.0,146,67
ND,Steele,47.269297,-97.79130000000002,0.0,0.0,0.0,0.0,0.0,0.0,6,2
ND,Stutsman,46.9071491974148,-98.89719486715492,0.16666666666666666,0.0,0.0,0.0,0.0,0.0,156,81
ND,Traill,47.41732190243494,-97.08243451461924,0.16535433070866143,0.0,0.0,0.0,0.0,0.0,127,74
ND,Walsh,48.39369025194853,-97.4755398203599,0.1111111111111111,0.0,0.0,0.0,0.0,0.0,45,11
ND,Ward,48.240071701341016,-101.37858629789744,0.0,0.06622516556291391,0.052980132450331126,0.026490066225165563,0.0,0.0,151,67
ND,Wells,47.598455815212425,-99.70795321612015,0.0,0.0,0.0,0.03614457831325301,0.0,0.0,83,21
ND,Williams,48.23085143043432,-103.4961636605616,0.0,0.028368794326241134,0.10638297872340426,0.0,0.0,0.0,141,56
NE,Adams,40.567739,-98.610039,0.0,0.0,0.0,0.0,0.0,0.0,4,1
NE,Antelope,42.19210064198709,-98.09848437322137,0.0,0.0,0.0,0.0,0.0,0.0,17,6
NE,Banner,41.56040589454148,-103.69505415190915,0.0,0.0,0.0,0.0,0.0,0.0,18,5
NE,Boyd,42.884828727272726,-98.69857427272727,0.0,0.0,0.0,0.0,0.0,0.0,22,5
NE,Buffalo,40.69118870690897,-99.10266075751711,0.07246376811594203,0.0,0.028985507246376812,0.0,0.0,0.0,69,29
NE,Burt,41.80866842438533,-96.3203170385022,0.0,0.0,0.0,0.0,0.0,0.0,46,24
NE,Butler,41.202834833333334,-97.15702083333333,0.0,0.0,0.0,0.0,0.0,0.0,28,8
NE,Cass,40.96407547806957,-96.22080122017346,0.00819672131147541,0.0,0.0,0.05737704918032787,0.0,0.0,122,47
NE,Cedar,42.45558561367998,-97.16764035860668,0.0,0.25,0.0,0.625,0.0,0.0,16,4
NE,Cheyenne,41.142744119589835,-102.97457079527373,0.0,0.0,0.0,0.0,0.0,0.0,28,9
NE,Colfax,41.56146974102984,-97.1151462155126,0.0,0.0,0.15625,0.0,0.0,0.0,32,9
NE,Cuming,41.89905228414655,-96.80682450463823,0.0,0.0,0.0,0.04878048780487805,0.0,0.0,41,11
NE,Custer,41.34347634090909,-99.5759604090909,0.0,0.0,0.0,0.0,0.0,0.0,22,7
NE,Dakota,42.408245655879824,-96.5401953145596,0.0,0.0,0.20588235294117646,0.0,0.0,0.0,34,7
NE,Dawson,40.81170390079737,-99.88549272227235,0.029411764705882353,0.0,0.0,0.06862745098039216,0.0,0.0,102,47
NE,Deuel,41.03852376798332,-102.19386835509299,0.0,0.0,0.0,0.0,0.0,0.0,44,19
NE,Dodge,41.502741345867676,-96.61673634060337,0.0,0.15517241379310345,0.034482758620689655,0.25287356321839083,0.0,0.034482758620689655,174,57
NE,Douglas,41.2518456862874,-96.045286438217,0.06514285714285714,0.21942857142857142,0.27695238095238095,0.07542857142857143,0.02895238095238095,0.014095238095238095,2625,1649
NE,Fillmore,40.365101,-97.57737000000002,0.0,0.0,0.0,0.0,0.0,0.0,3,1
NE,Furnas,40.209275999999996,-99.82664611111112,0.0,0.0,0.0,0.0,0.0,0.0,9,2
NE,Gage,40.38793708017448,-96.75221943084466,0.0,0.0,0.0,0.04477611940298507,0.0,0.0,67,19
NE,Hall,40.7959360625,-98.47195354166666,0.0,0.0,0.0,0.0,0.0,0.0,24,10
NE,Hamilton,40.825958070065525,-98.06412231574686,0.0,0.0,0.0,0.0,0.0,0.0,69,28
NE,Harlan,40.174177625,-99.39119214583333,0.0,0.0,0.0,0.0,0.0,0.0,32,10
NE,Holt,42.3354967644817,-98.38550825584645,0.0,0.0,0.0,0.0,0.0,0.0,18,4
NE,Hooker,42.0331363888692,-101.2662890507458,0.0,0.0,0.0,0.0,0.0,0.0,3,2
NE,Jefferson,40.311889,-96.91614,0.0,0.0,0.0,0.0,0.0,0.0,5,1
NE,Keith,41.09566214531083,-101.7117770868599,0.0,0.0,0.0,0.0,0.0,0.0,106,56
NE,Kimball,41.207764547341796,-103.70114832994953,0.0,0.0,0.0,0.0,0.0,0.0,33,14
NE,Knox,42.466759,-97.825093,0.0,0.0,0.0,0.0,0.0,0.0,7,1
NE,Lancaster,40.82837659520167,-96.67136295636915,0.11403508771929824,0.03508771929824561,0.08771929824561403,0.0,0.008771929824561403,0.03508771929824561,228,103
NE,Lincoln,41.075348120846265,-100.67492040005361,0.046296296296296294,0.0,0.0,0.0,0.0,0.0,108,48
NE,Logan,41.481042,-100.501863,0.0,0.0,0.0,0.0,0.0,0.0,7,2
NE,Madison,41.898846558823536,-97.44181855882353,0.0,0.0,0.0,0.0,0.0,0.0,34,6
NE,Merrick,41.207082446762875,-97.83818252412505,0.0,0.0,0.0,0.0,0.0,0.0,8,2
NE,Morrill,41.76254489742099,-103.1832211554648,0.0,0.0,0.0,0.2857142857142857,0.0,0.0,49,12
NE,Nance,41.483056999999995,-97.77519399999998,0.0,0.0,0.0,0.0,0.0,0.0,7,1
NE,Nemaha,40.449367134920635,-95.83957107142858,0.0,0.0,0.0,0.0,0.0,0.0,21,10
NE,Otoe,40.665251705522415,-96.09019749994316,0.0,0.0,0.0,0.0625,0.0,0.0,48,14
NE,Pawnee,40.12113917391304,-96.09548073913044,0.0,0.0,0.0,0.0,0.0,0.0,23,4
NE,Phelps,40.43679525,-99.430187,0.0,0.0,0.0,0.0,0.0,0.0,16,4
NE,Pierce,42.2536460625,-97.4263875,0.0,0.0,0.0,0.0,0.0,0.0,16,3
NE,Platte,41.52756976190476,-97.38018204761904,0.0,0.0,0.0,0.0,0.0,0.0,21,4
NE,Polk,41.192008,-97.46443,0.0,0.0,0.0,0.0,0.0,0.0,7,1
NE,Red Willow,40.168991,-100.66780711111112,0.0,0.0,0.0,0.0,0.0,0.0,9,3
NE,Richardson,40.120035825,-95.82707339999999,0.0,0.0,0.0,0.0,0.0,0.0,40,8
NE,Saline,40.52760304545455,-96.96614613636365,0.0,0.0,0.5454545454545454,0.0,0.0,0.0,11,4
NE,Sarpy,41.14991273292589,-96.07275075472339,0.01990521327014218,0.24834123222748816,0.3962085308056872,0.054976303317535544,0.0,0.0,1055,627
NE,Saunders,41.15721107965685,-96.54706585660702,0.0,0.0,0.05084745762711865,0.2033898305084746,0.0,0.0,59,15
NE,Seward,40.83524106923326,-97.10214493152836,0.020833333333333332,0.0,0.0,0.0,0.0,0.0,144,84
NE,Sherman,41.2623018,-98.90676479999999,0.0,0.0,0.0,0.0,0.0,0.0,10,4
NE,Thayer,40.14685350697161,-97.59969369530062,0.0,0.0,0.0,0.0,0.0,0.0,31,12
NE,Thomas,41.903141,-100.26939399999999,0.0,0.0,0.0,0.0,0.0,0.0,3,1
NE,Thurston,42.143786325,-96.469436525,0.0,0.0,0.0,0.3,0.0,0.0,20,7
NE,Washington,41.49910739632776,-96.15763948629511,0.0,0.0,0.038461538461538464,0.07692307692307693,0.0,0.0,104,31
NE,Wayne,42.20329035483871,-97.09704519354838,0.0,0.0,0.0,0.0,0.0,0.0,31,6
NE,Webster,40.27751565217392,-98.44835882608696,0.0,0.0,0.0,0.0,0.0,0.0,23,5
NE,Wheeler,41.843179,-98.547588,0.0,0.0,0.0,0.0,0.0,0.0,4,1
NE,York,40.82144497876922,-97.59185178789824,0.1016949152542373,0.0,0.0,0.0,0.0,0.0,59,27
NH,Belknap,43.51785737192841,-71.45997049803289,0.0,0.06772009029345373,0.12641083521444696,0.16478555304740405,0.0,0.0,443,150
NH,Carroll,43.80302888050314,-71.18504714465409,0.0,0.0,0.0660377358490566,0.07547169811320754,0.0,0.0,106,31
NH,Cheshire,42.89730599053555,-72.26458703508773,0.0,0.036011080332409975,0.10526315789473684,0.11911357340720222,0.0,0.0,361,108
NH,Coos,44.581413986111116,-71.49268397222222,0.0,0.0,0.027777777777777776,0.041666666666666664,0.0,0.0,72,18
NH,Grafton,43.8725929047619,-71.83761060485246,0.026845637583892617,0.050335570469798654,0.04697986577181208,0.087248322147651,0.0,0.0,298,116
NH,Hillsborough,42.87055305530307,-71.52509623769068,0.026066350710900472,0.11137440758293839,0.2037914691943128,0.06516587677725119,0.04739336492890995,0.014218009478672985,844,357
NH,Merrimack,43.23863640726905,-71.58392482163791,0.06446280991735537,0.13388429752066117,0.11735537190082644,0.12892561983471074,0.0,0.021487603305785124,605,310
NH,Rockingham,42.93229091089657,-71.11996960991674,0.020833333333333332,0.046875,0.1625,0.15625,0.00625,0.013541666666666667,960,374
NH,Strafford,43.218781367847214,-70.94981339367794,0.01485148514851485,0.0,0.11386138613861387,0.13861386138613863,0.0,0.0,202,65
NH,Sullivan,43.38384602465754,-72.21595164383562,0.0410958904109589,0.0547945205479452,0.0547945205479452,0.0,0.0,0.0,73,23
NJ,Atlantic,39.45042594300332,-74.60425891059626,0.09113712374581939,0.056020066889632104,0.13127090301003344,0.0016722408026755853,0.0,0.010869565217391304,1196,761
NJ,Bergen,40.88936676898549,-74.0397611827162,0.156820006883102,0.02867959160261558,0.0535734771136859,0.018584375358494894,0.018240220259263508,0.013995640702076402,8717,6831
NJ,Burlington,39.9931844987807,-74.8321505820651,0.08238711381040402,0.014523369421705836,0.17454449432268287,0.011090573012939002,0.0,0.0010562450488513335,3787,2354
NJ,Camden,39.877007628876854,-75.05129316517404,0.09345987208582629,0.03858056529812255,0.12172477821332783,0.003919950484835981,0.002682071384361461,0.013822983288632143,4847,3582
NJ,Cape May,39.13282954434074,-74.79266567106649,0.052930056710775046,0.01890359168241966,0.15500945179584122,0.020793950850661626,0.0,0.005671077504725898,529,272
NJ,Cumberland,39.42570791342817,-75.06892740470114,0.02217741935483871,0.008064516129032258,0.16532258064516128,0.0,0.0,0.02620967741935484,496,198
NJ,Essex,40.74929384850612,-74.1909259369531,0.09387997623291741,0.0255496137849079,0.11749851455733809,0.0025252525252525255,0.004307783719548425,0.001336898395721925,6732,5698
NJ,Gloucester,39.78372897012214,-75.15286320111464,0.10541176470588236,0.04752941176470588,0.09270588235294118,0.0018823529411764706,0.004705882352941176,0.0075294117647058826,2125,1368
NJ,Hudson,40.747634548947104,-74.06900232051129,0.1269961977186312,0.2311787072243346,0.18384030418250952,0.030798479087452472,0.044866920152091254,0.020342205323193915,5260,4259
NJ,Hunterdon,40.60590750034801,-74.888958719596,0.11764705882352941,0.0196078431372549,0.11274509803921569,0.0,0.0,0.0,612,372
NJ,Mercer,40.243346665658606,-74.66325207939276,0.12056434373663959,0.07011543394613083,0.1248396750748183,0.013253527148353997,0.013681060282171868,0.0021376656690893546,2339,1728
NJ,Middlesex,40.49387486251208,-74.36229427564076,0.11963746223564954,0.044410876132930516,0.09924471299093655,0.008157099697885197,0.0075528700906344415,0.009667673716012085,6620,5185
NJ,Monmouth,40.28084968161532,-74.16346141921645,0.0841683366733467,0.036644718007443455,0.156312625250501,0.006584597766962496,0.01660463784712282,0.01259662181505869,3493,2089
NJ,Morris,40.86940706769945,-74.47873303313744,0.10411622276029056,0.043237634036665515,0.09131788308543756,0.0034590107229332413,0.012452438602559669,0.007955724662746454,2891,1928
NJ,Ocean,39.94985241304416,-74.21746699322607,0.05603917301414581,0.06365614798694233,0.17573449401523394,0.027747551686615888,0.0,0.008161044613710556,1838,1172
NJ,Passaic,40.897781055543504,-74.18593030301841,0.16254923021840315,0.0017901897601145722,0.040100250626566414,0.006086645184389545,0.020050125313283207,0.003938417472252059,2793,2169
NJ,Salem,39.66207150044294,-75.38598629922504,0.06300813008130081,0.0,0.10772357723577236,0.006097560975609756,0.0,0.034552845528455285,492,251
NJ,Somerset,40.61535354369029,-74.57412713015455,0.1049204052098408,0.03762662807525326,0.11143270622286541,0.00723589001447178,0.0,0.006512301013024602,1382,954
NJ,Sussex,41.10852627369873,-74.65503596239434,0.0,0.029411764705882353,0.13800904977375567,0.0,0.0,0.0,442,148
NJ,Union,40.66803006510339,-74.25181618455946,0.07255048616305161,0.013089005235602094,0.08040388930441286,0.0005609573672400897,0.0011219147344801795,0.004113687359760658,5348,4423
NJ,Warren,40.84286147698711,-75.02613308649599,0.04460966542750929,0.016728624535315983,0.048327137546468404,0.02973977695167286,0.0,0.0,538,317
NM,Bernalillo,35.10209444823638,-106.62748557046501,0.03795004865390853,0.18520921180668182,0.3600389231268245,0.03438209536166072,0.018812844631852094,0.02432695426532598,3083,2070
NM,Chaves,33.41184882692308,-104.32560446153846,0.0,0.0,0.0,0.0,0.0,0.0,39,11
NM,Cibola,35.06091193175615,-107.4931063816081,0.17105263157894737,0.0,0.0,0.0,0.0,0.0,228,170
NM,Colfax,36.6443393091172,-104.72527461204048,0.046875,0.0,0.0,0.0,0.0,0.0,64,21
NM,De Baca,34.447084999999994,-104.158316,0.0,0.0,0.0,0.0,0.0,0.0,3,1
NM,Dona Ana,32.335765446030464,-106.85261641631655,0.0625,0.0,0.0,0.0,0.0,0.0,112,61
NM,Doña Ana,32.339460524571095,-106.8452046672861,0.16494845360824742,0.0,0.0,0.0,0.0,0.0,97,44
NM,Do�a Ana,32.390353999999995,-106.808044,0.0,0.0,0.0,0.0,0.0,0.0,5,1
NM,Eddy,32.46448398462146,-104.16145192771111,0.0,0.0,0.0,0.07865168539325842,0.0,0.0,89,26
NM,Grant,32.288075587142174,-108.39414714940249,0.13157894736842105,0.0,0.0,0.0,0.0,0.0,38,26
NM,Guadalupe,34.97783057863695,-104.7414425204096,0.11602209944751381,0.0,0.0,0.03314917127071823,0.0,0.0,181,119
NM,Hidalgo,32.29866224791166,-108.77667148630229,0.05084745762711865,0.0,0.0,0.0,0.0,0.0,59,39
NM,Lea,32.35779253344512,-103.33711255667893,0.0,0.0,0.0,0.0,0.0,0.0,168,68
NM,Lincoln,33.342834,-105.04564,0.0,0.0,0.0,0.0,0.0,0.0,6,1
NM,Luna,32.302749781419806,-107.74236823424874,0.1527777777777778,0.0,0.0,0.0,0.0,0.0,72,39
NM,McKinley,35.46619064006491,-108.51937952327214,0.102880658436214,0.0,0.0,0.0,0.0,0.0,243,182
NM,Mora,36.02381348777031,-104.95547700022644,0.0,0.0,0.0,0.0,0.0,0.0,31,9
NM,Otero,33.04145540683,-105.9436938733442,0.0,0.0,0.0,0.0,0.0,0.0,34,9
NM,Quay,35.207362710814856,-103.51290576772018,0.03418803418803419,0.0,0.0,0.0,0.0,0.0,117,44
NM,Rio Arriba,36.08998043154762,-106.2003128125,0.0,0.0,0.08928571428571429,0.0,0.0,0.0,56,17
NM,Roosevelt,34.200307333333335,-103.37931822222222,0.0,0.0,0.0,0.0,0.0,0.0,9,2
NM,San Juan,36.653397241842015,-108.41293147071443,0.0,0.06557377049180328,0.06557377049180328,0.0,0.0,0.0,61,21
NM,San Miguel,35.46137151857843,-105.32921706317387,0.2898550724637681,0.0,0.0,0.0,0.0,0.0,69,23
NM,Sandoval,35.5378321217533,-106.6765096908895,0.0,0.0546875,0.1015625,0.0,0.0,0.0,128,44
NM,Santa Fe,35.64885191118744,-106.00596751855201,0.23404255319148937,0.0,0.04964539007092199,0.028368794326241134,0.0,0.03546099290780142,141,62
NM,Sierra,33.05328797180626,-107.28388559652342,0.11940298507462686,0.0,0.0,0.0,0.0,0.0,67,31
NM,Socorro,34.135959097958,-106.90468266300932,0.08849557522123894,0.0,0.0,0.0,0.0,0.0,113,43
NM,Taos,36.38804102017703,-105.51490209244994,0.0,0.0,0.0,0.0,0.0,0.0,20,7
NM,Torrance,34.912984603719366,-105.65075913279463,0.07142857142857142,0.0,0.0,0.1326530612244898,0.0,0.0,98,48
NM,Union,36.63455450260555,-103.69195814265848,0.0,0.0,0.0,0.0,0.0,0.0,10,3
NM,Valencia,34.700299666666666,-106.76511033333333,0.6666666666666666,0.0,0.0,0.0,0.0,0.0,6,2
NV,Carson City,39.164591480106914,-119.76192455432813,0.04728132387706856,0.38534278959810875,0.28132387706855794,0.0591016548463357,0.037825059101654845,0.04728132387706856,423,295
NV,Carson City (City),39.161971347651296,-119.76351868436807,0.06289308176100629,0.5283018867924528,0.3081761006289308,0.12578616352201258,0.07547169811320754,0.0440251572327044,159,80
NV,Churchill,39.50234477437947,-118.77588444662439,0.009259259259259259,0.13194444444444445,0.1111111111111111,0.18287037037037038,0.0,0.0,432,203
NV,Clark,36.27060443236769,-114.4293971851377,0.08221797323135756,0.07265774378585087,0.0841300191204589,0.01338432122370937,0.01338432122370937,0.02676864244741874,523,267
NV,Douglas,38.9763753951584,-119.81320321500445,0.0,0.19692737430167598,0.22625698324022347,0.06424581005586592,0.0,0.00558659217877095,716,409
NV,Elko,41.01057324384106,-115.26071349522469,0.046987951807228916,0.030120481927710843,0.03734939759036145,0.04457831325301205,0.0,0.0,830,551
NV,Esmeralda,37.617959943575244,-117.44660246970672,0.1875,0.0,0.0,0.0,0.0,0.0,32,13
NV,Eureka,40.42101854679595,-116.29984005372782,0.04741379310344827,0.0,0.0,0.0,0.0,0.0,232,168
NV,Humboldt,41.13968238360951,-117.69685736843314,0.039603960396039604,0.006600660066006601,0.0,0.0462046204620462,0.0,0.0,303,171
NV,Lander,40.14117588178795,-116.94748146953259,0.03496503496503497,0.06293706293706294,0.0,0.06293706293706294,0.0,0.02097902097902098,143,92
NV,Lincoln,37.49394109277169,-115.03975292712715,0.0,0.09278350515463918,0.0,0.09278350515463918,0.0,0.0,97,34
NV,Lyon,39.305006801713276,-119.31960230421986,0.005201560468140442,0.18075422626788037,0.054616384915474644,0.12613784135240572,0.0,0.0,769,336
NV,Mineral,38.53387778803537,-118.55997529074556,0.0,0.0,0.08403361344537816,0.07563025210084033,0.0,0.0,119,49
NV,Nye,38.14968786522186,-116.88680798233302,0.05263157894736842,0.19736842105263158,0.0,0.11842105263157894,0.0,0.0,76,34
NV,Pershing,40.46620430856563,-118.27360013949729,0.176,0.0,0.0,0.0,0.0,0.0,125,86
NV,Storey,39.4352803687018,-119.56275757143037,0.0,0.035211267605633804,0.06338028169014084,0.04929577464788732,0.0,0.0,142,68
NV,Washoe,39.50479251000771,-119.78208392309247,0.09400904295403165,0.11416729464958553,0.18142426525998492,0.03617181612660136,0.008100979653353428,0.003956292388847023,5308,4253
NV,White Pine,39.28056096523429,-114.84960274886252,0.01932367149758454,0.00966183574879227,0.09178743961352658,0.07246376811594203,0.0,0.0,207,121
NY,Albany,42.692952110394806,-73.79923441623245,0.10876132930513595,0.09481756913781084,0.09969788519637462,0.03253544039042529,0.008133860097606322,0.017429700209156403,4303,3432
NY,Allegany,42.248306453074434,-77.99142812944984,0.0,0.07766990291262135,0.0,0.0,0.0,0.0,103,36
NY,Bronx,40.843102307330724,-73.88528409720699,0.2011764705882353,0.16558823529411765,0.15568627450980393,0.060490196078431376,0.05411764705882353,0.022941176470588236,10200,9173
NY,Broome,42.14219645662033,-75.90900554564985,0.1400437636761488,0.015317286652078774,0.05798687089715536,0.0,0.0,0.01312910284463895,914,444
NY,Cattaraugus,42.1875124386007,-78.61523803442037,0.06015037593984962,0.04887218045112782,0.018796992481203006,0.03383458646616541,0.0,0.018796992481203006,266,73
NY,Cayuga,43.00107831314628,-76.58856630875138,0.03044496487119438,0.0234192037470726,0.04918032786885246,0.00936768149882904,0.0,0.0,427,245
NY,Chautauqua,42.36458797462087,-79.40188619807047,0.04845222072678331,0.005383580080753701,0.006729475100942127,0.0,0.0,0.0,743,533
NY,Chemung,42.099138739893604,-76.7952984046369,0.11607142857142858,0.0,0.20535714285714285,0.03571428571428571,0.0,0.0,112,43
NY,Chenango,42.37818208165667,-75.6020085596055,0.0,0.0,0.0392156862745098,0.0,0.0,0.0,51,16
NY,Clinton,44.74399332079414,-73.50252700195108,0.15079365079365079,0.007936507936507936,0.023809523809523808,0.0,0.0,0.0,126,47
NY,Columbia,42.28127963207466,-73.65268543536925,0.02371312897628687,0.031810294968189705,0.08849045691150954,0.07345286292654714,0.0,0.020821283979178717,1729,888
NY,Cortland,42.59015876946578,-76.11963342082966,0.08771929824561403,0.0,0.008771929824561403,0.0,0.0,0.017543859649122806,228,108
NY,Delaware,42.180447962733076,-75.12429527051141,0.09223300970873786,0.0,0.0,0.0,0.0,0.0,206,71
NY,Dutchess,41.695595331992564,-73.81954430234941,0.03826530612244898,0.06862244897959184,0.1471938775510204,0.06989795918367347,0.026530612244897958,0.028826530612244897,3920,2341
NY,Erie,42.89306507751107,-78.82298019632972,0.15632899086136495,0.046859809449737506,0.07058137273964613,0.00641648843087692,0.005638732257437293,0.006222049387517014,5143,4269
NY,Essex,44.0575592807162,-73.58791557040459,0.0,0.06040268456375839,0.053691275167785234,0.087248322147651,0.0,0.10738255033557047,149,50
NY,Franklin,44.604432034230086,-74.28549903949182,0.0,0.0,0.0,0.0,0.0,0.0,60,20
NY,Fulton,43.05083283258434,-74.29505533060437,0.0,0.39090909090909093,0.24545454545454545,0.2545454545454545,0.0,0.0,110,33
NY,Genesee,43.01268814413431,-78.1897723127107,0.02046783625730994,0.013157894736842105,0.017543859649122806,0.0,0.0,0.0043859649122807015,684,517
NY,Greene,42.285585024041666,-73.92511499421734,0.04430379746835443,0.02278481012658228,0.020253164556962026,0.02278481012658228,0.0,0.012658227848101266,790,495
NY,Hamilton,43.79804447894737,-74.37447055789474,0.0,0.0,0.0,0.10526315789473684,0.0,0.0,38,12
NY,Herkimer,43.03390152513995,-74.96251824561465,0.05362776025236593,0.0,0.015772870662460567,0.0,0.0,0.0,317,247
NY,Jefferson,43.9977119417907,-75.90974540995508,0.04669260700389105,0.0,0.023346303501945526,0.0,0.0,0.011673151750972763,257,83
NY,Kings,40.66064943740509,-73.97164537430969,0.11117368776751521,0.4158594277990538,0.37305699481865284,0.07434106780806488,0.09979725163325073,0.16749267853120073,8878,7299
NY,Lewis,43.71409629127372,-75.44782732768567,0.0,0.0,0.0,0.0,0.0,0.0,119,37
NY,Livingston,42.75070374158568,-77.78396165565907,0.058577405857740586,0.03765690376569038,0.02510460251046025,0.04602510460251046,0.0,0.0,239,83
NY,Madison,43.085327340247055,-75.7693619426841,0.022222222222222223,0.0,0.0,0.0,0.0,0.0,315,225
NY,Monroe,43.150273560273945,-77.62548349859341,0.028810895756940808,0.17561550550026192,0.18661602933473023,0.026322682032477736,0.008643268727082242,0.024227344159245677,15272,8356
NY,Montgomery,42.92484971157643,-74.38326500113054,0.0614406779661017,0.019067796610169493,0.0,0.0,0.0,0.0,472,363
NY,Nassau,40.73078730562815,-73.59399323095889,0.1359410952600092,0.09332719742291763,0.12682926829268293,0.012149102623101702,0.037643810400368155,0.026783248964565118,10865,8407
NY,New York,40.78581214517253,-73.95946312973611,0.1272370144041903,0.28862941946748144,0.2599301615015277,0.05947184635530336,0.08053251855085115,0.1797250109122654,9164,7835
NY,Niagara,43.15208556671188,-78.81979097076052,0.03762376237623762,0.061386138613861385,0.15445544554455445,0.023762376237623763,0.0,0.031683168316831684,505,190
NY,Oneida,43.149124060446084,-75.36788993677469,0.027269399707174232,0.06478770131771595,0.12408491947291361,0.043740849194729134,0.0056734992679355785,0.012994143484626648,5464,2288
NY,Onondaga,43.0668520134119,-76.15971129452085,0.174504041146216,0.0470242468772961,0.13115356355620866,0.049595885378398236,0.0,0.006612784717119765,2722,1963
NY,Ontario,42.978256393092366,-77.22471025936896,0.09712230215827339,0.0,0.00539568345323741,0.0,0.0,0.0,556,468
NY,Orange,41.39396148345721,-74.17255727898937,0.0786144578313253,0.008433734939759036,0.04156626506024096,0.004819277108433735,0.0,0.0033132530120481927,3320,2417
NY,Orleans,43.23706327489242,-78.2492385513953,0.0,0.0,0.08661417322834646,0.0,0.0,0.0,127,41
NY,Oswego,43.39560614837229,-76.28475933453183,0.024691358024691357,0.024691358024691357,0.037037037037037035,0.0,0.0,0.012345679012345678,486,186
NY,Otsego,42.55752350759294,-75.08197004674392,0.0,0.0,0.14754098360655737,0.0,0.0,0.06557377049180328,61,25
NY,Putnam,41.41367528421674,-73.6824557240325,0.10505050505050505,0.012121212121212121,0.09393939393939393,0.09141414141414142,0.0065656565656565654,0.00202020202020202,1980,1495
NY,Queens,40.72825951755533,-73.82847518176848,0.1639751552795031,0.18481084133258047,0.1813664596273292,0.062168266516092606,0.06578204404291361,0.05996612083568605,17710,14591
NY,Rensselaer,42.67242931323194,-73.60093390153556,0.029804727646454265,0.047276464542651594,0.10277492291880781,0.014388489208633094,0.019013360739979446,0.017471736896197326,1946,1086
NY,Richmond,40.60105255653403,-74.12644467323972,0.09036144578313253,0.19462465245597776,0.10750695088044486,0.06765523632993513,0.03938832252085264,0.018072289156626505,2158,1725
NY,Rockland,41.1137849961785,-74.02674720768216,0.0946524064171123,0.012566844919786097,0.031283422459893045,0.009893048128342246,0.004812834224598931,0.0018716577540106951,3740,2961
NY,Saratoga,42.99288980413918,-73.78015098966992,0.030328559393428812,0.060657118786857624,0.15192361696152767,0.01909575961808481,0.0008424599831508003,0.014602639707947207,3561,2360
NY,Schenectady,42.798656141694174,-74.02766075686314,0.0912863070539419,0.058091286307053944,0.09024896265560166,0.028008298755186723,0.0,0.004149377593360996,964,662
NY,Schoharie,42.68109598273154,-74.4124822377463,0.07142857142857142,0.04285714285714286,0.1,0.0,0.0,0.0,140,53
NY,Schuyler,42.31227117391304,-76.80391953623189,0.0,0.0,0.0,0.0,0.0,0.17391304347826086,23,8
NY,Seneca,42.9018306872396,-76.83867031059833,0.018779342723004695,0.0,0.0,0.03286384976525822,0.0,0.0,426,262
NY,St. Lawrence,44.539876009083045,-75.33145953200741,0.0,0.04807692307692308,0.09615384615384616,0.0,0.0,0.0,104,36
NY,Steuben,42.26606781488698,-77.28911767899022,0.04712041884816754,0.0,0.0,0.0,0.0,0.0,191,80
NY,Suffolk,40.80866663360494,-73.13694627320876,0.08259587020648967,0.35142576204523107,0.1926253687315634,0.07236971484759096,0.011504424778761062,0.009537856440511307,10170,6123
NY,Sullivan,41.70913129591362,-74.71157637590245,0.1581769436997319,0.0,0.040214477211796246,0.0,0.0,0.0,373,160
NY,Tioga,42.10129421838944,-76.28138170591576,0.13584905660377358,0.026415094339622643,0.07547169811320754,0.01509433962264151,0.0,0.0,265,85
NY,Tompkins,42.46973995742923,-76.49436813460605,0.0,0.045454545454545456,0.05194805194805195,0.09090909090909091,0.0,0.0,154,55
NY,Ulster,41.86569734903533,-74.04808504926986,0.044490075290896644,0.030116358658453114,0.045174537987679675,0.019164955509924708,0.007529089664613279,0.006160164271047228,1461,988
NY,Warren,43.47103150816982,-73.72963258405926,0.04253214638971316,0.017804154302670624,0.1661721068249258,0.012858555885262116,0.0,0.017804154302670624,1011,701
NY,Washington,43.316220594292375,-73.44083846347827,0.0,0.031668696711327646,0.05602923264311815,0.049939098660170524,0.0,0.010962241169305725,821,344
NY,Wayne,43.19501565555556,-77.16259483333333,0.0,0.0,0.13333333333333333,0.0,0.13333333333333333,0.0,45,9
NY,Westchester,41.06973506864251,-73.78632745659174,0.12333571939871152,0.031567644953471724,0.0788117394416607,0.02111667859699356,0.016964924838940586,0.005798138869005011,13970,11025
NY,Wyoming,42.73916783323529,-78.24724499972889,0.0,0.07692307692307693,0.0979020979020979,0.06993006993006994,0.0,0.0,143,57
NY,Yates,42.541426916666666,-76.92984033333333,0.0,0.0,0.0,0.0,0.0,0.0,12,2
OH,Adams,38.915118416666665,-83.48756845833334,0.0,0.0,0.10416666666666667,0.0,0.0,0.0,48,12
OH,Allen,40.77904874913011,-84.06371508441143,0.008264462809917356,0.01652892561983471,0.0,0.0,0.0,0.0,242,113
OH,Ashland,40.86768782699849,-82.27644205445785,0.021367521367521368,0.0,0.09401709401709402,0.2094017094017094,0.0,0.0,234,81
OH,Ashtabula,41.76724056347814,-80.77913481316486,0.05701754385964912,0.05263157894736842,0.03508771929824561,0.0,0.0,0.0,228,90
OH,Athens,39.3241525327381,-82.05091939166667,0.03571428571428571,0.03571428571428571,0.007142857142857143,0.03571428571428571,0.0,0.014285714285714285,140,42
OH,Auglaize,40.571143854371584,-84.16047339109289,0.14754098360655737,0.0,0.0,0.02459016393442623,0.0,0.0,122,76
OH,Belmont,40.05832170316488,-80.91607165635597,0.02491103202846975,0.0498220640569395,0.07829181494661921,0.0,0.0,0.0,281,126
OH,Brown,38.983617848484855,-83.8794590631313,0.0,0.05303030303030303,0.12878787878787878,0.12121212121212122,0.0,0.0,132,34
OH,Butler,39.385746237310485,-84.45911709890362,0.03090909090909091,0.1781818181818182,0.24909090909090909,0.0,0.0,0.0027272727272727275,1100,501
OH,Carroll,40.56236173076923,-81.13028584615387,0.0,0.0,0.0,0.0,0.0,0.0,13,5
OH,Champaign,40.10284426515151,-83.72930320454546,0.0,0.0,0.0,0.0,0.0,0.0,66,19
OH,Clark,39.90578913464887,-83.85295704744583,0.12331838565022421,0.0,0.053811659192825115,0.0,0.0,0.0,446,276
OH,Clermont,39.11935229212391,-84.23170359805624,0.058704453441295545,0.10526315789473684,0.20951417004048584,0.14068825910931174,0.0,0.005060728744939271,988,469
OH,Clinton,39.4882795089836,-83.84523056084637,0.02252252252252252,0.0,0.07207207207207207,0.0,0.0,0.0,222,116
OH,Columbiana,40.80318867885714,-80.71038398214286,0.0,0.0,0.05714285714285714,0.06428571428571428,0.0,0.0,140,41
OH,Coshocton,40.232275877777774,-81.89098984444445,0.0,0.0,0.0,0.0,0.0,0.0,30,9
OH,Crawford,40.78914844022727,-82.87481801295453,0.09090909090909091,0.0,0.0,0.0,0.0,0.0,22,10
OH,Cuyahoga,41.45740276203781,-81.66480765690937,0.05493910690121786,0.08538565629228688,0.18308525033829498,0.005683355886332882,0.010554803788903925,0.042895805142083895,7390,4746
OH,Darke,40.106861995049506,-84.62989829950494,0.0,0.13366336633663367,0.04455445544554455,0.0,0.0,0.0,202,55
OH,Defiance,41.33503895098039,-84.43032120588235,0.0,0.0,0.0,0.0,0.0,0.0,34,13
OH,Delaware,40.23107268596414,-83.01557130959175,0.007067137809187279,0.06654888103651355,0.2137809187279152,0.013545347467608953,0.005889281507656066,0.01884570082449941,1698,775
OH,Erie,41.3599765941399,-82.65118125924538,0.02079002079002079,0.0,0.037422037422037424,0.004158004158004158,0.0,0.008316008316008316,481,293
OH,Fairfield,39.822126977258634,-82.6875042080065,0.051593323216995446,0.10015174506828528,0.1274658573596358,0.021244309559939303,0.027314112291350532,0.0,659,249
OH,Fayette,39.62487027691282,-83.52127668454092,0.045871559633027525,0.0,0.03669724770642202,0.0,0.0,0.0,218,99
OH,Franklin,39.98856385002339,-82.98879977720172,0.053898270805946,0.10395388815856002,0.17534634442309638,0.01628071594701183,0.04772980078875518,0.013752654464556579,9889,6589
OH,Fulton,41.58602644135375,-84.10901724999168,0.014705882352941176,0.0,0.0,0.00980392156862745,0.0,0.0,204,114
OH,Gallia,38.860963914635256,-82.21755830673766,0.2619047619047619,0.0,0.0,0.0,0.0,0.0,42,17
OH,Geauga,41.46363544807582,-81.20410035006806,0.0,0.013986013986013986,0.05827505827505827,0.08391608391608392,0.0,0.0,429,146
OH,Greene,39.71473469990328,-84.00582888884641,0.03940217391304348,0.04076086956521739,0.11413043478260869,0.008152173913043478,0.0,0.006793478260869565,736,367
OH,Guernsey,40.03476286744615,-81.49504716191893,0.0,0.0,0.0,0.0,0.0,0.0,168,83
OH,Hamilton,39.188559459427495,-84.4893493061275,0.09008555611474585,0.16641503103506122,0.14292903875188726,0.01191075322932394,0.06659956383157188,0.01778225130011743,5961,4386
OH,Hancock,40.99938447909787,-83.69167213021296,0.06532663316582915,0.0,0.0,0.0,0.0,0.03015075376884422,199,88
OH,Hardin,40.6450345,-83.69101459090909,0.0,0.0,0.0,0.0,0.0,0.0,44,11
OH,Harrison,40.31219114631579,-80.97142582760235,0.14035087719298245,0.0,0.0,0.0,0.0,0.0,57,16
OH,Henry,41.39440091305164,-84.08434089948356,0.09859154929577464,0.0,0.0,0.0,0.0,0.0,71,34
OH,Highland,39.18014998275862,-83.64798441379311,0.0,0.0,0.0,0.0,0.0,0.0,58,12
OH,Hocking,39.53080045778237,-82.4647881518595,0.0,0.04132231404958678,0.0,0.0,0.0,0.0,121,50
OH,Holmes,40.573891065789475,-81.89656005701754,0.0,0.0,0.0,0.0,0.0,0.0,76,19
OH,Huron,41.1780395703125,-82.58744824218749,0.0,0.0,0.0390625,0.0,0.0,0.0234375,128,31
OH,Jackson,39.039038419767444,-82.6333658444186,0.0,0.0,0.0,0.0,0.0,0.0,86,31
OH,Jefferson,40.38684172582892,-80.71010964373986,0.024691358024691357,0.0,0.0,0.06172839506172839,0.0,0.0,81,32
OH,Knox,40.38574594761905,-82.52748314285714,0.0,0.0,0.0,0.0,0.0,0.0,105,28
OH,Lake,41.64801207207238,-81.35479512872212,0.05025996533795494,0.08492201039861352,0.11438474870017332,0.0,0.0,0.0,577,310
OH,Lawrence,38.446556642857146,-82.5447294084249,0.0,0.0,0.26373626373626374,0.0,0.0,0.0,91,36
OH,Licking,40.02666890253485,-82.55896166785864,0.03471552555448409,0.011571841851494697,0.11764705882352941,0.015429122468659595,0.0,0.008678881388621022,1037,433
OH,Logan,40.412561449400485,-83.78834042757794,0.06474820143884892,0.0,0.0,0.07913669064748201,0.0,0.0,139,52
OH,Lorain,41.38190860723409,-82.10822933532691,0.02081268582755203,0.04261645193260654,0.09910802775024777,0.0,0.003964321110009911,0.006937561942517344,1009,567
OH,Lucas,41.63980474748764,-83.62523102019128,0.043478260869565216,0.09610983981693363,0.17391304347826086,0.012204424103737605,0.009153318077803204,0.018306636155606407,1311,811
OH,Madison,39.89225711467936,-83.33764835989655,0.010416666666666666,0.0,0.0,0.0,0.0,0.0,384,215
OH,Mahoning,41.03374397939151,-80.72048864493017,0.05510752688172043,0.125,0.0846774193548387,0.03225806451612903,0.012096774193548387,0.012096774193548387,744,349
OH,Marion,40.53771823838828,-83.07482527701465,0.0,0.023076923076923078,0.1,0.0,0.0,0.0,130,50
OH,Medina,41.12692442485511,-81.84192684818366,0.05317324185248713,0.00686106346483705,0.10291595197255575,0.0411663807890223,0.0,0.0,583,281
OH,Meigs,39.058866850387595,-81.99055708643411,0.0,0.0,0.0,0.0,0.0,0.0,43,11
OH,Mercer,40.55546373809524,-84.5806508452381,0.0,0.0,0.08333333333333333,0.0,0.0,0.0,84,17
OH,Miami,40.03425652135669,-84.21602060218962,0.01881720430107527,0.0,0.06182795698924731,0.024193548387096774,0.0,0.0,372,186
OH,Monroe,39.714083,-80.85583971428572,0.0,0.0,0.0,0.0,0.0,0.0,7,2
OH,Montgomery,39.74866975914763,-84.22393950148272,0.018982836352131615,0.0698410187455509,0.1748793798940125,0.001423712726409871,0.0034010915130902476,0.01842917029186111,12643,6676
OH,Morgan,39.66146317647059,-81.91764899999998,0.0,0.0,0.0,0.0,0.0,0.0,17,3
OH,Morrow,40.46419426283831,-82.78254132260636,0.025,0.0,0.06875,0.0625,0.0,0.0,160,86
OH,Muskingum,39.95818816202198,-81.99109683075382,0.04240282685512368,0.12014134275618374,0.18374558303886926,0.06713780918727916,0.0,0.0,283,129
OH,Noble,39.79534610317461,-81.52045915873016,0.0,0.0,0.0,0.0,0.0,0.0,63,20
OH,Ottawa,41.54488208951443,-83.16115194942294,0.0,0.034482758620689655,0.0,0.019704433497536946,0.0,0.0,203,55
OH,Paulding,41.155490163043474,-84.55053558695653,0.0,0.0,0.0,0.15217391304347827,0.0,0.0,46,17
OH,Perry,39.831890145178576,-82.29733212410714,0.0,0.0,0.125,0.0,0.0,0.0,112,23
OH,Pickaway,39.68287836250062,-83.01270998521957,0.0,0.03353658536585366,0.06402439024390244,0.10365853658536585,0.0,0.0,328,130
OH,Pike,39.074540807228914,-82.9842616686747,0.0,0.18072289156626506,0.0,0.04819277108433735,0.0,0.0,83,23
OH,Portage,41.181815302788536,-81.25713975287489,0.03943044906900329,0.038335158817086525,0.12376779846659365,0.054764512595837894,0.0065717415115005475,0.01095290251916758,913,401
OH,Preble,39.78349179072071,-84.63548531105384,0.009933774834437087,0.07947019867549669,0.0,0.0,0.0,0.0,302,111
OH,Putnam,40.882179,-84.151009,0.0,0.0,0.0,0.0,0.0,0.0,7,1
OH,Richland,40.746200844848445,-82.52078861384945,0.029787234042553193,0.03404255319148936,0.0425531914893617,0.13191489361702127,0.0425531914893617,0.0,235,130
OH,Ross,39.3217367812998,-82.97536798446502,0.08426966292134831,0.0,0.0,0.0,0.0,0.0,178,71
OH,Sandusky,41.38936451408352,-83.11366785441888,0.0,0.01909307875894988,0.021479713603818614,0.0477326968973747,0.0,0.0,419,214
OH,Scioto,38.79508790641026,-82.93457455410257,0.19230769230769232,0.1346153846153846,0.0,0.0,0.0,0.0,52,17
OH,Seneca,41.141083558139535,-83.14587262790698,0.0,0.0,0.0,0.0,0.0,0.0,43,10
OH,Shelby,40.356071284398915,-84.17521291008386,0.05928853754940711,0.0,0.0,0.0,0.0,0.0,253,154
OH,Stark,40.82524422529906,-81.38193479392254,0.01932367149758454,0.03985507246376811,0.12198067632850242,0.04589371980676329,0.0,0.0,828,420
OH,Summit,41.10948832788677,-81.5253396342269,0.07713331308836927,0.04828423929547525,0.13331308836926814,0.05283935621014273,0.004858791375645309,0.011843303978135438,3293,2248
OH,Trumbull,41.2268487531447,-80.78337139628242,0.039816232771822356,0.007656967840735069,0.06278713629402756,0.01225114854517611,0.0,0.007656967840735069,653,300
OH,Tuscarawas,40.5235715376642,-81.5045498347188,0.034482758620689655,0.0,0.08620689655172414,0.0,0.0,0.0,232,99
OH,Union,40.225052879612946,-83.31861537664867,0.03225806451612903,0.052109181141439205,0.06699751861042183,0.022332506203473945,0.0,0.0,403,197
OH,Van Wert,40.8767614568,-84.6178196064,0.0,0.0,0.0,0.04,0.0,0.0,50,15
OH,Vinton,39.222466292682924,-82.43896502439024,0.0,0.0,0.0,0.0,0.0,0.0,41,9
OH,Warren,39.41855870308697,-84.2443814683243,0.01862464183381089,0.14613180515759314,0.2034383954154728,0.015759312320916905,0.0,0.0028653295128939827,1396,649
OH,Washington,39.40775587068477,-81.50508411131293,0.0,0.11940298507462686,0.08208955223880597,0.0,0.0,0.0,134,41
OH,Wayne,40.870054041137124,-81.8738856947603,0.006688963210702341,0.0,0.10702341137123746,0.13712374581939799,0.0,0.0,299,108
OH,Williams,41.593952793128324,-84.63983721533367,0.04285714285714286,0.03333333333333333,0.0,0.0,0.0,0.0,210,132
OH,Wood,41.49553371186358,-83.56691296549636,0.05075445816186557,0.06584362139917696,0.07407407407407407,0.010973936899862825,0.0,0.013717421124828532,729,406
OH,Wyandot,40.83560524431818,-83.30976649204545,0.0,0.0,0.0,0.022727272727272728,0.0,0.0,88,38
OK,Atoka,34.186192,-96.245308,0.0,0.0,0.0,1.0,0.0,0.0,2,1
OK,Beckham,35.290749,-99.620636,0.0,0.0,0.0,0.0,0.0,0.0,6,1
OK,Bryan,33.9900838,-96.3922074,0.0,0.0,0.0,0.6,0.0,0.0,10,2
OK,Caddo,35.53125991071428,-98.51891155357143,0.0,0.0,0.0,0.0,0.0,0.0,14,5
OK,Canadian,35.48471998306479,-97.73308544582935,0.026651216685979143,0.06488991888760139,0.25028968713789107,0.14831981460023175,0.0,0.0,863,514
OK,Carter,34.2527268375,-97.18160532499999,0.0,0.0,0.0,0.0,0.0,0.0,40,12
OK,Cleveland,35.340527351153504,-97.49332752027848,0.0,0.14551083591331268,0.24664602683178535,0.14860681114551083,0.0,0.0,969,501
OK,Comanche,34.60608965,-98.40040125,0.0,0.0,0.0,0.0,0.0,0.0,20,4
OK,Cotton,34.293822133333336,-98.3693354,0.0,0.0,0.0,0.0,0.0,0.0,15,4
OK,Creek,35.9793090220216,-96.17614066895061,0.07407407407407407,0.0,0.0,0.09259259259259259,0.0,0.0,54,19
OK,Custer,35.51779890909091,-98.85478836363636,0.0,0.0,0.0,0.0,0.0,0.0,11,2
OK,Garfield,36.419491,-97.80101,0.0,0.0,0.0,0.0,0.0,0.0,4,1
OK,Garvin,34.7328952,-97.26947179999999,0.0,0.0,0.0,0.0,0.0,0.0,10,3
OK,Grady,35.108312363636365,-97.88312918181818,0.0,0.0,0.0,0.0,0.0,0.0,11,2
OK,Haskell,35.230522,-95.380188,0.0,0.0,0.0,0.0,0.0,0.0,7,1
OK,Kay,36.651592,-97.345573,0.0,0.0,0.0,0.0,0.0,0.0,4,2
OK,Lincoln,35.70721728,-96.96683225333332,0.08,0.0,0.0,0.0,0.0,0.0,25,9
OK,Logan,35.820217739291444,-97.43169646525573,0.0641025641025641,0.0,0.0,0.14102564102564102,0.0,0.0,78,24
OK,Love,33.93963087367144,-97.18768758969617,0.0,0.0,0.0,0.0,0.0,0.0,24,8
OK,Mayes,36.43754966666666,-95.40563811111112,0.0,0.0,0.0,0.0,0.0,0.0,9,2
OK,McClain,35.101457867816094,-97.49210311206897,0.10344827586206896,0.0,0.08620689655172414,0.0,0.0,0.0,58,21
OK,McCurtain,34.380444,-94.703957,0.0,0.0,0.0,0.0,0.0,0.0,1,1
OK,McIntosh,35.426712200000004,-95.5493594,0.0,0.0,0.0,0.0,0.0,0.0,10,3
OK,Murray,34.442666325,-97.138584425,0.0,0.0,0.0,0.0,0.0,0.0,20,6
OK,Muskogee,35.60707114814815,-95.30099951851852,0.0,0.0,0.0,0.0,0.0,0.0,27,6
OK,Noble,36.202492,-97.328041,0.0,0.0,0.0,0.0,0.0,0.0,6,1
OK,Okfuskee,35.4077005,-96.12293449999999,0.0,0.0,0.0,0.25,0.0,0.0,12,4
OK,Oklahoma,35.49607596563172,-97.5360567079528,0.01878980891719745,0.27685774946921443,0.3243099787685775,0.1302547770700637,0.002760084925690021,0.009872611464968152,9420,6542
OK,Okmulgee,35.64630460869565,-95.97262439130434,0.0,0.0,0.0,0.0,0.0,0.0,23,5
OK,Osage,36.18972570876289,-96.01373543642612,0.0,0.19072164948453607,0.04639175257731959,0.2268041237113402,0.030927835051546393,0.020618556701030927,194,55
OK,Ottawa,36.995931,-94.617932,0.0,0.0,0.0,0.0,0.0,0.0,6,1
OK,Pawnee,36.187256,-96.27123999999999,0.0,0.0,0.0,0.0,0.0,0.0,6,1
OK,Payne,36.12749795238095,-97.12978652380953,0.0,0.19047619047619047,0.19047619047619047,0.0,0.0,0.0,21,5
OK,Pittsburg,34.8787156,-95.80171680000001,0.0,0.0,0.0,0.0,0.0,0.0,5,2
OK,Pottawatomie,35.359850531914894,-96.95152635106383,0.0,0.0,0.0,0.0,0.0,0.0,47,10
OK,Rogers,36.33524152727273,-95.70274931818182,0.0,0.0,0.07272727272727272,0.2,0.0,0.0,55,14
OK,Seminole,35.36233981750782,-96.64088986256898,0.0,0.0,0.15384615384615385,0.0,0.0,0.0,13,5
OK,Sequoyah,35.430772108440976,-94.52202391353912,0.5833333333333334,0.0,0.0,0.0,0.0,0.0,12,3
OK,Tulsa,36.11331204234391,-95.92370085806024,0.016040688575899843,0.4732394366197183,0.21291079812206573,0.3482785602503912,0.0892018779342723,0.025508607198748045,12780,8217
OK,Wagoner,36.09050654464643,-95.69270812152355,0.0,0.0,0.07727272727272727,0.19090909090909092,0.0,0.0,220,60
OK,Washita,35.291271,-98.97628,0.0,0.0,0.0,0.0,0.0,0.0,4,1
OR,Baker,44.66087152618317,-117.65169707482538,0.07016543069024529,0.029092983456930975,0.0,0.002852253280091272,0.0,0.0068454078722190535,1753,1440
OR,Benton,44.55770408443117,-123.31502803510112,0.0,0.16119402985074627,0.10895522388059702,0.007462686567164179,0.026865671641791045,0.007462686567164179,670,360
OR,Clackamas,45.34881022950487,-122.49644365927966,0.037880496054115,0.1677564825253664,0.14002254791431792,0.011724915445321308,0.07846674182638105,0.01713641488162345,4435,3203
OR,Clatsop,46.0351470367959,-123.77629703040755,0.01282051282051282,0.06552706552706553,0.05698005698005698,0.1388888888888889,0.026353276353276354,0.027065527065527065,1404,1057
OR,Columbia,45.95795487286574,-123.01430380669736,0.0036540803897685747,0.11936662606577345,0.08160779537149818,0.057247259439707675,0.012180267965895249,0.012180267965895249,821,531
OR,Coos,43.25064289202017,-124.22966542391246,0.0,0.06345177664974619,0.043993231810490696,0.26988155668358715,0.0,0.00676818950930626,1182,821
OR,Crook,44.29804638058568,-120.83119182339502,0.0,0.030710172744721688,0.0,0.04222648752399232,0.0,0.0019193857965451055,521,360
OR,Curry,42.3573003659461,-124.37075117723731,0.0,0.07948243992606285,0.066543438077634,0.025878003696857672,0.0,0.014787430683918669,541,376
OR,Deschutes,44.09265402007918,-121.28799235320818,0.031138501459617256,0.05157314304249108,0.07719753486863444,0.0447615958481998,0.008433344145313007,0.006487187804086928,3083,2351
OR,Douglas,43.30440477373025,-123.33366929950097,0.07504488330341114,0.013285457809694794,0.0118491921005386,0.02585278276481149,0.0,0.0039497307001795335,2785,2104
OR,Gilliam,45.65626809414163,-120.28770849775111,0.08549222797927461,0.0,0.0,0.015544041450777202,0.0,0.0051813471502590676,386,339
OR,Grant,44.5064297723765,-118.97429440276812,0.0,0.03582089552238806,0.01791044776119403,0.020895522388059702,0.0,0.023880597014925373,670,387
OR,Harney,43.4909714814478,-119.00866394069106,0.0,0.0,0.004702194357366771,0.0,0.0,0.017241379310344827,638,445
OR,Hood River,45.62529035078735,-121.61322988424718,0.05415617128463476,0.12216624685138538,0.02644836272040302,0.060453400503778336,0.007556675062972292,0.03526448362720403,794,591
OR,Jackson,42.33401471305594,-122.801863032054,0.03898405197873597,0.0800354400472534,0.0776727702303603,0.022150029533372712,0.002362669816893089,0.014471352628470172,3386,2473
OR,Jefferson,44.59295489585053,-121.21876369388984,0.0,0.03619441571871768,0.052740434332988625,0.09410548086866598,0.0,0.017580144777662874,967,661
OR,Josephine,42.40856104861594,-123.44298228922585,0.021164021164021163,0.005878894767783657,0.06819517930629042,0.00411522633744856,0.0011757789535567313,0.010582010582010581,1701,1284
OR,Klamath,42.55855353030706,-121.7657872819637,0.0156794425087108,0.033797909407665506,0.026829268292682926,0.011149825783972125,0.0013937282229965157,0.005574912891986063,2870,2047
OR,Lake,42.51004692765441,-120.41180601328838,0.0,0.008174386920980926,0.0,0.027247956403269755,0.0,0.05858310626702997,734,463
OR,Lane,44.01144440334409,-123.12119545469136,0.068929774552993,0.0668566986265872,0.05415910857735164,0.014252396994039906,0.003627882871210158,0.0028504793988079814,3859,2894
OR,Lincoln,44.70275240341521,-123.97501341036032,0.002711864406779661,0.04745762711864407,0.04,0.05220338983050848,0.009491525423728813,0.008135593220338983,1475,978
OR,Linn,44.508093452599105,-122.81321809484537,0.024634655532359082,0.07390396659707725,0.054697286012526096,0.01753653444676409,0.0,0.010855949895615866,2395,1678
OR,Malheur,43.69083696652421,-117.32539534718244,0.020021074815595362,0.03582718651211802,0.010010537407797681,0.00684931506849315,0.0,0.008956796628029505,1898,1466
OR,Marion,44.97639375838563,-122.84203374601128,0.05319493999351281,0.09957833279273436,0.07071034706454751,0.02335387609471294,0.007784625364904314,0.015569250729808628,3083,2266
OR,Morrow,45.65694119304201,-119.67409176843685,0.0055658627087198514,0.011131725417439703,0.0,0.0055658627087198514,0.0,0.00927643784786642,539,362
OR,Multnomah,45.53255457422539,-122.62172598398553,0.1062037797863599,0.18909202958093674,0.13783894823336074,0.03307313064913722,0.09141331142152835,0.04899342645850452,9736,7956
OR,Polk,44.95375043174358,-123.2813518392008,0.03220478943022296,0.18909991742361684,0.03633360858794385,0.1486374896779521,0.0,0.02064409578860446,1211,797
OR,Sherman,45.51559781623698,-120.74548828682119,0.032567049808429116,0.0,0.022988505747126436,0.02681992337164751,0.0,0.0,522,396
OR,Tillamook,45.4352198053214,-123.81903904413285,0.001984126984126984,0.06746031746031746,0.023809523809523808,0.00992063492063492,0.006944444444444444,0.013888888888888888,1008,668
OR,Umatilla,45.68950991894139,-118.74146045644852,0.05912464806757103,0.0063987714358843106,0.01714870744816995,0.016124904018428463,0.0,0.0017916560020476069,3907,3208
OR,Union,45.302751168650765,-118.05733836461641,0.06945143432310015,0.026673376950176145,0.014091595369904378,0.001509813789632612,0.0,0.0055359838953195776,1987,1667
OR,Wallowa,45.53527077714381,-117.3557640848631,0.0,0.03428571428571429,0.0,0.0,0.0,0.002857142857142857,350,217
OR,Wasco,45.33542615465508,-121.2068392584613,0.05447209145931405,0.005379959650302623,0.0020174848688634837,0.03160726294552791,0.0,0.00605245460659045,1487,1201
OR,Washington,45.49544891120645,-122.8869765403485,0.0853448275862069,0.2189655172413793,0.15919540229885057,0.048563218390804595,0.0706896551724138,0.023563218390804597,3480,2534
OR,Wheeler,44.7188382904537,-120.03304889117737,0.0,0.0,0.0,0.034782608695652174,0.0,0.0,230,149
OR,Yamhill,45.215993131877426,-123.15576178647007,0.007662835249042145,0.07088122605363985,0.03959131545338442,0.021711366538952746,0.0,0.008939974457215836,1566,967
PA,Adams,39.854413593138666,-77.15521475422388,0.015573227302849569,0.08581842279655401,0.06494367130550033,0.20742213386348576,0.0023194168323392977,0.013253810470510271,3018,1250
PA,Allegheny,40.45065363881443,-79.98052406394393,0.10625808377275893,0.16137697741518256,0.2324146851059596,0.041488409113521044,0.05472092329121481,0.029648791165058204,10051,6443
PA,Armstrong,40.79394306426836,-79.49150728716373,0.0,0.01984126984126984,0.06349206349206349,0.015873015873015872,0.0,0.0,252,89
PA,Beaver,40.7123336758324,-80.31228628810973,0.08610271903323263,0.08610271903323263,0.1540785498489426,0.09063444108761329,0.04380664652567976,0.02416918429003021,662,274
PA,Bedford,40.04812560901307,-78.48019690052094,0.025262154432793137,0.010486177311725452,0.06530028598665395,0.10867492850333652,0.0,0.02478551000953289,2098,992
PA,Berks,40.39175500208819,-75.93748177688714,0.11530205458448328,0.031278748850046,0.1088623121741797,0.08770315854032505,0.0,0.004599816007359705,3261,2123
PA,Blair,40.47579018674164,-78.37253164563154,0.005145356315924878,0.06920504244918961,0.21893491124260356,0.034731155132492926,0.0,0.012863390789812194,3887,1971
PA,Bradford,41.78339096657565,-76.50547545486096,0.0,0.06976744186046512,0.07711138310893513,0.2178702570379437,0.0,0.02447980416156671,817,261
PA,Bucks,40.20972073817386,-75.0431345435868,0.10854816824966079,0.06614654002713705,0.20488466757123475,0.028833107191316147,0.0,0.00983717774762551,2948,1812
PA,Butler,40.83735057485606,-80.01474193452779,0.08976660682226212,0.03411131059245961,0.15439856373429084,0.12567324955116696,0.0,0.010771992818671455,557,265
PA,Cambria,40.43367178302509,-78.77999110791004,0.019834710743801654,0.03659976387249114,0.11711924439197166,0.05548996458087367,0.0,0.02857142857142857,4235,1907
PA,Cameron,41.42922837995666,-78.20864249881438,0.0,0.07586206896551724,0.0,0.12413793103448276,0.0,0.0,145,58
PA,Carbon,40.92722513129029,-75.68450225606992,0.033734939759036145,0.03132530120481928,0.024096385542168676,0.024096385542168676,0.0,0.02650602409638554,415,238
PA,Centre,40.871436974482144,-77.81989652880473,0.02493380406001765,0.16019417475728157,0.1443071491615181,0.057590467784642545,0.05119152691968226,0.0353045013239188,4532,2489
PA,Chester,40.00112840227508,-75.6620614034397,0.027549477283187587,0.08337168781642448,0.16976790058517982,0.10125583536064173,0.00690380695640739,0.025642711552370308,15209,7531
PA,Clarion,41.19031797411403,-79.41839028569704,0.021937842778793418,0.07556368068251067,0.05240706886045095,0.028031687995124923,0.0,0.010359536867763558,1641,685
PA,Clearfield,40.99507230123965,-78.48721782230423,0.014338575393154487,0.055272895467160035,0.08163737280296023,0.021739130434782608,0.0,0.0064754856614246065,4324,2292
PA,Clinton,41.13520462898036,-77.45928538460542,0.028515878159429683,0.03953337653920933,0.06156837329876863,0.0609202851587816,0.0019442644199611147,0.005832793259883344,1543,802
PA,Columbia,41.036383953562954,-76.39844801889194,0.035318924617817604,0.1275698471270427,0.10648392198207696,0.0959409594095941,0.0,0.014760147601476014,1897,923
PA,Crawford,41.689573569226106,-80.04626379412305,0.04633204633204633,0.15444015444015444,0.08108108108108109,0.3474903474903475,0.015444015444015444,0.0,259,83
PA,Cumberland,40.20813127150415,-77.10723833304179,0.09445324881141046,0.062123613312202855,0.11061806656101426,0.05388272583201268,0.0009508716323296355,0.001901743264659271,3155,2230
PA,Dauphin,40.30337890780905,-76.80746350588319,0.10750564334085778,0.05107223476297968,0.11258465011286682,0.03527088036117382,0.0014108352144469526,0.005079006772009029,3544,2550
PA,Delaware,39.905156431902995,-75.35805302242358,0.06480599046970728,0.11368277739959155,0.20748808713410483,0.07733151803948264,0.011844792375765826,0.025323349217154525,7345,3926
PA,Elk,41.4272374828655,-78.64188992733705,0.0,0.08617234468937876,0.07748830995323981,0.05811623246492986,0.0,0.01736806947227789,1497,665
PA,Erie,42.0307345069441,-80.08568168721216,0.07884615384615384,0.16923076923076924,0.09903846153846153,0.21634615384615385,0.020192307692307693,0.011538461538461539,1040,505
PA,Fayette,39.94294930967841,-79.68808486137733,0.008928571428571428,0.019345238095238096,0.14136904761904762,0.0818452380952381,0.0,0.0,672,219
PA,Forest,41.5190716833055,-79.12861525427648,0.0,0.0,0.0,0.1896551724137931,0.0,0.0,58,19
PA,Franklin,39.93460186925924,-77.66843057728751,0.029223744292237442,0.0273972602739726,0.13515981735159818,0.1223744292237443,0.0,0.0,1095,705
PA,Fulton,39.957807686146005,-78.08802748963484,0.02774694783573807,0.00776914539400666,0.003329633740288568,0.03440621531631521,0.0,0.009988901220865706,901,439
PA,Greene,39.89033583223344,-80.16635894656199,0.08737864077669903,0.009708737864077669,0.02912621359223301,0.22815533980582525,0.0,0.0,206,90
PA,Huntingdon,40.44143249214426,-77.99420053472015,0.001571503404924044,0.02357255107386066,0.05133577789418544,0.1859612362493452,0.0,0.01676270298585647,1909,762
PA,Indiana,40.61665074469024,-79.08478599164258,0.03076923076923077,0.0057692307692307696,0.025,0.09615384615384616,0.0,0.0,520,175
PA,Jefferson,41.11044288568292,-78.97469109993165,0.0096411355115158,0.10444563470808785,0.05034815211569363,0.010712372790573112,0.0032137118371719335,0.0144617032672737,1867,859
PA,Juniata,40.56853960320451,-77.32968952997804,0.022452504317789293,0.009499136442141624,0.027633851468048358,0.10362694300518134,0.0,0.0,1158,538
PA,Lackawanna,41.43436940880777,-75.61359347749894,0.1285475792988314,0.05926544240400668,0.09515859766277128,0.06343906510851419,0.0,0.005843071786310518,1198,674
PA,Lancaster,40.0796687543644,-76.29159543480903,0.014923782112781154,0.07136765803219274,0.1546743417546104,0.08176100628930817,0.017109050207866964,0.026169917919198378,18762,9752
PA,Lawrence,40.97856462898635,-80.31917574797279,0.012546125461254613,0.045756457564575644,0.1003690036900369,0.13210332103321032,0.0,0.016236162361623615,1355,492
PA,Lebanon,40.368538914554165,-76.47290899531257,0.05185589519650655,0.024017467248908297,0.10698689956331878,0.055676855895196505,0.0,0.012008733624454149,1832,921
PA,Lehigh,40.59958585069875,-75.52450574722012,0.13897596656217345,0.034482758620689655,0.09056078021595262,0.022988505747126436,0.0,0.0024381748519679554,2871,2119
PA,Luzerne,41.15328799185473,-75.93377599108541,0.051228070175438595,0.061052631578947365,0.062456140350877196,0.036491228070175435,0.002105263157894737,0.018245614035087718,1425,800
PA,Lycoming,41.25964102312741,-76.96891040470514,0.02702702702702703,0.1291891891891892,0.11729729729729729,0.06567567567567567,0.00972972972972973,0.02108108108108108,3700,1774
PA,McKean,41.84712346859901,-78.57303814587483,0.007865168539325843,0.05561797752808989,0.05056179775280899,0.18089887640449437,0.0,0.015168539325842697,1780,801
PA,Mercer,41.23066334197856,-80.2550634678427,0.083984375,0.09375,0.048828125,0.146484375,0.0,0.0078125,512,223
PA,Mifflin,40.60257102930422,-77.6190865478083,0.03010890454836643,0.11274823830877642,0.10698270339525945,0.16399743754003843,0.0,0.016015374759769378,1561,738
PA,Monroe,41.031023768582706,-75.311452193152,0.05941302791696493,0.01789549033643522,0.09305654974946313,0.006442376521116679,0.0,0.007874015748031496,1397,748
PA,Montgomery,40.154394072905276,-75.30725246240941,0.018782436774034104,0.11958700606859433,0.2039157536315457,0.0488782711371063,0.009748194524535245,0.03405003157865832,36417,20700
PA,Montour,41.00010732466961,-76.6480340207683,0.026041666666666668,0.05381944444444445,0.08680555555555555,0.109375,0.0,0.008680555555555556,576,306
PA,Northampton,40.691967245931394,-75.3162177061489,0.12176909821941413,0.019529006318207927,0.09477311889718552,0.018380241240666284,0.0068925904652498565,0.027570361860999426,1741,1248
PA,Northumberland,40.8996241267767,-76.7185725551179,0.016962220508866616,0.07440246723207401,0.08519660755589822,0.03084040092521203,0.0,0.02467232074016962,2594,1099
PA,Perry,40.424974413626416,-77.11636227928452,0.07042253521126761,0.06067172264355363,0.030335861321776816,0.23943661971830985,0.0,0.016251354279523293,923,437
PA,Philadelphia,39.98105512765474,-75.14786661884499,0.12292897694357548,0.2064650677789364,0.21364847642219906,0.028154327424400417,0.01749507588923647,0.0186536901865369,8631,7385
PA,Pike,41.34497921837811,-75.0322220551651,0.025179856115107913,0.0,0.018884892086330936,0.022482014388489208,0.0,0.006294964028776978,1112,453
PA,Potter,41.832006102057,-77.89057153800078,0.008995502248875561,0.035982008995502246,0.025487256371814093,0.16491754122938532,0.0,0.0,667,194
PA,Schuylkill,40.720846040277294,-76.21669174077893,0.06649168853893263,0.004374453193350831,0.0594925634295713,0.02712160979877515,0.0,0.03237095363079615,1143,570
PA,Snyder,40.794844061712965,-76.97280348896996,0.022714036109493303,0.028538147932440302,0.10483401281304601,0.12230634828188701,0.0,0.009900990099009901,1717,809
PA,Somerset,40.02333141270251,-79.01835529663116,0.00869304556354916,0.009592326139088728,0.07134292565947242,0.022482014388489208,0.0,0.004796163069544364,3336,1591
PA,Sullivan,41.47211015136479,-76.47323954243906,0.0,0.0,0.0,0.10455764075067024,0.0,0.0,373,123
PA,Susquehanna,41.8124983389396,-75.75209857972874,0.08721804511278196,0.015037593984962405,0.013533834586466165,0.26015037593984963,0.0,0.0,665,354
PA,Tioga,41.806870797605484,-77.21715038926601,0.009287925696594427,0.05448916408668731,0.045820433436532505,0.17461300309597524,0.0,0.026625386996904025,1615,697
PA,Union,40.97661014094617,-76.9669141297263,0.019167217448777262,0.08856576338400529,0.1130204890945142,0.1579643093192333,0.0,0.016523463317911435,1513,730
PA,Venango,41.32887069372299,-79.79661669659171,0.048,0.08,0.084,0.29,0.0,0.0,500,221
PA,Warren,41.847013935631466,-79.24365505198757,0.0,0.19875776397515527,0.19254658385093168,0.33540372670807456,0.0,0.0,161,48
PA,Washington,40.191034150203606,-80.18576447375108,0.08363636363636363,0.04181818181818182,0.07878787878787878,0.12121212121212122,0.006060606060606061,0.017575757575757574,1650,805
PA,Wayne,41.48778371040858,-75.35369896862927,0.017361111111111112,0.03125,0.052083333333333336,0.052083333333333336,0.0,0.0,288,125
PA,Westmoreland,40.31363562515026,-79.5479327553554,0.03742802303262956,0.04875239923224568,0.16065259117082534,0.04702495201535509,0.0,0.01036468330134357,5210,2222
PA,Wyoming,41.55440821924526,-75.98947689659747,0.0,0.027972027972027972,0.04895104895104895,0.4755244755244755,0.0,0.0,143,42
PA,York,39.95455796243266,-76.75762794191229,0.01920148874978853,0.04026391473523938,0.13694806293351378,0.11317881915073591,0.0,0.014041617323633904,11822,5685
RI,Bristol,41.7163412,-71.27681995555555,0.0,0.0,0.1111111111111111,0.0,0.0,0.0,45,9
RI,Kent,41.70149478614549,-71.47380843566374,0.13357843137254902,0.024509803921568627,0.09436274509803921,0.013480392156862746,0.0,0.006127450980392157,816,571
RI,Newport,41.52636702887139,-71.2971919527559,0.11811023622047244,0.12598425196850394,0.1732283464566929,0.023622047244094488,0.023622047244094488,0.10236220472440945,127,40
RI,Providence,41.83665661988645,-71.4286097333889,0.14150197628458497,0.06534914361001318,0.06350461133069829,0.006851119894598155,0.0,0.009749670619235836,3795,2836
RI,Washington,41.48120872021819,-71.66036058691252,0.05476673427991886,0.018255578093306288,0.16835699797160245,0.0,0.006085192697768763,0.010141987829614604,493,198
SC,Abbeville,34.263856944582606,-82.43197666087181,0.0,0.018067556952081697,0.01728201099764336,0.15946582875098192,0.0,0.004713275726630008,1273,412
SC,Aiken,33.54926920011006,-81.74274760339279,0.00838639540301289,0.017704612517471657,0.03960242273644976,0.054822177356732414,0.0,0.002174250660040379,6439,2982
SC,Allendale,33.01280750052845,-81.31791184297481,0.0,0.05991735537190083,0.0,0.10330578512396695,0.0,0.006198347107438017,484,161
SC,Anderson,34.57270183481221,-82.6188912026791,0.014516661167931376,0.022500824810293633,0.09501814582645991,0.027977565160013197,0.0,0.005476740349719565,15155,8268
SC,Bamberg,33.247092779144566,-81.07219103487184,0.0,0.025139664804469275,0.008379888268156424,0.06424581005586592,0.0,0.018156424581005588,716,259
SC,Barnwell,33.29072534756165,-81.35437640638072,0.0,0.024390243902439025,0.012195121951219513,0.0897212543554007,0.0,0.008710801393728223,1148,358
SC,Beaufort,32.37695707679237,-80.76307823340632,0.0065065065065065065,0.027777777777777776,0.060810810810810814,0.0045045045045045045,0.0,0.004254254254254255,3996,1741
SC,Berkeley,33.10981195042615,-80.05334274353382,0.00540602714515758,0.02035886818495514,0.040487692661605706,0.09201748332183114,0.0,0.004025764895330112,8694,4563
SC,Calhoun,33.70151801404688,-80.88010516455566,0.026284348864994027,0.002986857825567503,0.0,0.15471923536439666,0.0,0.002986857825567503,1674,1039
SC,Charleston,32.875072265204395,-80.0110716442367,0.07977112083473578,0.040895321440592394,0.07320767418377651,0.01144395826321104,0.0018512285425782565,0.015146415348367553,5942,3990
SC,Cherokee,35.09008912267137,-81.64767059487299,0.01707865168539326,0.0071910112359550565,0.012808988764044944,0.04651685393258427,0.0,0.0020224719101123597,4450,2654
SC,Chester,34.70937982833063,-81.10076178653019,0.00806090461262875,0.047021943573667714,0.007165248544558889,0.01701746529332736,0.0,0.0026869682042095834,2233,1105
SC,Chesterfield,34.67608906904099,-80.16572747968978,0.0,0.004066877541798464,0.0,0.09534568459105287,0.0,0.0027112516945323093,2213,684
SC,Clarendon,33.69841978799319,-80.23083950913252,0.016579819990525817,0.033633349123638086,0.02510658455708195,0.17953576504026528,0.0,0.015632401705352912,2111,1076
SC,Colleton,32.91792794642361,-80.68555009075024,0.0070028011204481795,0.007282913165266107,0.007563025210084034,0.15098039215686274,0.0,0.0025210084033613447,3570,1919
SC,Darlington,34.315727246922165,-79.97418855763668,0.006907985631389887,0.024592428847747996,0.025697706548770377,0.15612047526941145,0.0,0.004973749654600719,3619,1664
SC,Dillon,34.391252240144766,-79.39222562221772,0.03232666950233943,0.008507018290089324,0.002126754572522331,0.017014036580178648,0.0,0.011484474691620587,2351,1203
SC,Dorchester,33.052241248483234,-80.30150858003186,0.012333164385875993,0.02044264233823281,0.03885791518837641,0.03649265078560568,0.0,0.00506842372022301,5919,3062
SC,Edgefield,33.73217615470294,-81.93302318179126,0.0,0.0,0.0,0.005230125523012552,0.0,0.0,956,314
SC,Fairfield,34.365578522366675,-81.06334068435176,0.01189127972819932,0.021517553793884484,0.006795016987542469,0.16024915062287656,0.0,0.0022650056625141564,1766,802
SC,Florence,34.09648001113263,-79.75689368164726,0.007823613086770981,0.019559032716927455,0.08428165007112376,0.0388809862494073,0.0045045045045045045,0.005808440018966334,8436,4349
SC,Georgetown,33.46878473833171,-79.24660914575324,0.0,0.006044578768417076,0.022289384208537967,0.013978088401964487,0.0,0.014355874574990555,2647,1216
SC,Greenville,34.8439342133432,-82.34465219579167,0.011658115217250114,0.17116970838475026,0.17834643112294604,0.020913164902253686,0.02630382542053647,0.013411703578619212,30794,19407
SC,Greenwood,34.199527176828234,-82.1509340267517,0.0,0.0966183574879227,0.11948470209339775,0.05893719806763285,0.0,0.00676328502415459,3105,1278
SC,Hampton,32.786282865336155,-81.08197526922271,0.006294964028776978,0.10161870503597123,0.002697841726618705,0.0,0.0,0.009892086330935251,1112,506
SC,Horry,33.81382821147902,-78.95254833153035,0.009194970913867517,0.014511790830049415,0.10014386689184963,0.017514230312128603,0.0,0.004878964158378683,15987,8246
SC,Jasper,32.425650856911,-81.00625180697551,0.018301610541727673,0.015007320644216691,0.01281112737920937,0.05087847730600293,0.0,0.0010980966325036604,2732,1633
SC,Kershaw,34.25967240676889,-80.63843590071052,0.009433962264150943,0.018867924528301886,0.00759958071278826,0.1260482180293501,0.0,0.0034067085953878406,3816,1887
SC,Lancaster,34.76355416391517,-80.74972254416618,0.0,0.04741269436655621,0.0525108335457558,0.08870762171807291,0.0,0.0025490695895997962,3923,1758
SC,Laurens,34.50347508693653,-82.02184912332507,0.01695906432748538,0.057115009746588695,0.03313840155945419,0.021442495126705652,0.0,0.003313840155945419,5130,2368
SC,Lee,34.16644172767247,-80.25199824453534,0.017170329670329672,0.0,0.0,0.15865384615384615,0.0,0.0020604395604395605,1456,621
SC,Lexington,33.95329864707194,-81.20845396073786,0.040623839584106945,0.09105087263275158,0.05933902710731526,0.013739324173783884,0.0,0.005272929818046788,13465,7943
SC,Marion,34.15783816190938,-79.33886835160928,0.014705882352941176,0.01753393665158371,0.014705882352941176,0.04581447963800905,0.0,0.013574660633484163,1768,693
SC,Marlboro,34.62962317189792,-79.66719126765985,0.0,0.006965174129353234,0.00945273631840796,0.04626865671641791,0.0,0.0014925373134328358,2010,756
SC,McCormick,33.86947341182709,-82.27134689788993,0.0,0.053784860557768925,0.0,0.07171314741035857,0.0,0.0,502,163
SC,Mccormick,33.929611,-82.330215,0.0,0.0,0.0,0.0,0.0,0.0,4,1
SC,Newberry,34.26681233115397,-81.55392932029243,0.022579410639112132,0.03788748564867968,0.02066590126291619,0.04554152315346345,0.0,0.0030616150019135095,2613,1340
SC,Oconee,34.69663900011893,-83.01376020640451,0.0028980840444372885,0.029141845113508293,0.07019803574303655,0.04604733537272581,0.0,0.004186121397520528,6211,2648
SC,Orangeburg,33.466170372929284,-80.77717732663275,0.016999575010624733,0.024791046890494405,0.025499362515937103,0.15129621759456013,0.0,0.0009916418756197763,7059,3547
SC,Pickens,34.83574776925955,-82.67616900763633,0.005332040717401842,0.01777346905800614,0.06301502666020359,0.041202132816286964,0.0008078849571820973,0.005655194700274681,6189,2719
SC,Richland,34.07124891932688,-80.99012906873668,0.0386346396965866,0.07337547408343868,0.07013906447534766,0.047787610619469026,0.004348925410872314,0.0069279393173198485,19775,12489
SC,Saluda,33.99478598240823,-81.70012412063437,0.0,0.0,0.0,0.02607361963190184,0.0,0.00843558282208589,1304,435
SC,Spartanburg,34.96048412892962,-82.00728439767963,0.018983079383786513,0.09836686589780284,0.10089233100429329,0.04432191261890731,0.0016836434043269635,0.00576647865981985,23758,14455
SC,Sumter,33.929277870079424,-80.36414416964273,0.007424692405600339,0.03839626644039033,0.0642766228256258,0.12091641917691981,0.0,0.002969876962240136,4714,2054
SC,Union,34.72827247324415,-81.62523773175228,0.0,0.03450807635829662,0.009544787077826725,0.0,0.0,0.003671071953010279,1362,507
SC,Williamsburg,33.66269332544693,-79.72697129657796,0.0,0.043617021276595745,0.026595744680851064,0.02553191489361702,0.0,0.014361702127659574,1880,670
SC,York,35.00462274720319,-81.06828644763294,0.010623672040994875,0.06036745406824147,0.10561179852518435,0.0339957505311836,0.002374703162104737,0.0027496562929633797,8001,4113
SD,Aurora,43.73799920061237,-98.79115462256054,0.0,0.0,0.0,0.0,0.0,0.0,6,1
SD,Beadle,44.37061661538461,-98.33939815384616,0.0,0.0,0.23076923076923078,0.0,0.0,0.0,13,2
SD,Brookings,44.305611,-96.77651199999998,0.0,0.0,0.0,0.0,0.0,0.0,6,1
SD,Brown,45.4536177,-98.4742577,0.0,0.0,0.0,0.0,0.0,0.0,10,2
SD,Brule,43.73797410985884,-98.90263677559874,0.0,0.0,0.0,0.0,0.0,0.0,17,7
SD,Butte,45.0219915,-103.412417,0.0,0.0,0.0,0.0,0.0,0.0,4,2
SD,Corson,45.585305000000005,-100.489086,0.0,0.0,0.0,0.0,0.0,0.0,6,2
SD,Fall River,43.306757,-103.831971,0.0,0.0,0.0,1.0,0.0,0.0,3,1
SD,Grant,45.135601,-96.701279,0.0,0.0,0.0,0.0,0.0,0.0,4,1
SD,Harding,45.39761022222223,-103.15155694444444,0.0,0.0,0.0,0.0,0.0,0.0,9,3
SD,Hutchinson,43.38446,-97.995573,0.0,0.0,0.0,0.0,0.0,0.0,4,1
SD,Lawrence,44.38082193333333,-103.71389226666666,0.0,0.0,0.0,0.0,0.0,0.0,15,3
SD,Lincoln,43.171833,-96.79561733333333,0.0,0.0,0.0,0.0,0.0,0.0,9,2
SD,Marshall,45.602539,-97.830627,0.0,0.0,0.0,0.0,0.0,0.0,4,1
SD,McCook,43.666516,-97.139912,0.0,0.0,0.0,0.0,0.0,0.0,2,1
SD,Meade,44.49296461564833,-103.41649312237404,0.0,0.0,0.0,0.0,0.0,0.0,13,3
SD,Minnehaha,43.60882899999999,-96.467131,1.0,0.0,0.0,0.0,0.0,0.0,3,1
SD,Pennington,44.03709771428572,-102.47436757142859,0.0,0.0,0.0,0.0,0.0,0.0,7,2
SD,Union,43.079896999999995,-96.795925,1.0,0.0,0.0,0.0,0.0,0.0,6,1
TN,Anderson,36.133181904749165,-84.12033024867381,0.0625,0.0,0.03571428571428571,0.017857142857142856,0.0,0.0,336,176
TN,Bedford,35.551869165451535,-86.35225784021573,0.0821917808219178,0.0,0.0,0.0,0.0,0.0,73,24
TN,Benton,35.90433166850217,-88.02032707240299,0.23728813559322035,0.0,0.0,0.0,0.0,0.0,59,32
TN,Bledsoe,35.608181448120305,-85.1841010679198,0.0,0.0,0.0,0.0,0.0,0.0,95,33
TN,Blount,35.805633744665506,-83.96692652392471,0.022099447513812154,0.0,0.049723756906077346,0.0,0.0,0.0,181,85
TN,Bradley,35.183229059675014,-84.88951568940209,0.038834951456310676,0.010922330097087379,0.02669902912621359,0.010922330097087379,0.0,0.0,824,582
TN,Campbell,36.40799438925203,-84.20055298924173,0.1198044009779951,0.0,0.009779951100244499,0.0,0.0,0.014669926650366748,409,316
TN,Cannon,35.83465356928985,-86.05838146304941,0.0,0.0,0.07142857142857142,0.0,0.0,0.0,70,20
TN,Carroll,35.92471394737702,-88.37119359665,0.0,0.07692307692307693,0.15384615384615385,0.0,0.0,0.0,52,14
TN,Carter,36.29382337526036,-82.17378112036504,0.0,0.0,0.10273972602739725,0.0821917808219178,0.0,0.0,146,51
TN,Cheatham,36.200481016117486,-87.03210104321643,0.06405693950177936,0.03202846975088968,0.0,0.03202846975088968,0.0,0.0,281,159
TN,Chester,35.4117312,-88.6162528,0.0,0.0,0.0,0.0,0.0,0.0,15,3
TN,Claiborne,36.446580184285715,-83.63221766000001,0.0,0.0,0.14285714285714285,0.0,0.0,0.0,35,17
TN,Clay,36.568800925,-85.52936515,0.0,0.0,0.0,0.05,0.0,0.05,80,22
TN,Cocke,35.90283464438651,-83.16764046948975,0.038461538461538464,0.017094017094017096,0.0,0.0,0.0,0.0,234,144
TN,Coffee,35.48908765147736,-86.08852489424855,0.05238095238095238,0.0,0.016666666666666666,0.0,0.0,0.0,420,258
TN,Crockett,35.85801005882353,-89.16938011764707,0.0,0.0,0.0,0.0,0.0,0.0,34,8
TN,Cumberland,35.94254337927105,-84.95712412785144,0.06936416184971098,0.0,0.015414258188824663,0.0,0.0,0.0,519,320
TN,Davidson,36.14609766465319,-86.74743770080013,0.05020504234306374,0.19883040935672514,0.1258887190313266,0.014680546456043289,0.02268811725024872,0.0344568197811264,41211,31194
TN,De Kalb,35.983172975146196,-85.83721910526316,0.0,0.0,0.0,0.0,0.0,0.0,114,31
TN,DeKalb,35.9673012,-85.77650500000001,0.0,0.0,0.0,0.0,0.0,0.0,45,11
TN,Decatur,35.835789652118244,-88.09985005758979,0.0,0.0,0.0,0.0,0.0,0.0,19,7
TN,Dickson,36.04469875497814,-87.35037702183214,0.06280193236714976,0.0,0.0,0.0,0.0,0.0,207,103
TN,Dyer,36.15941828862774,-89.24513165234478,0.0,0.0,0.0,0.0,0.0,0.0,13,4
TN,Fayette,35.27332514524704,-89.53292048016317,0.01680672268907563,0.0,0.0,0.0,0.0,0.0,119,66
TN,Fentress,36.37505651754386,-84.94839912719299,0.0,0.0,0.0,0.0,0.0,0.0,76,19
TN,Franklin,35.20311978325902,-86.09005393679693,0.0,0.11295681063122924,0.0,0.0,0.0,0.0,301,110
TN,Gibson,35.87438114285714,-88.91336835714284,0.0,0.0,0.0,0.0,0.0,0.0,14,3
TN,Giles,35.15847110239729,-86.94136059688593,0.0,0.0,0.031413612565445025,0.031413612565445025,0.0,0.0,191,71
TN,Grainger,36.25872444,-83.52776839,0.0,0.0,0.05333333333333334,0.05333333333333334,0.0,0.0,75,19
TN,Greene,36.23568034492657,-82.87807172967779,0.03514376996805112,0.0,0.0,0.009584664536741214,0.0,0.009584664536741214,313,153
TN,Grundy,35.2898473111954,-85.82318764111034,0.05240174672489083,0.0,0.0,0.0,0.0,0.039301310043668124,229,129
TN,Hamblen,36.172065597152915,-83.22744683233131,0.05,0.025,0.03333333333333333,0.025,0.0,0.0,120,73
TN,Hamilton,35.07124790583148,-85.22144790274186,0.03117170657810406,0.07498689040377557,0.060245877760298314,0.018877818563188254,0.0013400920584979315,0.01689681291149566,17163,10604
TN,Hardeman,35.23368239130435,-88.96871821739131,0.0,0.0,0.0,0.0,0.0,0.0,23,5
TN,Hardin,35.254770937500005,-88.19538965625,0.0,0.0,0.0,0.0,0.0,0.0,16,6
TN,Hawkins,36.40220445417385,-82.97784985376346,0.0,0.0,0.19230769230769232,0.0,0.0,0.0,52,13
TN,Haywood,35.544083642846914,-89.22989446554645,0.02912621359223301,0.0,0.0,0.0,0.0,0.0,103,44
TN,Henderson,35.77542015270911,-88.42868888711034,0.20967741935483872,0.0,0.0,0.0,0.0,0.0,62,31
TN,Henry,36.331951200000006,-88.37764486666667,0.0,0.0,0.0,0.0,0.0,0.0,15,5
TN,Hickman,35.87631781504353,-87.50549405511279,0.05970149253731343,0.0,0.0,0.0,0.0,0.0,201,101
TN,Houston,36.312070187500005,-87.65857081845239,0.0,0.0,0.0,0.0,0.0,0.0,56,17
TN,Humphreys,35.94172462335005,-87.77791065119298,0.1554054054054054,0.033783783783783786,0.0,0.0,0.0,0.0,148,95
TN,Jackson,36.31152772033899,-85.62760655084746,0.0,0.0,0.0,0.0,0.0,0.0,59,20
TN,Jefferson,36.053095540134485,-83.40908935355614,0.05519480519480519,0.0,0.00974025974025974,0.022727272727272728,0.0,0.0,308,205
TN,Johnson,36.40906405263158,-81.9364577368421,0.0,0.0,0.0,0.0,0.0,0.0,19,4
TN,Knox,35.96790773116223,-83.97986407223746,0.10991710162726435,0.004298434141848327,0.030089038992938286,0.0,0.0052195271722443965,0.0015351550506601166,3257,2612
TN,Lake,36.327815,-89.47318100000003,0.0,0.0,0.0,0.0,0.0,0.0,5,1
TN,Lauderdale,35.671827375,-89.570892625,0.0,0.0,0.0,0.0,0.0,0.0,8,3
TN,Lawrence,35.1734561488222,-87.40009077421838,0.0,0.0,0.0,0.0,0.0,0.0,87,23
TN,Lewis,35.55257013018057,-87.51316560857373,0.0,0.0,0.0,0.0,0.0,0.0,34,9
TN,Lincoln,35.120269939655174,-86.57955091283524,0.0,0.0,0.0,0.0,0.0,0.0,87,34
TN,Loudon,35.80918205672352,-84.30249405910111,0.09090909090909091,0.0,0.03194103194103194,0.009828009828009828,0.0,0.0,407,311
TN,Macon,36.515464081081085,-86.04523918918919,0.0,0.0,0.0,0.08108108108108109,0.0,0.0,37,11
TN,Madison,35.65574249189913,-88.84102770005389,0.23448275862068965,0.0,0.0,0.0,0.0,0.0,145,89
TN,Marion,35.06662301660804,-85.62353032194376,0.05357142857142857,0.0,0.01461038961038961,0.0,0.0,0.01461038961038961,616,417
TN,Marshall,35.446571801948124,-86.84330822336571,0.0,0.0,0.0,0.0,0.0,0.0,111,52
TN,Maury,35.614096592748645,-87.01144734251183,0.0,0.0,0.0,0.0,0.0,0.0,159,66
TN,McMinn,35.4231149526296,-84.63648084556974,0.03720238095238095,0.0,0.026785714285714284,0.00744047619047619,0.0,0.0,672,354
TN,McNairy,35.0523015,-88.461003,0.0,0.0,0.0,0.5,0.0,0.0,8,2
TN,Meigs,35.50094804017857,-84.80580983482142,0.0,0.0,0.044642857142857144,0.026785714285714284,0.0,0.0,112,30
TN,Monroe,35.52119692717735,-84.41071913969583,0.0,0.0,0.0,0.0,0.0,0.0,109,38
TN,Montgomery,36.53260980138936,-87.31650652955067,0.0398936170212766,0.09840425531914894,0.10904255319148937,0.0851063829787234,0.04521276595744681,0.0,376,175
TN,Moore,35.323774272727285,-86.43958500000001,0.0,0.0,0.0,0.0,0.0,0.0,11,2
TN,Morgan,36.07790796,-84.47694504,0.0,0.0,0.0,0.0,0.0,0.0,25,10
TN,Obion,36.401333082232114,-89.00076094577726,0.0,0.10526315789473684,0.0,0.0,0.0,0.0,19,4
TN,Overton,36.339953113697725,-85.29987688315602,0.0,0.0,0.0,0.0,0.0,0.0,119,32
TN,Perry,35.817025,-87.781777,0.0,0.0,0.0,0.0,0.0,0.0,5,1
TN,Pickett,36.58902666666667,-85.09971106666666,0.0,0.0,0.0,0.0,0.0,0.0,15,3
TN,Polk,35.13274739064333,-84.61817161440874,0.0,0.0,0.0,0.0,0.0,0.0,139,39
TN,Putnam,36.14198572389166,-85.493650607171,0.02546916890080429,0.032171581769437,0.032171581769437,0.0,0.0,0.0,746,448
TN,Rhea,35.616160036893206,-84.90810857055017,0.0,0.0,0.04854368932038835,0.0,0.0,0.0,103,32
TN,Roane,35.880626571652854,-84.50679991593833,0.05223880597014925,0.0,0.02736318407960199,0.0,0.0,0.0,402,297
TN,Robertson,36.48428259457622,-86.77212007739529,0.10925925925925926,0.0,0.0,0.0,0.0,0.005555555555555556,540,365
TN,Rutherford,35.899047214639886,-86.49352469159358,0.1280701754385965,0.008771929824561403,0.0043859649122807015,0.0,0.0,0.0,1140,995
TN,Scott,36.46750352166667,-84.476056765,0.0,0.0,0.0,0.0,0.0,0.0,40,15
TN,Sequatchie,35.38846091887099,-85.38814332158547,0.0,0.0,0.0,0.0,0.0,0.0,78,30
TN,Sevier,35.89897863730458,-83.61478668175013,0.125,0.058333333333333334,0.15833333333333333,0.03333333333333333,0.0,0.004166666666666667,240,116
TN,Shelby,35.12184457639409,-89.92844130257367,0.09164748883173142,0.09503181264383376,0.14918099363747123,0.004061188574522811,0.0,0.005144172194395559,7387,5682
TN,Smith,36.18156922110415,-85.95872991365279,0.10240963855421686,0.0,0.0,0.0,0.0,0.0,166,103
TN,Stewart,36.49807123646544,-87.74137142177392,0.0,0.0,0.0,0.0,0.0,0.0,48,13
TN,Sullivan,36.503632716374184,-82.41819458470584,0.14352941176470588,0.0,0.06588235294117648,0.0,0.0,0.0,425,224
TN,Sumner,36.3867250946193,-86.58409796837557,0.10084033613445378,0.0,0.08403361344537816,0.0,0.0,0.0,476,282
TN,Tipton,35.4549855,-89.86012831818181,0.0,0.0,0.2727272727272727,0.09090909090909091,0.0,0.0,22,6
TN,Trousdale,36.40516658653846,-86.19475115384616,0.0,0.0,0.0,0.0,0.0,0.0,52,14
TN,Unicoi,36.1248226541686,-82.43068945106172,0.30526315789473685,0.0,0.0,0.0,0.0,0.0,95,41
TN,Union,36.27687532495655,-83.77213287290435,0.0,0.0,0.0,0.0,0.0,0.0,27,5
TN,Van Buren,35.730194,-85.4516519375,0.0,0.0,0.0,0.0,0.0,0.0,16,3
TN,Warren,35.67775830188679,-85.79318198113207,0.0,0.0,0.0660377358490566,0.0,0.0,0.0,106,28
TN,Washington,36.329298431058604,-82.44239467812781,0.02702702702702703,0.033783783783783786,0.13378378378378378,0.006756756756756757,0.0,0.010810810810810811,1480,646
TN,Wayne,35.27429346969697,-87.77675272727274,0.0,0.0,0.0,0.0,0.0,0.0,33,12
TN,Weakley,36.24072833333334,-88.68658399999998,0.0,0.0,0.1111111111111111,0.0,0.0,0.0,18,4
TN,White,35.94233993051863,-85.49355218675674,0.0,0.0,0.0,0.0,0.0,0.0,116,32
TN,Williamson,35.92999069220685,-86.83727778307946,0.07787810383747178,0.019187358916478554,0.030474040632054177,0.0056433408577878106,0.0,0.0,886,624
TN,Wilson,36.17822448613566,-86.39887917724468,0.06046511627906977,0.01627906976744186,0.027906976744186046,0.0069767441860465115,0.0,0.0,430,270
TX,Anderson,31.8431710778481,-95.7153966820675,0.0,0.0,0.0,0.0,0.0,0.0,79,20
TX,Andrews,32.16493597483871,-102.7655032148387,0.0,0.0,0.0,0.0,0.0,0.0,31,13
TX,Angelina,31.324852401234565,-94.74878096296297,0.0,0.0,0.05555555555555555,0.0,0.0,0.0,54,17
TX,Archer,33.610642015625004,-98.72715421875,0.0,0.0,0.0,0.0,0.0,0.0,64,15
TX,Armstrong,35.0887919027027,-101.29794744864864,0.0,0.0,0.0,0.0,0.0,0.0,37,12
TX,Atascosa,29.118922157894733,-98.54539657894736,0.47368421052631576,0.0,0.0,0.0,0.0,0.0,19,8
TX,Austin,29.82345869205338,-96.17318899759523,0.1111111111111111,0.0,0.0,0.0,0.0,0.0,45,18
TX,Bailey,34.26749344853333,-102.79637772800001,0.0,0.0,0.0,0.0,0.0,0.0,25,9
TX,Bandera,29.721218,-98.929794,0.0,0.0,0.0,0.0,0.0,0.0,4,1
TX,Bastrop,30.117644727137872,-97.47894038510756,0.014925373134328358,0.0,0.208955223880597,0.0,0.0,0.0,201,68
TX,Baylor,33.62159552173913,-99.22700947826088,0.0,0.0,0.0,0.0,0.0,0.0,23,6
TX,Bee,28.4992094,-97.76845879999999,0.0,0.0,0.0,0.3,0.0,0.0,20,3
TX,Bell,31.063649013491478,-97.50674724146782,0.26666666666666666,0.0,0.06666666666666667,0.10476190476190476,0.0,0.0,105,38
TX,Bexar,29.46651873860535,-98.51084707268247,0.09655515071215634,0.033620404107320305,0.19203378602186155,0.020288174892348458,0.008943358728055647,0.012007287181185823,12076,9347
TX,Borden,32.759461,-101.259384,0.0,0.0,0.0,0.0,0.0,0.0,7,1
TX,Bosque,31.990166999999996,-97.873168,0.0,0.0,0.0,0.0,0.0,0.0,5,1
TX,Bowie,33.466131986429104,-94.14922449596686,0.22522522522522523,0.0,0.0,0.0,0.0,0.0,111,56
TX,Brazoria,29.336943621808896,-95.40925494539904,0.06261510128913444,0.0055248618784530384,0.10128913443830571,0.0,0.0,0.0,543,205
TX,Brazos,30.630108730769233,-96.3321092948718,0.05128205128205128,0.16666666666666666,0.15384615384615385,0.02564102564102564,0.0,0.07692307692307693,78,22
TX,Brewster,30.373949,-103.531219,0.0,0.0,0.0,0.0,0.0,0.0,5,1
TX,Brooks,27.159453051282053,-98.10542853846154,0.0,0.0,0.0,0.0,0.0,0.0,13,5
TX,Brown,31.723512826129035,-98.90739708225807,0.0,0.0,0.11290322580645161,0.0,0.0,0.0,62,17
TX,Burleson,30.45249,-96.5215,0.0,0.0,0.0,0.0,0.0,0.0,1,1
TX,Burnet,30.583331454117406,-98.23796488355406,0.0,0.0,0.047619047619047616,0.0,0.0,0.0,63,17
TX,Caldwell,29.9763516904342,-97.67949724555852,0.06278026905829596,0.0,0.11210762331838565,0.0,0.0,0.0,223,96
TX,Calhoun,28.52807381060606,-96.60708915151515,0.0,0.0,0.0,0.0,0.0,0.0,33,12
TX,Callahan,32.34760840313726,-99.5029842434804,0.14705882352941177,0.0,0.0,0.11764705882352941,0.0,0.0,68,18
TX,Cameron,26.047515779999998,-97.54162066,0.0,0.08,0.0,0.0,0.0,0.0,50,13
TX,Carson,35.21974696666667,-101.30051505238096,0.2571428571428571,0.0,0.0,0.0,0.0,0.0,35,10
TX,Cass,33.082256967655596,-94.2062300057139,0.0,0.0,0.0975609756097561,0.0,0.0,0.0,82,17
TX,Castro,34.492139288888886,-102.37409328888887,0.0,0.0,0.0,0.15555555555555556,0.0,0.0,45,11
TX,Chambers,29.828907831180803,-94.64308140741876,0.2073170731707317,0.0,0.07317073170731707,0.0,0.0,0.0,82,37
TX,Cherokee,31.8762276875,-95.23275699999999,0.0,0.0,0.25,0.0,0.0,0.0,16,5
TX,Childress,34.50539000000001,-100.381042,0.0,0.0,0.0,0.0,0.0,0.0,4,1
TX,Clay,33.88256740695971,-98.2260089985348,0.03296703296703297,0.0,0.054945054945054944,0.1978021978021978,0.0,0.0,91,29
TX,Coleman,31.770235,-99.663405,0.0,0.0,0.0,0.0,0.0,0.0,3,1
TX,Collin,33.06160174758509,-96.73138889689729,0.07628865979381444,0.1436426116838488,0.26597938144329897,0.024742268041237112,0.018213058419243987,0.004467353951890034,2910,2101
TX,Colorado,29.664556093220337,-96.53775101694916,0.0,0.03389830508474576,0.0,0.0,0.0,0.0,59,21
TX,Comal,29.676557725681302,-98.15907558590871,0.07717041800643087,0.06430868167202572,0.1864951768488746,0.012861736334405145,0.0,0.0,311,221
TX,Comanche,31.979827717391306,-98.57623182608697,0.0,0.13043478260869565,0.0,0.0,0.0,0.0,46,11
TX,Concho,31.268156454545455,-99.94964518181818,0.0,0.0,0.0,0.0,0.0,0.0,11,4
TX,Cooke,33.63736329268293,-97.19033897560976,0.0,0.0,0.0,0.0,0.0,0.0,41,11
TX,Coryell,31.166507147121212,-97.84971863015151,0.10606060606060606,0.0,0.12121212121212122,0.0,0.0,0.0,66,21
TX,Crosby,33.674274,-101.377037,0.0,0.0,0.0,0.0,0.0,0.0,5,1
TX,Culberson,31.05363684305719,-104.55539065435539,0.08,0.0,0.04,0.0,0.0,0.0,75,35
TX,Dallam,36.213786,-102.27331876923077,0.0,0.0,0.0,0.0,0.0,0.0,13,3
TX,Dallas,32.801105278217506,-96.78850282840148,0.0599568202944616,0.14277789438963687,0.18655731806051157,0.020465381270802722,0.060676482053434885,0.018111487600827612,66698,51446
TX,Dawson,32.637728894736846,-102.00675278947368,0.0,0.0,0.0,0.0,0.0,0.0,19,6
TX,DeWitt,28.885866,-97.474759,0.0,0.0,0.0,0.0,0.0,0.0,2,1
TX,Deaf Smith,34.8494234697619,-102.38373335896826,0.0,0.0,0.09523809523809523,0.0,0.0,0.0,63,20
TX,Denton,33.11091654918555,-97.05798323935045,0.12163709215798511,0.08557527189467659,0.14281625643961077,0.008872352604464796,0.0017172295363480253,0.004006868918145392,3494,2596
TX,Dimmit,28.336494,-99.614117,0.0,0.0,0.0,0.0,0.0,0.0,7,1
TX,Donley,35.182767472222224,-100.92501299999999,0.16666666666666666,0.0,0.0,0.0,0.0,0.0,18,7
TX,Duval,28.012638999999997,-98.593101,0.0,0.0,0.0,0.0,0.0,0.0,3,1
TX,Eastland,32.366858675061486,-98.83334286346509,0.10144927536231885,0.0,0.028985507246376812,0.0,0.0,0.028985507246376812,138,71
TX,Ector,31.82033476745534,-102.42062637101961,0.07333333333333333,0.0,0.11333333333333333,0.0,0.0,0.0,150,60
TX,Edwards,29.84689818181818,-100.10671286363636,0.0,0.0,0.0,0.0,0.0,0.0,22,5
TX,El Paso,31.757989980387027,-106.3521747782872,0.03648360178536775,0.030079565301765962,0.24121870754900057,0.003687172520861634,0.010673394139336309,0.0067921599068503785,5153,2691
TX,Ellis,32.41384319100564,-96.78986370335615,0.16793893129770993,0.015267175572519083,0.0549618320610687,0.03358778625954199,0.0,0.0,655,329
TX,Erath,32.2966576875,-98.29039366666666,0.0,0.125,0.125,0.0,0.0,0.0,24,9
TX,Falls,31.298873628750002,-96.91920920375,0.0,0.0,0.25,0.0,0.0,0.0,32,8
TX,Fannin,33.5409850125,-96.28007924145834,0.0,0.0,0.0,0.0,0.0,0.0,48,11
TX,Fayette,29.849599963425128,-96.89491574003442,0.0,0.08433734939759036,0.07228915662650602,0.0,0.0,0.0,83,31
TX,Fisher,32.73883009090909,-100.5212980909091,0.0,0.0,0.0,0.0,0.0,0.0,11,4
TX,Floyd,33.9709424,-101.39870160000001,0.0,0.0,0.0,0.0,0.0,0.0,10,4
TX,Fort Bend,29.611910259280926,-95.60529445820568,0.023240800516462233,0.05874757908327954,0.1923821820529374,0.035506778566817304,0.0,0.004519044544867657,1549,617
TX,Franklin,33.381559,-95.125314,0.0,0.0,0.0,0.0,0.0,0.0,2,1
TX,Freestone,31.614261,-96.13735199999999,0.0,0.0,0.0,0.0,0.0,0.0,7,3
TX,Frio,28.837224670212766,-99.1270629787234,0.23404255319148937,0.0,0.0,0.0,0.0,0.0,47,14
TX,Gaines,32.72576,-102.687214,0.0,0.0,0.0,0.0,0.0,0.0,6,1
TX,Galveston,29.412126594457085,-95.01588433007797,0.08620689655172414,0.029310344827586206,0.11551724137931034,0.03103448275862069,0.0,0.0,580,356
TX,Garza,33.06189190588235,-101.22103999607843,0.0,0.0,0.0,0.0,0.0,0.0,51,16
TX,Gillespie,30.276188326086956,-98.92957136956521,0.0,0.0,0.0,0.0,0.0,0.0,46,12
TX,Glasscock,31.924622312500002,-101.727617125,0.0,0.0,0.0,0.0,0.0,0.0,8,3
TX,Goliad,28.720567999999997,-97.3964065,0.0,0.0,0.2,0.0,0.0,0.0,20,9
TX,Gonzales,29.543004062500003,-97.53424856250001,0.0,0.0,0.0,0.0,0.0,0.0,24,6
TX,Gray,35.4454155625,-100.7869603125,0.0,0.0,0.125,0.0,0.0,0.0,16,5
TX,Grayson,33.612983514556966,-96.6082065993671,0.0759493670886076,0.0,0.0,0.05063291139240506,0.0,0.0,79,18
TX,Gregg,32.48730974168797,-94.78807756752484,0.0,0.05232558139534884,0.2558139534883721,0.0,0.0,0.0,172,54
TX,Grimes,30.515904980000002,-96.02038124,0.0,0.0,0.0,0.0,0.0,0.0,50,11
TX,Guadalupe,29.590286684080933,-98.1414592425585,0.12162162162162163,0.0,0.10810810810810811,0.0,0.0,0.0,296,192
TX,Hale,34.11987254545454,-101.77566781818182,0.09090909090909091,0.0,0.18181818181818182,0.0,0.0,0.0,33,10
TX,Hall,34.59121594117647,-100.45536729411765,0.0,0.0,0.0,0.0,0.0,0.0,17,3
TX,Hamilton,31.702656846153847,-98.11804576923078,0.0,0.0,0.0,0.0,0.0,0.0,13,4
TX,Hansford,36.27024990909091,-101.59483763636364,0.0,0.0,0.0,0.0,0.0,0.0,11,3
TX,Hardeman,34.256149,-99.739403,0.0,0.0,0.0,0.0,0.0,0.0,3,1
TX,Hardin,30.286695,-94.190742,0.0,0.0,0.0,0.0,0.0,0.0,4,1
TX,Harris,29.76835290318997,-95.4050200933389,0.0279265273219324,0.12928254735993552,0.19683883226809465,0.1463983416825013,0.010522830655841538,0.019793286117348995,69468,46214
TX,Harrison,32.48421340625,-94.37797112638889,0.0,0.0,0.0,0.0,0.0,0.0,84,36
TX,Hartley,35.88631308592593,-102.55596004444445,0.0,0.0,0.0,0.0,0.0,0.0,45,13
TX,Haskell,33.16964253333334,-99.74738176666666,0.0,0.0,0.0,0.0,0.0,0.0,30,5
TX,Hays,29.969016371366223,-97.89454102066105,0.10738255033557047,0.020134228187919462,0.1342281879194631,0.04530201342281879,0.0,0.0,596,462
TX,Hemphill,35.79181,-100.1121985,0.0,0.0,0.0,0.0,0.0,0.0,8,2
TX,Henderson,32.238978888888894,-95.96132730555556,0.1388888888888889,0.0,0.0,0.1388888888888889,0.0,0.0,36,10
TX,Hidalgo,26.259061780924092,-98.18881584872938,0.006600660066006601,0.013201320132013201,0.31518151815181517,0.0,0.0,0.0,606,174
TX,Hill,32.04531147411136,-97.07968216992239,0.0,0.0,0.0945945945945946,0.0,0.0,0.0,74,27
TX,Hockley,33.523685705333335,-102.240714116,0.0,0.0,0.0,0.0,0.0,0.0,15,4
TX,Hood,32.50973442857143,-97.67667542857143,0.0,0.0,0.0,0.0,0.0,0.0,21,5
TX,Hopkins,33.134605958595024,-95.67500281921329,0.0,0.0,0.0,0.0,0.0,0.0,15,4
TX,Houston,31.349949760416667,-95.41411865625001,0.0,0.0,0.0,0.0,0.0,0.0,48,12
TX,Howard,32.23428284672932,-101.51672896612781,0.0,0.0,0.0,0.0,0.0,0.0,38,18
TX,Hudspeth,31.337781716232996,-105.65687477465598,0.1694915254237288,0.0,0.0,0.0,0.0,0.0,59,33
TX,Hunt,33.0204137029886,-96.22505825441053,0.16483516483516483,0.0,0.2087912087912088,0.0,0.0,0.0,91,44
TX,Hutchinson,35.73074567846154,-101.45794324153846,0.0,0.0,0.0,0.0,0.0,0.0,52,13
TX,Jackson,28.94630322787276,-96.55184633033734,0.09090909090909091,0.0,0.0,0.0,0.0,0.0,66,20
TX,Jasper,30.91794,-94.049332,0.0,0.0,0.0,0.0,0.0,0.0,8,1
TX,Jeff Davis,31.070864895238092,-104.13111320190475,0.19047619047619047,0.0,0.0,0.0,0.0,0.0,21,15
TX,Jefferson,29.996274415933925,-94.14646174236485,0.2111801242236025,0.037267080745341616,0.062111801242236024,0.055900621118012424,0.0,0.0,161,75
TX,Johnson,32.42742044913263,-97.2535756047313,0.25475285171102663,0.022813688212927757,0.022813688212927757,0.0,0.0,0.0,263,152
TX,Jones,32.730627562500004,-99.91879018750001,0.0,0.0,0.0,0.0,0.0,0.0,16,5
TX,Karnes,28.93542502474359,-97.8221079274359,0.0,0.0,0.0,0.0,0.0,0.0,26,11
TX,Kaufman,32.70771024200863,-96.38078546121365,0.048087431693989074,0.008743169398907104,0.05683060109289618,0.04371584699453552,0.0,0.0,915,677
TX,Kendall,29.862205664375036,-98.78928507735465,0.02702702702702703,0.0,0.12162162162162163,0.0,0.0,0.0,74,34
TX,Kerr,30.11196658333333,-99.19144995833334,0.0,0.0,0.0,0.0,0.0,0.0,24,8
TX,Kimble,30.473163602564107,-99.78645077350427,0.0,0.0,0.0,0.0,0.0,0.0,39,10
TX,King,33.5694965,-100.207905,0.0,0.0,0.0,0.0,0.0,0.0,5,2
TX,Kinney,29.333697733333338,-100.51422806666666,0.0,0.0,0.0,0.0,0.0,0.0,15,6
TX,Kleberg,27.279138714285715,-97.83926826190476,0.0,0.0,0.21428571428571427,0.0,0.0,0.0,14,5
TX,Knox,33.43281,-99.727049,0.0,0.0,0.0,0.0,0.0,0.0,13,2
TX,La Salle,28.370766544406653,-99.26064614121059,0.1276595744680851,0.0,0.0,0.0,0.0,0.0,47,27
TX,Lamb,34.028722826241136,-102.3134705390071,0.0,0.0,0.0,0.0,0.0,0.0,47,14
TX,Lampasas,31.180206428571427,-98.03037708571428,0.0,0.0,0.37142857142857144,0.0,0.0,0.0,35,7
TX,Lavaca,29.547664958333332,-97.15117804166668,0.0,0.0,0.0,0.0,0.0,0.0,24,6
TX,Lee,30.214119307692307,-96.9381106923077,0.0,0.0,0.0,0.0,0.0,0.0,13,4
TX,Leon,31.341902017530323,-96.03667061956352,0.0,0.0,0.0,0.0,0.0,0.0,32,7
TX,Liberty,30.16095938095238,-94.93856791666667,0.0,0.14285714285714285,0.2619047619047619,0.0,0.0,0.0,42,13
TX,Live Oak,28.32653,-98.11409,0.0,0.0,1.0,0.0,0.0,0.0,4,1
TX,Llano,30.76762666666667,-98.761574,0.0,0.0,0.0,0.3333333333333333,0.0,0.0,3,2
TX,Loving,31.7012327,-103.6024998,0.0,0.0,0.0,0.0,0.0,0.0,15,6
TX,Lubbock,33.608651711258744,-101.8906316551049,0.02097902097902098,0.0,0.08391608391608392,0.16083916083916083,0.0,0.0,143,43
TX,Lynn,33.243413833333335,-101.87430916666666,0.0,0.0,0.0,0.0,0.0,0.0,12,4
TX,Madison,30.922313000000003,-96.033402,0.0,0.0,0.0,0.0,0.0,0.0,10,2
TX,Marion,32.752283407407404,-94.35090461111112,0.0,0.14814814814814814,0.14814814814814814,0.0,0.0,0.0,27,11
TX,Martin,32.16080997477778,-101.97070593011111,0.15555555555555556,0.0,0.0,0.0,0.0,0.0,45,22
TX,Mason,30.53363,-99.0131942,0.0,0.0,0.0,0.0,0.0,0.0,5,2
TX,Matagorda,28.828102,-96.140005,0.0,0.0,0.0,0.0,0.0,0.0,4,1
TX,McLennan,31.550313169820644,-97.15010619859667,0.041935483870967745,0.0,0.05806451612903226,0.0,0.0,0.0,310,132
TX,McMullen,28.060589,-98.595804,0.0,0.0,0.0,0.0,0.0,0.0,5,1
TX,Medina,29.271805033333333,-98.94022408333333,0.0,0.0,0.0,0.0,0.0,0.0,30,8
TX,Menard,30.957688,-99.80125449999998,0.0,0.0,0.0,0.0,0.0,0.0,12,2
TX,Midland,31.926610136757084,-102.08707184238534,0.026845637583892617,0.0,0.0,0.0,0.0,0.0,149,55
TX,Milam,30.803727372093025,-97.0018668372093,0.0,0.18604651162790697,0.0,0.0,0.0,0.0,43,12
TX,Mills,31.441770066666667,-98.60927366666667,0.0,0.0,0.0,0.0,0.0,0.0,30,9
TX,Mitchell,32.38335137314516,-100.94809647139785,0.25806451612903225,0.0,0.0,0.0,0.0,0.0,62,26
TX,Montague,33.74909277272727,-97.72031395454546,0.0,0.0,0.0,0.0,0.0,0.0,22,7
TX,Montgomery,30.204011439275163,-95.40686005186842,0.030727762803234502,0.06253369272237197,0.23018867924528302,0.011859838274932614,0.0,0.007547169811320755,1855,1022
TX,Moore,35.984786909090914,-102.0166990909091,0.0,0.0,0.0,0.0,0.0,0.0,11,2
TX,Morris,33.210812,-94.672234,0.0,0.0,0.0,0.0,0.0,0.0,14,9
TX,Nacogdoches,31.580963488095243,-94.61741407142857,0.0,0.0,0.0,0.0,0.0,0.0,42,9
TX,Navarro,32.07963336189485,-96.44122571396595,0.04838709677419355,0.0,0.06451612903225806,0.0,0.0,0.0,62,25
TX,Newton,31.064337,-93.519615,0.0,0.0,0.0,0.0,0.0,0.0,6,1
TX,Nolan,32.4565415796934,-100.42803732792146,0.08955223880597014,0.0,0.07462686567164178,0.0,0.0,0.0,67,27
TX,Nueces,27.758680166884613,-97.47094607542307,0.27692307692307694,0.0,0.0,0.0,0.07692307692307693,0.0,65,29
TX,Ochiltree,36.319637,-100.8025955,0.0,0.0,0.0,0.0,0.0,0.0,8,2
TX,Oldham,35.26775063866667,-102.383420301,0.1,0.0,0.0,0.18,0.0,0.0,50,18
TX,Orange,30.11114818622449,-93.8429389872449,0.32142857142857145,0.0,0.08928571428571429,0.0,0.0,0.0,56,17
TX,Palo Pinto,32.65536837552743,-98.23911260126583,0.06329113924050633,0.0,0.0,0.0,0.0,0.0,79,31
TX,Panola,32.1564876994339,-94.3027496601612,0.0,0.0,0.12698412698412698,0.0,0.0,0.0,63,21
TX,Parker,32.74116155746681,-97.7382086676386,0.05896805896805897,0.022113022113022112,0.10073710073710074,0.09090909090909091,0.0,0.012285012285012284,407,230
TX,Parmer,34.318777000000004,-102.8933,0.0,0.0,0.0,0.0,0.0,0.0,1,1
TX,Pecos,30.931934733052437,-102.92425790397003,0.02247191011235955,0.0,0.0,0.0,0.0,0.0,89,30
TX,Polk,30.862801481481483,-94.85190425925924,0.0,0.0,0.0,0.0,0.0,0.0,27,7
TX,Potter,35.24091284792398,-101.81713207026316,0.12280701754385964,0.0,0.0,0.0,0.0,0.0,57,19
TX,Presidio,30.254814,-104.048264,0.0,0.0,0.0,0.0,0.0,0.0,2,1
TX,Randall,35.07437338202765,-101.91574719534563,0.1935483870967742,0.06451612903225806,0.2903225806451613,0.0,0.0,0.0,31,11
TX,Red River,33.580747790476195,-95.16208424380953,0.0,0.0,0.0,0.0,0.0,0.0,21,5
TX,Reeves,31.29101610595647,-103.73971034855957,0.020618556701030927,0.0,0.0,0.0,0.0,0.0,97,42
TX,Refugio,28.128072,-97.426011,0.0,0.0,0.0,0.0,0.0,0.0,6,1
TX,Robertson,31.042126333333336,-96.63794626436781,0.0,0.0,0.0,0.0,0.0,0.0,29,9
TX,Rockwall,32.91843193569763,-96.42633957789303,0.11071428571428571,0.07380952380952381,0.19285714285714287,0.055952380952380955,0.0,0.0,840,734
TX,Runnels,31.8577918,-99.89645,0.0,0.0,0.0,0.0,0.0,0.0,5,2
TX,Rusk,32.07207257824562,-94.73721382105263,0.0,0.0,0.0,0.0,0.0,0.0,19,9
TX,Sabine,31.179039375000002,-93.733419625,0.0,0.0,0.0,0.0,0.0,0.0,8,2
TX,San Augustine,31.526329,-94.078079,0.0,0.0,0.0,0.0,0.0,0.0,7,1
TX,San Jacinto,30.557792016393446,-95.1096387295082,0.0,0.0,0.0,0.0,0.0,0.14754098360655737,61,17
TX,San Patricio,27.98148922662687,-97.4941836240704,0.0,0.0,0.0,0.0,0.0,0.0,47,13
TX,San Saba,31.32731992307692,-98.88059423076923,0.0,0.0,0.0,0.0,0.0,0.0,13,2
TX,Scurry,32.90341045454546,-101.0463470909091,0.0,0.0,0.0,0.0,0.0,0.0,11,3
TX,Shackelford,32.72289792307692,-99.33000523076923,0.0,0.0,0.0,0.6923076923076923,0.0,0.0,13,3
TX,Shelby,31.823088777777777,-94.35718196825397,0.0,0.0,0.0,0.0,0.0,0.0,21,7
TX,Sherman,36.346047425925924,-101.99753224444444,0.0,0.0,0.0,0.0,0.0,0.0,45,15
TX,Smith,32.32787394973327,-95.30253276021628,0.004596644449551827,0.0372328200413698,0.143415306826017,0.009193288899103653,0.002068490002298322,0.01172144334635716,4351,2250
TX,Starr,26.370263777777776,-98.78047722222223,0.0,0.0,0.0,0.0,0.0,0.0,18,5
TX,Stephens,32.6683175,-98.97468481818181,0.0,0.0,0.0,0.0,0.0,0.0,11,3
TX,Sterling,31.820614142857146,-100.97269771428572,0.21428571428571427,0.0,0.0,0.0,0.0,0.0,14,4
TX,Stonewall,33.005718,-100.437088,0.0,0.0,0.0,0.0,0.0,0.0,4,1
TX,Sutton,30.599956272727272,-100.70887145454545,0.0,0.0,0.0,0.0,0.0,0.0,11,4
TX,Tarrant,32.76259054437766,-97.24071936210511,0.12029040886511272,0.044249140236912496,0.10554069545280856,0.009400076423385556,0.0016048910966755827,0.0020634314100114637,13085,10880
TX,Taylor,32.416573396287596,-99.80328121607143,0.2236842105263158,0.0,0.0,0.06578947368421052,0.0,0.0,76,27
TX,Terrell,30.1031756091954,-102.3073618275862,0.0,0.0,0.0,0.0,0.0,0.0,29,7
TX,Terry,33.286583799999995,-102.23429591428572,0.0,0.0,0.0,0.0,0.0,0.0,35,10
TX,Titus,33.172597,-94.9983806153846,0.19230769230769232,0.0,0.0,0.0,0.0,0.0,26,8
TX,Tom Green,31.415193000000006,-100.34645479999999,0.0,0.0,0.0,0.0,0.0,0.0,10,3
TX,Travis,30.298616628898987,-97.72451906946229,0.02335127494155385,0.13309411189039308,0.1953188713097374,0.019164899690099494,0.04648507584407111,0.054368509759147504,36786,23951
TX,Trinity,31.033365181818183,-95.21111354545455,0.0,0.0,0.0,0.0,0.0,0.0,22,6
TX,Tyler,30.841291899999998,-94.26183645,0.0,0.0,0.0,0.0,0.0,0.0,20,5
TX,Upshur,32.63728611472552,-94.8788704429984,0.0,0.0,0.23529411764705882,0.0,0.0,0.0,17,6
TX,Upton,31.606436875,-102.00167524999999,0.0,0.0,0.0,0.0,0.0,0.0,16,5
TX,Uvalde,29.26976641025641,-99.75491974358975,0.0,0.0,0.0,0.0,0.0,0.0,39,10
TX,Val Verde,29.657384952380955,-101.27460439285714,0.0,0.0,0.0,0.0,0.0,0.0,28,9
TX,Van Zandt,32.58077963462797,-95.88181047163403,0.08571428571428572,0.04285714285714286,0.0,0.11428571428571428,0.0,0.0,70,17
TX,Victoria,28.817437723404254,-96.95902465957447,0.0,0.10638297872340426,0.10638297872340426,0.0,0.0,0.0,47,19
TX,Walker,30.655461799999998,-95.53512846,0.0,0.26,0.0,0.0,0.0,0.0,50,17
TX,Waller,29.91512323021877,-95.97108624648651,0.07352941176470588,0.0,0.029411764705882353,0.022058823529411766,0.0,0.0,272,166
TX,Ward,31.542974483870967,-102.98602925806452,0.0,0.0967741935483871,0.0,0.0,0.0,0.0,31,10
TX,Washington,30.1592845,-96.3717855,0.0,0.0,0.0,0.0,0.0,0.0,16,4
TX,Webb,27.690099020365782,-99.44802408880237,0.0,0.04424778761061947,0.168141592920354,0.0,0.0,0.0,113,39
TX,Wharton,29.270417204545456,-96.17142180681817,0.0,0.07954545454545454,0.045454545454545456,0.045454545454545456,0.0,0.0,88,25
TX,Wheeler,35.22696576923077,-100.32583180769232,0.46153846153846156,0.0,0.0,0.0,0.0,0.0,13,4
TX,Wichita,33.897543374317706,-98.5294501316827,0.005255781359495445,0.00805886475122635,0.09880868955851436,0.004204625087596356,0.0,0.00700770847932726,2854,999
TX,Wilbarger,34.14195132984127,-99.1905809952381,0.15873015873015872,0.0,0.0,0.0,0.0,0.0,63,21
TX,Willacy,26.471769642857144,-97.85795414285714,0.0,0.2857142857142857,0.2857142857142857,0.0,0.0,0.0,14,3
TX,Williamson,30.52660463757831,-97.73403726134048,0.052390057361376675,0.10745697896749522,0.2695984703632887,0.006883365200764819,0.008413001912045888,0.015296367112810707,2615,1555
TX,Winkler,31.859779772544645,-103.11013155227066,0.0,0.0,0.0,0.0,0.0,0.0,68,28
TX,Wise,33.20442506349206,-97.57088319047618,0.0,0.09523809523809523,0.0,0.0,0.0,0.0,42,15
TX,Wood,32.77459185714286,-95.4456081632653,0.0,0.0,0.0,0.0,0.0,0.0,49,11
TX,Yoakum,33.24768384615385,-103.01997846153846,0.0,0.0,0.0,0.0,0.0,0.0,13,3
TX,Young,33.13440873333334,-98.64591206666667,0.0,0.0,0.0,0.0,0.0,0.0,15,4
TX,Zavala,28.79267770181818,-99.8286333869697,0.0,0.0,0.15151515151515152,0.0,0.0,0.0,33,9
UT,Beaver,38.35759102121134,-112.6966398345403,0.029891304347826088,0.0,0.0,0.043478260869565216,0.0,0.0,368,275
UT,Box Elder,41.64693213196997,-112.22023946438975,0.05146618791143028,0.05505685218432076,0.03889886295631358,0.06642728904847396,0.036505086774386596,0.004189108318372232,1671,967
UT,Cache,41.72703278067205,-111.84730449682259,0.0,0.20446096654275092,0.22304832713754646,0.07806691449814127,0.0,0.026022304832713755,269,100
UT,Carbon,39.62846815763488,-110.80111842014708,0.0291005291005291,0.018518518518518517,0.04497354497354497,0.0291005291005291,0.0,0.0,378,202
UT,Daggett,40.89090711111867,-109.50824011658302,0.0,0.0,0.0,0.0,0.0,0.0,82,26
UT,Davis,40.99975712181053,-111.94843741133819,0.0500241662638956,0.11841469308844853,0.19115514741420978,0.01933301111648139,0.055582406959884,0.015949734171097147,4138,3078
UT,Duchesne,40.213807035685605,-110.41627377546675,0.0,0.0,0.0,0.055825242718446605,0.0,0.0,412,186
UT,Emery,39.10863071531796,-110.8432781062343,0.020560747663551402,0.0,0.0,0.026168224299065422,0.0,0.0,535,309
UT,Garfield,37.757954337186874,-112.07730793202393,0.059748427672955975,0.0,0.0,0.06918238993710692,0.0,0.006289308176100629,318,135
UT,Grand,38.794649073493005,-109.57748682472672,0.016701461377870562,0.12734864300626306,0.1127348643006263,0.10438413361169102,0.0,0.04592901878914405,479,313
UT,Iron,37.73694415909985,-113.04722598960322,0.057755775577557754,0.038778877887788776,0.08745874587458746,0.027227722772277228,0.0,0.012376237623762377,1212,807
UT,Juab,39.67124816786572,-111.92008826494822,0.03547297297297297,0.0,0.0,0.060810810810810814,0.0,0.0,592,479
UT,Kane,37.25863900232686,-112.46611073208469,0.0,0.0,0.0,0.0970873786407767,0.0,0.0,103,36
UT,Millard,39.0275181652675,-112.42795146293746,0.04193971166448231,0.015727391874180863,0.0,0.04062909567496723,0.0,0.0,763,540
UT,Morgan,41.073648641510566,-111.70836347374028,0.05161290322580645,0.0,0.0,0.054838709677419356,0.02258064516129032,0.0,310,246
UT,Piute,38.33832366371788,-112.13256181489552,0.0,0.0,0.0,0.0,0.0,0.0,112,28
UT,Rich,41.52408242,-111.16289735,0.0,0.0,0.0,1.0,0.0,0.0,6,1
UT,Salt Lake,40.66864603027264,-111.91137033069732,0.041760359781561195,0.19514937359460327,0.2194828140057822,0.017346610986186957,0.054208159331834246,0.00987793125602313,12452,10080
UT,San Juan,37.77538873858521,-109.47807777412325,0.0,0.0,0.0,0.01929824561403509,0.0,0.0035087719298245615,570,226
UT,Sanpete,39.44015272435772,-111.5857190818466,0.0,0.03278688524590164,0.009107468123861567,0.07103825136612021,0.0,0.029143897996357013,549,218
UT,Sevier,38.75505401471288,-111.95165453599928,0.04311251314405889,0.010515247108307046,0.03470031545741325,0.04100946372239748,0.0,0.024185068349106203,951,613
UT,Summit,40.789167792754206,-111.42247499647532,0.05269761606022585,0.05081555834378921,0.10163111668757842,0.02383939774153074,0.00439146800501882,0.010037641154328732,1594,1192
UT,Tooele,40.60388066327385,-112.53920547937796,0.032171581769437,0.049597855227882036,0.153485254691689,0.029490616621983913,0.03150134048257373,0.012734584450402145,1492,1090
UT,Uintah,40.38935028181558,-109.61301928496837,0.0,0.0,0.06134969325153374,0.006134969325153374,0.0,0.006134969325153374,489,192
UT,Utah,40.24878640524545,-111.72537082115089,0.09234882764294529,0.16433566433566432,0.1246400658165364,0.024681201151789386,0.014191690662278898,0.0030851501439736733,4862,3547
UT,Wasatch,40.45423703663867,-111.36901192826586,0.0,0.12226640159045726,0.09443339960238568,0.0805168986083499,0.0,0.02485089463220676,1006,684
UT,Washington,37.191935823140085,-113.41188283431974,0.04695222405271829,0.05930807248764415,0.11367380560131796,0.051070840197693576,0.0,0.005766062602965404,1214,721
UT,Wayne,38.32468026992295,-111.24677531190588,0.0,0.0,0.0,0.07692307692307693,0.0,0.047337278106508875,169,59
UT,Weber,41.21312152212764,-111.9888553193799,0.03,0.2717948717948718,0.2907692307692308,0.0835897435897436,0.09615384615384616,0.009487179487179488,3900,2863
VA,Accomack,37.796347409987334,-75.62731853916375,0.0,0.006042296072507553,0.08610271903323263,0.0075528700906344415,0.0,0.010574018126888218,662,309
VA,Albemarle,38.035172452397504,-78.53724718237893,0.024509803921568627,0.09803921568627451,0.1065359477124183,0.029411764705882353,0.006862745098039216,0.00849673202614379,3060,2001
VA,Alexandria,38.81603747657974,-77.09334773508085,0.07993966817496229,0.16515837104072398,0.2171945701357466,0.03469079939668175,0.06862745098039216,0.06636500754147813,1326,1038
VA,Alexandria (City),38.81544100280212,-77.09206250011009,0.15,0.17142857142857143,0.23714285714285716,0.03857142857142857,0.11571428571428571,0.08285714285714285,700,392
VA,Alexandria City,38.803226,-77.050789,0.0,1.0,1.0,0.0,0.0,0.0,7,1
VA,Alleghany,37.79689819975915,-79.92744277017587,0.07862407862407862,0.0,0.004914004914004914,0.0,0.0,0.0,407,229
VA,Amelia,37.338174934008926,-77.97931731506831,0.0,0.04316546762589928,0.04316546762589928,0.0407673860911271,0.0,0.0,417,212
VA,Amherst,37.53215972788436,-79.11576246182752,0.0399002493765586,0.022443890274314215,0.12468827930174564,0.00997506234413965,0.02743142144638404,0.0,401,178
VA,Appomattox,37.369955602501484,-78.83563573492872,0.0,0.0,0.0,0.029411764705882353,0.0,0.0,204,74
VA,Arlington,38.87328848837323,-77.07932989886655,0.17039534171008275,0.20747778118296045,0.15691081826539993,0.05148636224333435,0.10205332516089488,0.06037388905914802,3263,2688
VA,Augusta,38.132728873390434,-79.03241388687718,0.04855601396382101,0.01364646144081244,0.04665185655347509,0.03395747381783561,0.0,0.001904157410345922,3151,2107
VA,Bath,38.032539563186816,-79.81787579120879,0.0,0.03296703296703297,0.0,0.17582417582417584,0.0,0.03296703296703297,91,24
VA,Bedford,37.31172863578844,-79.53124458940313,0.0,0.020833333333333332,0.06481481481481481,0.0,0.011574074074074073,0.004629629629629629,432,141
VA,Bedford County,37.31044124875423,-79.5071596143606,0.0,0.0,0.06150341685649203,0.0,0.002277904328018223,0.002277904328018223,878,361
VA,Bland,37.131151793565266,-81.13658517473665,0.1148036253776435,0.0,0.0,0.0,0.0,0.0,331,254
VA,Botetourt,37.46768155330621,-79.81784537386942,0.046209386281588445,0.023104693140794223,0.03393501805054152,0.0021660649819494585,0.0,0.0,1385,988
VA,Bristol,36.62220772933884,-82.16498234865703,0.09917355371900827,0.0,0.049586776859504134,0.0,0.0,0.0,121,92
VA,Bristol (City),36.62050768737297,-82.16952272968621,0.075,0.0,0.15,0.0,0.0,0.0,80,65
VA,Brunswick,36.79431040127923,-77.87513162463053,0.0367170626349892,0.0,0.0,0.0,0.0,0.004319654427645789,926,528
VA,Buchanan,37.25280434892087,-82.03908076618704,0.0,0.0,0.1079136690647482,0.0,0.0,0.014388489208633094,139,44
VA,Buckingham,37.59164750894394,-78.50287479589454,0.0,0.0,0.023346303501945526,0.0,0.0,0.0,257,86
VA,Buena Vista,37.74465553333334,-79.36952786666666,0.0,0.0,0.0,0.0,0.0,0.0,15,5
VA,Buena Vista (City),37.7439057825196,-79.33833718262035,0.0,0.0,0.0,0.0,0.0,0.0,6,1
VA,Campbell,37.28087811279544,-79.14733063908103,0.045121951219512194,0.018292682926829267,0.1048780487804878,0.0,0.0024390243902439024,0.014634146341463415,820,383
VA,Caroline,38.00470402254933,-77.43491033406592,0.010500308832612723,0.0,0.027794935145151328,0.02038295243977764,0.0,0.0,1619,1140
VA,Carroll,36.705446455868454,-80.7564896781345,0.038680318543799774,0.0,0.0034129692832764505,0.022753128555176336,0.0,0.0,879,671
VA,Charles City,37.37464235843941,-77.13338567336316,0.0,0.11188811188811189,0.055944055944055944,0.024475524475524476,0.0,0.0,286,145
VA,Charlotte,37.00667671708683,-78.59670399947478,0.025735294117647058,0.03676470588235294,0.051470588235294115,0.0,0.0,0.0,272,77
VA,Charlottesville,38.05035113476562,-78.49280350667685,0.2311111111111111,0.4488888888888889,0.27111111111111114,0.07555555555555556,0.1111111111111111,0.04888888888888889,225,123
VA,Charlottesville (City),38.03957712706175,-78.48755133253391,0.22549019607843138,0.46078431372549017,0.17647058823529413,0.0784313725490196,0.1568627450980392,0.0784313725490196,102,39
VA,Chesapeake,36.7679658286971,-76.31338234646911,0.10331850838179953,0.04413274033527198,0.08108108108108109,0.0027369141293191925,0.0,0.0010263427984946972,2923,2399
VA,Chesapeake (City),36.75986399488134,-76.30321936672823,0.09146757679180888,0.10238907849829351,0.07098976109215017,0.00955631399317406,0.0,0.0,1465,1037
VA,Chesterfield,37.41390368641886,-77.52823305004638,0.02973323453130789,0.05409410892923305,0.1459799925898481,0.03232678769914783,0.0,0.0017599110781771027,10796,6350
VA,Clarke,39.12121782910129,-77.99668036197168,0.007434944237918215,0.022304832713754646,0.08921933085501858,0.007434944237918215,0.0,0.007434944237918215,538,308
VA,Colonial Heights,37.25725627164901,-77.39564489264073,0.0794979079497908,0.03765690376569038,0.04602510460251046,0.0,0.0,0.0,239,214
VA,Colonial Heights (City),37.25329785214595,-77.39511850019447,0.07,0.07,0.16,0.05,0.0,0.0,100,77
VA,Covington,37.77361509333333,-79.99000919999999,0.0,0.0,0.0,0.0,0.0,0.0,25,9
VA,Covington (City),37.774318855175736,-79.9796361443482,0.0,0.0,0.0,0.0,0.0,0.0,9,2
VA,Craig,37.501286,-80.11189499999998,0.0,0.0,0.0,0.0,0.0,0.0,5,1
VA,Culpeper,38.482602948539714,-77.95825002908228,0.017921146953405017,0.05734767025089606,0.10752688172043011,0.02867383512544803,0.0,0.0,558,296
VA,Cumberland,37.485793064170096,-78.22625125003609,0.0,0.0,0.0,0.0684931506849315,0.0,0.0,146,54
VA,Danville,36.59334294736843,-79.36443139473685,0.0,0.0,0.15789473684210525,0.15789473684210525,0.0,0.0,19,9
VA,Danville (City),36.57326678857712,-79.36365611361009,0.2413793103448276,0.0,0.1724137931034483,0.0,0.0,0.0,29,13
VA,Dickenson,37.11811850196079,-82.37715677058824,0.0,0.0,0.0,0.0,0.0,0.058823529411764705,85,27
VA,Dinwiddie,37.11376064308118,-77.5802230832525,0.029182879377431907,0.00324254215304799,0.02594033722438392,0.005188067444876783,0.0,0.0,1542,877
VA,Emporia,36.702246202542916,-77.54962779237125,0.41818181818181815,0.0,0.0,0.0,0.0,0.0,55,40
VA,Emporia (City),36.697489061742786,-77.54578290354537,0.5454545454545454,0.0,0.022727272727272728,0.0,0.0,0.1590909090909091,44,22
VA,Essex,37.92698093263347,-76.92248683745383,0.0,0.0,0.07423580786026202,0.0,0.0,0.0,458,215
VA,Fairfax,38.84940094477296,-77.27078479205247,0.0948312088527805,0.17285334080403417,0.15674464210673764,0.02199187561283093,0.0142877153662978,0.007984311528225242,7139,4931
VA,Fairfax (City),38.85191523232852,-77.30519038359392,0.0,0.11304347826086956,0.2956521739130435,0.13043478260869565,0.40869565217391307,0.034782608695652174,115,46
VA,Fairfax City,38.851986722318884,-77.30731684372122,0.0,0.40930232558139534,0.40930232558139534,0.08372093023255814,0.29767441860465116,0.15348837209302327,215,130
VA,Fairfax County,38.836280061646825,-77.26278023068434,0.0823088554335678,0.1278679902701992,0.13700611399644994,0.023667083032016305,0.014331733613832096,0.005456577476825981,15211,12630
VA,Falls Church,38.884710745879126,-77.172350125,0.0,0.3269230769230769,0.38461538461538464,0.0,0.34615384615384615,0.3076923076923077,52,22
VA,Falls Church (City),38.88169817142857,-77.16634485714286,0.0,0.14285714285714285,0.2571428571428571,0.0,0.0,0.17142857142857143,35,7
VA,Fauquier,38.728918197450916,-77.7897916102403,0.015983321751216122,0.03022932592077832,0.08408617095205004,0.07018763029881862,0.0031271716469770676,0.0006949270326615705,2878,1795
VA,Floyd,36.93477070229858,-80.32649306982685,0.0,0.0,0.023952095808383235,0.0,0.0,0.017964071856287425,167,53
VA,Fluvanna,37.86872655849188,-78.28775561769213,0.0,0.012448132780082987,0.0,0.029045643153526972,0.0,0.0,241,97
VA,Franklin,37.007402066355844,-79.88229149078337,0.00967741935483871,0.0,0.03225806451612903,0.0032258064516129032,0.0,0.0,310,115
VA,Franklin City,36.66780900000001,-76.931549,0.0,0.0,0.0,0.0,0.0,0.0,3,1
VA,Franklin County,37.02449101657162,-79.86625313012343,0.0273224043715847,0.0,0.07377049180327869,0.01092896174863388,0.0,0.01912568306010929,732,331
VA,Frederick,39.17373084828219,-78.18955210400401,0.04360753221010902,0.023290386521308225,0.10753221010901882,0.013875123885034688,0.0,0.018334985133795837,2018,1396
VA,Fredericksburg,38.30112490730234,-77.49259917940054,0.0782122905027933,0.07681564245810056,0.13687150837988826,0.0670391061452514,0.0,0.006983240223463687,716,580
VA,Fredericksburg (City),38.298223149366656,-77.49350983331846,0.0821529745042493,0.11331444759206799,0.22946175637393768,0.06515580736543909,0.0,0.019830028328611898,353,216
VA,Giles,37.32413773974731,-80.73315232627442,0.046052631578947366,0.0,0.03289473684210526,0.0,0.0,0.019736842105263157,152,55
VA,Gloucester,37.38661281131725,-76.52977740046823,0.0,0.03717026378896882,0.19424460431654678,0.15827338129496402,0.0,0.01079136690647482,834,465
VA,Goochland,37.73079218495113,-77.8112300162307,0.07017543859649122,0.0,0.02456140350877193,0.01871345029239766,0.0,0.0,855,608
VA,Grayson,36.61924865306123,-81.23384231122449,0.0,0.0,0.0,0.0,0.0,0.0,98,30
VA,Greene,38.245951718371124,-78.40702729621354,0.0,0.0,0.15601023017902813,0.020460358056265986,0.0,0.010230179028132993,391,247
VA,Greensville,36.6785580618873,-77.54679097969107,0.09090909090909091,0.0,0.0,0.0,0.0,0.0,286,214
VA,Halifax,36.75532804470572,-78.94283824096004,0.0,0.0,0.04066985645933014,0.0,0.0,0.0,418,150
VA,Hampton,37.02843798457002,-76.3593399020912,0.07272727272727272,0.09201101928374655,0.09807162534435261,0.007162534435261708,0.0,0.01046831955922865,1815,1508
VA,Hampton (City),37.033836569765825,-76.37356268545571,0.09408602150537634,0.16532258064516128,0.16532258064516128,0.008064516129032258,0.0,0.0,744,546
VA,Hanover,37.72654510916235,-77.43069201921847,0.07333333333333333,0.0057777777777777775,0.037333333333333336,0.012,0.0,0.0,2250,1936
VA,Harrisonburg,38.4252270744876,-78.87673127560274,0.07588075880758807,0.02710027100271003,0.10298102981029811,0.0,0.0,0.013550135501355014,369,284
VA,Harrisonburg (City),38.43422047670469,-78.87120700896618,0.14487632508833923,0.14487632508833923,0.1872791519434629,0.0,0.0,0.0,283,177
VA,Henrico,37.591593055997954,-77.46966389225152,0.03660959951085295,0.030418832161418528,0.14804341180067257,0.009247936410883522,0.019107306634056864,0.004815041271782329,13084,7760
VA,Henry,36.68534094812164,-79.90443616102884,0.07291666666666667,0.024305555555555556,0.11342592592592593,0.019675925925925927,0.0,0.0,864,338
VA,Highland,38.34820817734547,-79.571596911531,0.0,0.0,0.0,0.0,0.0,0.0,119,44
VA,Hopewell,37.274447173252284,-77.3225445349544,0.40425531914893614,0.0,0.0425531914893617,0.0,0.0,0.0,47,27
VA,Hopewell (City),37.27496091861729,-77.32287295110872,0.12195121951219512,0.0,0.17073170731707318,0.0,0.0,0.0,41,18
VA,Isle Of Wight,36.931637,-76.524231,0.0,0.0,0.0,0.0,0.0,0.0,4,2
VA,Isle of Wight,36.91370080791966,-76.6402365449601,0.0,0.10741301059001512,0.14826021180030258,0.0907715582450832,0.0,0.0,661,355
VA,James City,37.339101774986474,-76.76253433039713,0.05010438413361169,0.011482254697286013,0.12004175365344467,0.031315240083507306,0.0,0.011482254697286013,958,728
VA,King George,38.283669254384556,-77.14801033217417,0.0,0.006857142857142857,0.09371428571428571,0.005714285714285714,0.0,0.0034285714285714284,875,533
VA,King William,37.6910996208339,-77.0444301574757,0.0,0.012552301255230125,0.1506276150627615,0.03347280334728033,0.0,0.0,239,98
VA,King and Queen,37.634023546067624,-76.83351691103098,0.0,0.0,0.0,0.0,0.0,0.0,162,65
VA,Lancaster,37.70286237110852,-76.42198486692659,0.0,0.0,0.03255813953488372,0.0,0.0,0.0,215,77
VA,Lee,36.73182733028455,-83.04372573373983,0.0,0.0,0.018292682926829267,0.018292682926829267,0.0,0.036585365853658534,164,45
VA,Loudoun,39.04582608568386,-77.52821069976537,0.037199658494938406,0.1872179534089523,0.17050859860958653,0.05037199658494938,0.0062202707647274055,0.016221490425661667,8199,4594
VA,Louisa,37.945914641564435,-78.00964237403946,0.027672955974842768,0.00880503144654088,0.031446540880503145,0.03647798742138365,0.0,0.02012578616352201,795,474
VA,Lunenburg,36.9634224175603,-78.21776818971051,0.0,0.0,0.01256281407035176,0.0,0.0,0.0,398,137
VA,Lynchburg,37.37249975873319,-79.17031766952758,0.0970873786407767,0.22330097087378642,0.24271844660194175,0.1553398058252427,0.1941747572815534,0.038834951456310676,103,44
VA,Lynchburg (City),37.38269193886652,-79.17061207535154,0.08928571428571429,0.24107142857142858,0.25,0.0,0.125,0.03571428571428571,112,55
VA,Lynchburg City,37.354519,-79.22286999999999,0.0,0.0,0.0,0.0,0.0,0.0,7,1
VA,Madison,38.35583014338732,-78.22404663452429,0.0,0.0,0.12105263157894737,0.03684210526315789,0.0,0.0,190,76
VA,Manassas,38.75349311741191,-77.47309178021675,0.012,0.432,0.424,0.112,0.1,0.036,250,112
VA,Manassas (City),38.75100696056281,-77.47506343382942,0.03468208092485549,0.30057803468208094,0.3699421965317919,0.011560693641618497,0.09826589595375723,0.023121387283236993,173,63
VA,Manassas Park,38.772424179487174,-77.45145671367521,0.0,0.0,0.28205128205128205,0.0,0.0,0.0,39,14
VA,Manassas Park (City),38.772599155555554,-77.45438984444445,0.0,0.0,0.0,0.06666666666666667,0.06666666666666667,0.4,15,7
VA,Martinsville (City),36.674099,-79.87790699999998,0.0,0.0,0.0,0.0,0.0,0.0,7,1
VA,Mathews,37.47066897515007,-76.38758521422605,0.0,0.0,0.0,0.06164383561643835,0.0,0.0,146,47
VA,Mecklenburg,36.686084601145495,-78.31015977454767,0.024756189047261814,0.003000750187546887,0.00900225056264066,0.015753938484621154,0.0,0.0,1333,615
VA,Middlesex,37.60425159938779,-76.51931420754703,0.0,0.0,0.03740648379052369,0.017456359102244388,0.0,0.0,401,136
VA,Montgomery,37.16110610545328,-80.37707408525245,0.07149576669802446,0.014111006585136407,0.020696142991533398,0.007525870178739417,0.011288805268109126,0.0,1063,877
VA,Nelson,37.83973406212224,-78.86519469437492,0.015384615384615385,0.0,0.0,0.041025641025641026,0.0,0.0,390,221
VA,New Kent,37.49839030924193,-77.03823830686842,0.02556653108657757,0.005810575246949448,0.04009296920395119,0.02789076118535735,0.0,0.0,1721,1335
VA,Newport News,37.06756377511111,-76.47496649803993,0.11276127612761276,0.24972497249724973,0.19911991199119913,0.02035203520352035,0.0,0.01155115511551155,1818,1406
VA,Newport News (City),37.07848411577841,-76.48084928954466,0.09732620320855614,0.2631016042780749,0.1839572192513369,0.0213903743315508,0.008556149732620321,0.0,935,612
VA,Norfolk,36.88981934426776,-76.24728867116927,0.11816616444253121,0.04907447266465777,0.08329746018080068,0.004304778303917348,0.0023676280671545416,0.0027981058975462764,4646,3961
VA,Norfolk (City),36.88348014278639,-76.24861982008171,0.14221472737492974,0.06632939853850478,0.11916807195053401,0.008993816750983699,0.003372681281618887,0.002810567734682406,1779,1280
VA,Norfolk City,36.875744,-76.301895,0.0,1.0,0.0,0.0,0.0,0.0,6,1
VA,Northampton,37.36385801930703,-75.9179232156475,0.018292682926829267,0.036585365853658534,0.18902439024390244,0.01524390243902439,0.0,0.0,328,159
VA,Northumberland,37.89523538261506,-76.44246531544175,0.0,0.06926406926406926,0.010822510822510822,0.030303030303030304,0.0,0.025974025974025976,462,181
VA,Norton (City),36.93340487496537,-82.62554833916607,0.8,0.0,0.0,0.0,0.0,0.0,5,2
VA,Nottoway,37.16395013848893,-78.09251101322744,0.033707865168539325,0.013108614232209739,0.02247191011235955,0.009363295880149813,0.0,0.011235955056179775,534,211
VA,Orange,38.25045031380677,-77.99800760335762,0.0,0.02376599634369287,0.062157221206581355,0.0603290676416819,0.0,0.010968921389396709,547,275
VA,Page,38.62990854187703,-78.50031311268769,0.0,0.04262295081967213,0.02459016393442623,0.05901639344262295,0.0,0.03770491803278689,610,260
VA,Patrick,36.64770355306306,-80.27813779964308,0.0,0.0,0.02666666666666667,0.0,0.0,0.02,300,109
VA,Petersburg,37.21177085382899,-77.39713383720337,0.14097744360902256,0.0,0.022556390977443608,0.0,0.0,0.0,532,416
VA,Petersburg (City),37.21409791018312,-77.39528485548726,0.205761316872428,0.0,0.0205761316872428,0.0,0.0,0.0,243,190
VA,Pittsylvania,36.787789708211925,-79.40529239806781,0.03456221198156682,0.0,0.03225806451612903,0.008064516129032258,0.0,0.004608294930875576,868,332
VA,Poquoson,37.12377365625,-76.37972540625,0.0,0.28125,0.15625,0.0,0.0,0.0,32,9
VA,Poquoson (City),37.130619,-76.39151,0.0,1.0,0.0,0.0,0.0,0.0,4,1
VA,Portsmouth,36.83403018044991,-76.33896082452176,0.09370424597364568,0.024890190336749635,0.036603221083455345,0.0,0.0,0.0,683,545
VA,Portsmouth (City),36.83579274874908,-76.34789747524324,0.1278409090909091,0.08238636363636363,0.06534090909090909,0.0,0.0,0.0,352,258
VA,Powhatan,37.54732777943461,-77.86791626373784,0.0174496644295302,0.0,0.08322147651006712,0.0,0.0,0.0,745,436
VA,Prince Edward,37.24957750109859,-78.41697162141605,0.0,0.0,0.05592105263157895,0.02631578947368421,0.0,0.023026315789473683,304,112
VA,Prince George,37.15938328541381,-77.33307787808234,0.07280219780219781,0.008241758241758242,0.04807692307692308,0.027472527472527472,0.0,0.0,728,480
VA,Prince William,38.67780178578366,-77.39523522900126,0.03905263157894737,0.2034736842105263,0.166,0.06863157894736842,0.017473684210526315,0.005157894736842105,9500,7549
VA,Pulaski,37.04863305882336,-80.70795271006695,0.16952789699570817,0.0,0.0,0.004291845493562232,0.0,0.0,466,381
VA,Radford,37.10177262626263,-80.55654570707071,0.0,0.0,0.0,0.0,0.0,0.0,33,20
VA,Rappahannock,38.66901013147145,-78.16925440346098,0.0,0.0,0.0,0.0,0.0,0.0,77,22
VA,Richmond,37.94074319166722,-76.69803500571216,0.0,0.0,0.0,0.0,0.0,0.0,127,49
VA,Richmond (City),37.53557783842298,-77.46032341974028,0.043357933579335796,0.17121771217712178,0.13413284132841327,0.0496309963099631,0.044464944649446496,0.03819188191881919,5420,2567
VA,Richmond City,37.54031793433441,-77.45490629544236,0.06219765031098825,0.2583670648632639,0.22598479612992398,0.03583769375061704,0.06219765031098825,0.10850034554250172,10129,6933
VA,Richmond County,37.94597895501789,-76.73446626644008,0.0,0.0,0.10240963855421686,0.0,0.0,0.0,166,72
VA,Roanoke,37.29160774162235,-80.03401954594526,0.04664723032069971,0.0,0.05539358600583091,0.01749271137026239,0.0,0.0,343,243
VA,Roanoke (City),37.276294511648665,-79.95859767263067,0.18433179723502305,0.03686635944700461,0.14746543778801843,0.0,0.0,0.0,217,121
VA,Roanoke City,37.27862937073601,-79.94324567056661,0.1401098901098901,0.024725274725274724,0.11263736263736264,0.0,0.0,0.0,364,240
VA,Roanoke County,37.28643341753179,-80.04839893960852,0.05225225225225225,0.0018018018018018018,0.036036036036036036,0.017117117117117116,0.0,0.0,1110,887
VA,Rockbridge,37.79130357901629,-79.4093162354441,0.05509433962264151,0.0030188679245283017,0.015849056603773583,0.0037735849056603774,0.0,0.009056603773584906,1325,977
VA,Rockingham,38.458085041180794,-78.82678915797227,0.008612873980054397,0.032638259292837715,0.051677243880326386,0.006346328195829556,0.0,0.004533091568449683,2206,1261
VA,Russell,36.91882450662529,-82.10282421796974,0.0,0.0,0.13513513513513514,0.07657657657657657,0.0,0.036036036036036036,222,72
VA,Salem,37.296469853974514,-80.08994526714994,0.056074766355140186,0.0,0.056074766355140186,0.0,0.0,0.0,107,78
VA,Salem (City),37.28351193886363,-80.05888529340909,0.0,0.06818181818181818,0.18181818181818182,0.0,0.0,0.0,44,15
VA,Scott,36.68310845484015,-82.60641174604785,0.0,0.04524886877828054,0.06334841628959276,0.0,0.0,0.0,221,60
VA,Shenandoah,38.862626596540295,-78.52732088431938,0.028313253012048192,0.005421686746987952,0.006626506024096385,0.0,0.0,0.0,1660,1263
VA,Smyth,36.82468030214598,-81.54127715322403,0.09023941068139964,0.003683241252302026,0.0,0.0,0.0,0.0,543,392
VA,Southampton,36.73932799398632,-77.0881828254764,0.03807106598984772,0.005076142131979695,0.0532994923857868,0.005076142131979695,0.0,0.0,394,188
VA,Spotsylvania,38.21853166706624,-77.54123934557776,0.010756819054936612,0.050326546292739145,0.13330772185939302,0.008451786400307337,0.0,0.002305032654629274,2603,1965
VA,Stafford,38.41404972320019,-77.44016696248433,0.039603960396039604,0.01608910891089109,0.07599009900990099,0.048514851485148516,0.0,0.005445544554455445,4040,3330
VA,Staunton,38.156676012400794,-79.02325042123016,0.0,0.0,0.18333333333333332,0.06666666666666667,0.0,0.0,60,39
VA,Staunton (City),38.15539770591321,-79.0416027720045,0.0,0.05813953488372093,0.22093023255813954,0.08139534883720931,0.0,0.0,86,52
VA,Suffolk,36.80441502785476,-76.53860292934007,0.07941403238242097,0.051657671549730146,0.10100231303006939,0.008481110254433308,0.0,0.0,1297,995
VA,Suffolk (City),36.768480295117115,-76.58268181895494,0.06547619047619048,0.03571428571428571,0.1130952380952381,0.0,0.0,0.01488095238095238,672,453
VA,Surry,37.11664188839465,-76.85718584615185,0.0,0.0,0.0,0.0,0.0,0.0,125,58
VA,Sussex,36.917180684793145,-77.31116277151379,0.040892193308550186,0.016728624535315983,0.03903345724907063,0.01486988847583643,0.0,0.01486988847583643,538,378
VA,Tazewell,37.13672922026059,-81.57856248469106,0.02214022140221402,0.014760147601476014,0.0996309963099631,0.0,0.0,0.0,271,85
VA,Virginia Beach,36.8314569093834,-76.1216314438687,0.06028368794326241,0.12282398452611218,0.14119922630560927,0.006769825918762089,0.0,0.0006447453255963894,3102,2316
VA,Virginia Beach (City),36.82748057074361,-76.10832383465548,0.037346711259754736,0.1443701226309922,0.12151616499442586,0.002787068004459309,0.0,0.0033444816053511705,1794,1106
VA,Virginia Beach City,36.72213,-76.051643,0.0,0.0,0.0,0.0,0.0,0.0,2,1
VA,Warren,38.94388648949388,-78.20119364398778,0.038880248833592534,0.05754276827371695,0.06842923794712286,0.0,0.0,0.0015552099533437014,643,422
VA,Washington,36.71148382136371,-81.94929521341614,0.06950672645739911,0.0,0.026905829596412557,0.02466367713004484,0.0,0.0,892,629
VA,Waynesboro,38.05812146196635,-78.91508392787281,0.028368794326241134,0.0,0.10638297872340426,0.02127659574468085,0.0,0.0,141,88
VA,Waynesboro (City),38.05933573063718,-78.91817338932162,0.09302325581395349,0.0,0.03488372093023256,0.05813953488372093,0.0,0.0,86,47
VA,Westmoreland,38.12834063174914,-76.83820866083842,0.0,0.0,0.022388059701492536,0.0,0.0,0.0,268,106
VA,Williamsburg,37.26517515384616,-76.710634,0.0,0.11538461538461539,0.38461538461538464,0.0,0.0,0.0,26,8
VA,Williamsburg (City),37.26693135477177,-76.72525790801892,0.0,0.5555555555555556,0.5555555555555556,0.0,0.0,0.0,27,6
VA,Winchester,39.17514114332429,-78.1564425687261,0.0,0.15853658536585366,0.3170731707317073,0.0,0.0,0.07317073170731707,82,37
VA,Winchester (City),39.1711354706782,-78.1636258545285,0.0,0.2631578947368421,0.47368421052631576,0.0,0.0,0.02631578947368421,76,21
VA,Wise,36.96193457093497,-82.55161310343932,0.0,0.02336448598130841,0.0794392523364486,0.0794392523364486,0.0,0.0,214,64
VA,Wythe,36.936115684883994,-81.02242355339781,0.0392156862745098,0.0,0.006862745098039216,0.00196078431372549,0.0,0.0,1020,847
VA,York,37.246794157848456,-76.60657636374275,0.06529992406985573,0.006074411541381929,0.15034168564920272,0.040242976461655276,0.0,0.007593014426727411,1317,942
VT,Addison,44.13946907692308,-73.13393199999999,0.0,0.0,0.0,0.0,0.0,0.0,13,2
VT,Bennington,43.012735514285716,-72.99306777142857,0.0,0.0,0.0,0.0,0.0,0.0,35,8
VT,Caledonia,44.352855142857145,-72.01293328571428,0.0,0.0,0.0,0.5714285714285714,0.0,0.0,7,2
VT,Chittenden,44.45681311610487,-73.10997080524345,0.0449438202247191,0.0,0.06741573033707865,0.0,0.0,0.0,89,29
VT,Franklin,44.802255960000004,-73.07243384,0.0,0.0,0.0,0.0,0.0,0.0,25,8
VT,Grand Isle,44.78895829411765,-73.3005544117647,0.0,0.0,0.0,0.29411764705882354,0.0,0.0,17,4
VT,Lamoille,44.490059,-72.641144,0.0,0.0,0.0,0.0,0.0,0.0,8,2
VT,Orange,43.946617294117644,-72.43325188235293,0.0,0.0,0.0,0.0,0.0,0.0,17,6
VT,Orleans,44.93547345,-72.1640013,0.35,0.0,0.0,0.0,0.0,0.0,20,4
VT,Rutland,43.53853938461538,-73.15454438461539,0.0,0.0,0.0,0.0,0.0,0.0,13,2
VT,Washington,44.24146029614551,-72.57235046965938,0.0,0.0,0.0,0.0,0.0,0.0,56,15
VT,Windham,42.97891938188233,-72.65577197787181,0.0,0.027624309392265192,0.0,0.04419889502762431,0.0,0.0,181,47
VT,Windsor,43.53465218181818,-72.47782236363636,0.0,0.0,0.0,0.0,0.0,0.0,44,15
WA,Adams,47.01141857196645,-118.62923722557682,0.056179775280898875,0.0,0.0,0.0,0.0,0.0,89,34
WA,Asotin,45.99843621232035,-117.27846264783253,0.0,0.0,0.0,0.0,0.0,0.0,4,2
WA,Benton,46.20278010467291,-119.38190052243907,0.09322033898305085,0.059322033898305086,0.1016949152542373,0.01694915254237288,0.0,0.0,118,37
WA,Chelan,47.56068105423281,-120.63133981128748,0.0,0.0,0.0,0.0,0.0,0.0,54,33
WA,Clallam,48.0895654406563,-123.63626733427182,0.0,0.0,0.0802675585284281,0.016722408026755852,0.11036789297658862,0.0,299,130
WA,Clark,45.688992486883116,-122.5809634869961,0.07725553754727174,0.08373851971907077,0.15937331172339275,0.015667206915180983,0.020529443544030253,0.0016207455429497568,1851,1279
WA,Cowlitz,46.1159293085124,-122.84901009519652,0.1306715063520871,0.02722323049001815,0.09800362976406533,0.0,0.0,0.014519056261343012,551,375
WA,Douglas,47.567112212121216,-120.13206787878788,0.0,0.0,0.0,0.0,0.0,0.0,33,8
WA,Ferry,48.72772984210526,-118.30110092105262,0.0,0.21052631578947367,0.0,0.0,0.0,0.0,19,6
WA,Franklin,46.31863933461218,-119.13053674965796,0.14035087719298245,0.07017543859649122,0.0,0.0,0.12280701754385964,0.0,57,17
WA,Garfield,46.472891,-117.532705,0.0,0.0,0.0,0.0,0.0,0.0,3,1
WA,Grant,46.9626944419035,-119.59840431557349,0.0,0.0,0.010416666666666666,0.0,0.0,0.0,96,33
WA,Grays Harbor,47.01046839854856,-123.7758730953699,0.0,0.05314009661835749,0.05314009661835749,0.050724637681159424,0.03864734299516908,0.012077294685990338,414,172
WA,Island,48.23029004354925,-122.57794651029394,0.0,0.045454545454545456,0.17045454545454544,0.11931818181818182,0.06818181818181818,0.028409090909090908,176,74
WA,Jefferson,47.8792635299896,-122.99610710508652,0.0,0.0,0.018808777429467086,0.050156739811912224,0.012539184952978056,0.009404388714733543,319,159
WA,King,47.55439875915381,-122.2666756387868,0.05680178407451135,0.3236914600550964,0.22346845074117802,0.06290174471992654,0.1099304735668372,0.13446149809786173,15246,11435
WA,Kitsap,47.62314002816911,-122.6440622701965,0.03612903225806452,0.2167741935483871,0.2129032258064516,0.24903225806451612,0.00903225806451613,0.0025806451612903226,775,434
WA,Kittitas,47.192776067935235,-120.96478947200268,0.1297071129707113,0.0,0.0,0.0,0.0,0.0,239,170
WA,Klickitat,45.77287148242062,-121.02221817961914,0.0,0.06545454545454546,0.01818181818181818,0.025454545454545455,0.0,0.0,275,119
WA,Lewis,46.56760514207937,-122.7531587158547,0.03545051698670606,0.004431314623338257,0.004431314623338257,0.03840472673559823,0.0,0.011816838995568686,677,406
WA,Lincoln,47.6090465135498,-118.24748633741787,0.0,0.0,0.0,0.0,0.0,0.0,31,9
WA,Mason,47.33797604556514,-122.9970289879856,0.0,0.052980132450331126,0.02207505518763797,0.09271523178807947,0.0,0.039735099337748346,453,223
WA,Okanogan,48.46374546153846,-119.54982761538461,0.0,0.0,0.0,0.0,0.0,0.0,26,8
WA,Pacific,46.41646552371115,-123.82877644316072,0.0,0.04938271604938271,0.0,0.0,0.0,0.06172839506172839,81,38
WA,Pend Oreille,48.313205359375,-117.279762953125,0.0,0.0,0.0,0.0,0.0,0.0,32,13
WA,Pierce,47.175273684955364,-122.41263746916749,0.04287856071964018,0.09910044977511244,0.15562218890554722,0.0074962518740629685,0.049475262368815595,0.008245877061469266,6670,4568
WA,Skagit,48.47539935520405,-122.3303818125101,0.04081632653061224,0.15855572998430142,0.16169544740973313,0.09105180533751962,0.02511773940345369,0.007849293563579277,637,377
WA,Skamania,45.65489840825463,-121.91308803569794,0.0,0.1415929203539823,0.0,0.09734513274336283,0.0,0.0,113,61
WA,Snohomish,47.931674724128435,-122.18464878582384,0.04083665338645418,0.17081673306772907,0.20692231075697212,0.033615537848605576,0.06499003984063745,0.015687250996015936,4016,2747
WA,Spokane,47.6690700623966,-117.37297731545439,0.027617477328936522,0.20898598516075845,0.2238252267106348,0.030090684253915912,0.1900247320692498,0.02514427040395713,2426,1187
WA,Stevens,48.2198487678292,-117.73262573790728,0.0,0.04504504504504504,0.0,0.0,0.0,0.0,111,37
WA,Thurston,46.995848064292794,-122.88305271012216,0.08378870673952642,0.020036429872495445,0.07377049180327869,0.0,0.006375227686703097,0.006375227686703097,1098,809
WA,Wahkiakum,46.27723787353627,-123.48076198145624,0.0,0.0,0.0,0.0,0.0,0.0,61,20
WA,Walla Walla,46.06024322727273,-118.30283026136364,0.0,0.0,0.2727272727272727,0.0,0.0,0.0,22,8
WA,Whatcom,48.83433948616766,-122.42570339423018,0.05542168674698795,0.07349397590361446,0.06144578313253012,0.04819277108433735,0.006024096385542169,0.0,830,522
WA,Whitman,46.803235728426124,-117.27606384166994,0.0,0.05263157894736842,0.07894736842105263,0.0,0.0,0.10526315789473684,76,25
WA,Yakima,46.57988175461981,-120.5631847817414,0.0,0.0,0.0,0.0,0.0,0.0,121,49
WI,Adams,43.976829538461544,-89.73356707692308,0.0,0.0,0.0,0.0,0.0,0.0,13,2
WI,Ashland,46.324896,-90.66051,0.0,1.0,0.0,0.0,0.0,0.0,6,1
WI,Barron,45.392828900000005,-91.72489893333334,0.0,0.0,0.0,0.0,0.0,0.0,30,6
WI,Bayfield,46.447775881249996,-91.2044004975,0.0,0.0,0.0,0.0,0.0,0.0,32,6
WI,Brown,44.48626114430224,-88.04618513716571,0.095,0.045,0.0375,0.0,0.0,0.0,400,218
WI,Buffalo,44.40234254117566,-91.87271115472939,0.0,0.0,0.0,0.0,0.0,0.0,21,6
WI,Burnett,45.82292238235294,-92.26174752941176,0.0,0.0,0.0,0.0,0.0,0.0,17,6
WI,Calumet,44.15338459848485,-88.23864330681819,0.06818181818181818,0.056818181818181816,0.056818181818181816,0.0,0.0,0.0,88,25
WI,Chippewa,44.95923154382353,-91.3774614175,0.1411764705882353,0.0,0.0,0.0,0.0,0.0,85,38
WI,Clark,44.67352919117647,-90.51169542647058,0.0,0.0,0.0,0.0,0.0,0.0,68,13
WI,Columbia,43.454359067328426,-89.43689027731905,0.04953560371517028,0.0,0.0,0.0,0.0,0.0,323,183
WI,Crawford,43.083931,-90.896179,0.0,0.0,0.0,0.0,0.0,0.0,7,1
WI,Dane,43.07155487635971,-89.33778291125128,0.07245039224734656,0.1222888786340563,0.12044300876788186,0.030456852791878174,0.012921089063221043,0.01430549146285187,2167,1408
WI,Dodge,43.48078821548324,-88.6075547042127,0.028037383177570093,0.0,0.0,0.0,0.0,0.0,107,49
WI,Door,45.11227659731793,-87.1856697960294,0.0,0.0,0.058823529411764705,0.0,0.0,0.1323529411764706,68,21
WI,Douglas,46.71523118392914,-92.04402995062928,0.265625,0.046875,0.046875,0.0,0.0,0.0,64,27
WI,Dunn,44.912638731162055,-91.89852863820143,0.09278350515463918,0.030927835051546393,0.0,0.0,0.0,0.0,194,113
WI,Eau Claire,44.75240573785709,-91.4350587546098,0.08256880733944955,0.04128440366972477,0.0779816513761468,0.0,0.0,0.0,218,141
WI,Fond du Lac,43.745728083342605,-88.48022603438105,0.06435643564356436,0.024752475247524754,0.11386138613861387,0.0,0.0,0.019801980198019802,202,130
WI,Grant,42.875549196428565,-90.58475203571429,0.0,0.0,0.0,0.03571428571428571,0.0,0.0,28,9
WI,Green,42.70824533333333,-89.53010679999998,0.0,0.0,0.0,0.0,0.0,0.0,15,3
WI,Green Lake,43.74737595238095,-89.15270514285714,0.0,0.0,0.0,0.0,0.0,0.0,21,4
WI,Iowa,42.9439835,-90.14455140909091,0.0,0.0,0.0,0.22727272727272727,0.0,0.0,22,7
WI,Iron,46.500587,-90.450678,0.0,0.0,0.0,0.0,0.0,0.0,7,1
WI,Jackson,44.355553984549125,-90.92517992753211,0.05,0.0,0.0,0.0,0.0,0.0,80,46
WI,Jefferson,43.06572053639958,-88.75629996027278,0.017045454545454544,0.028409090909090908,0.10227272727272728,0.0,0.0,0.0,176,95
WI,Juneau,43.77856769993794,-90.01231882082875,0.10909090909090909,0.0,0.0,0.0,0.0,0.0,110,60
WI,Kenosha,42.56644800427649,-87.94872323448936,0.07407407407407407,0.0,0.09722222222222222,0.08796296296296297,0.0,0.0,216,132
WI,Kewaunee,44.4436,-87.64265400000002,0.0,0.0,0.0,0.0,0.0,0.0,7,1
WI,La Crosse,43.89635177410942,-91.2034177186145,0.08653846153846154,0.0,0.09615384615384616,0.0,0.0,0.0,104,49
WI,Langlade,45.16799897058824,-88.85556179411765,0.0,0.0,0.0,0.058823529411764705,0.0,0.0,34,9
WI,Lincoln,45.30971250595238,-89.68490943333333,0.0,0.0,0.0,0.0,0.0,0.0,84,23
WI,Manitowoc,44.098388651836736,-87.79413234204081,0.11224489795918367,0.04081632653061224,0.04081632653061224,0.0,0.0,0.0,98,27
WI,Marathon,44.903986377463056,-89.67283191767001,0.07741935483870968,0.0,0.0,0.0,0.0,0.04516129032258064,155,68
WI,Marinette,45.359185833333335,-87.954729,0.0,0.3333333333333333,0.0,0.0,0.0,0.0,12,3
WI,Marquette,43.804408404347825,-89.46503516376812,0.0,0.0,0.0,0.0,0.0,0.0,46,15
WI,Milwaukee,43.02375578536709,-87.97490147531143,0.10909992561368709,0.17356806347632037,0.15100421522439872,0.019588395735184727,0.05554178031242252,0.013389536325316143,4033,3387
WI,Monroe,44.00523269200007,-90.5236612221989,0.037383177570093455,0.08411214953271028,0.0,0.0,0.0,0.0,107,58
WI,Oconto,44.80601315277778,-88.00409661111111,0.0,0.0,0.0,0.0,0.0,0.0,18,8
WI,Oneida,45.682932,-89.5775745909091,0.0,0.0,0.0,0.36363636363636365,0.0,0.0,22,7
WI,Outagamie,44.30496674832644,-88.41015193944436,0.08519269776876268,0.030425963488843813,0.10141987829614604,0.0,0.02028397565922921,0.0,493,312
WI,Ozaukee,43.30223350239045,-87.92682169682435,0.12234042553191489,0.0,0.06914893617021277,0.0,0.0,0.0,188,113
WI,Pepin,44.65747613333333,-91.96339886666667,0.0,0.26666666666666666,0.26666666666666666,0.0,0.0,0.0,15,4
WI,Pierce,44.718414716370134,-92.52473734412168,0.0,0.02830188679245283,0.0660377358490566,0.0,0.0,0.02830188679245283,106,27
WI,Polk,45.32271851470588,-92.47550376470588,0.0,0.0,0.0,0.0,0.0,0.0,34,8
WI,Portage,44.49845411214286,-89.5082901030357,0.05,0.05,0.01875,0.0,0.0,0.0,160,62
WI,Price,45.687346909090905,-90.36175536363636,0.0,0.18181818181818182,0.18181818181818182,0.0,0.0,0.0,11,3
WI,Racine,42.74733109496206,-87.97671323884167,0.01730103806228374,0.05190311418685121,0.09342560553633218,0.04498269896193772,0.0,0.0,289,163
WI,Richland,43.19125283823143,-90.19388703154311,0.0,0.0,0.0,0.0,0.0,0.0,5,3
WI,Rock,42.65997119902045,-89.0063050467843,0.11146496815286625,0.022292993630573247,0.054140127388535034,0.0,0.0,0.0,314,158
WI,Rusk,45.4490135,-91.29589775,0.0,0.0,0.0,0.0,0.0,0.0,12,2
WI,Saint Croix,45.151917,-92.672417,0.0,0.0,0.0,0.0,0.0,0.0,5,1
WI,Sauk,43.49742872154477,-89.77899638270263,0.12568306010928962,0.02185792349726776,0.01639344262295082,0.0,0.0,0.0,183,109
WI,Sawyer,45.913309555555564,-91.43389511111111,0.0,0.0,0.0,0.0,0.0,0.0,9,2
WI,Shawano,44.766342180215354,-88.7460393125463,0.0,0.0,0.0,0.03636363636363636,0.0,0.0,110,31
WI,Sheboygan,43.72354110624578,-87.85901177157233,0.11210762331838565,0.0,0.09417040358744394,0.0,0.0,0.017937219730941704,223,75
WI,St. Croix,44.95958613186482,-92.4586698735914,0.06437768240343347,0.0,0.0,0.017167381974248927,0.0,0.0,233,150
WI,Trempealeau,44.37628180909091,-91.26087883030303,0.06060606060606061,0.0,0.0,0.0,0.0,0.0,66,19
WI,Vernon,43.445529,-90.772173,0.0,0.0,0.0,0.0,0.0,0.0,4,1
WI,Vilas,45.92551875,-89.68108850000002,0.0,0.0,0.0,0.0,0.0,0.0,8,2
WI,Walworth,42.670007874858904,-88.55065441469888,0.09375,0.0,0.025,0.075,0.0,0.0,160,56
WI,Washburn,45.8940395,-91.82756425,0.0,0.0,0.0,0.0,0.0,0.0,8,2
WI,Washington,43.33256637941223,-88.23465560203958,0.15359477124183007,0.042483660130718956,0.016339869281045753,0.0,0.0,0.0,306,177
WI,Waukesha,43.02894969388391,-88.22066225229257,0.06818181818181818,0.174512987012987,0.10146103896103896,0.036525974025974024,0.008116883116883116,0.04788961038961039,1232,883
WI,Waupaca,44.40295475213676,-88.96572702136753,0.08717948717948718,0.0,0.0,0.0,0.0,0.0,195,60
WI,Waushara,44.08932249152542,-89.31508117796612,0.0,0.0,0.0,0.0,0.0,0.0,59,11
WI,Winnebago,44.123664364535685,-88.54670987286842,0.15217391304347827,0.059782608695652176,0.029891304347826088,0.0,0.0,0.0,368,215
WI,Wood,44.38826502439024,-89.9013010487805,0.0,0.0,0.12195121951219512,0.0,0.0,0.0,41,9
WV,Barbour,38.98256003687545,-80.04585543687078,0.0,0.0,0.0,0.0,0.0,0.0,26,8
WV,Berkeley,39.43963805638239,-77.98747153337764,0.11715867158671586,0.023062730627306273,0.08763837638376384,0.01107011070110701,0.0,0.0,1084,796
WV,Boone,38.10535470121212,-81.84062314868686,0.0,0.0,0.0,0.0,0.0,0.0,33,11
WV,Braxton,38.71080121864963,-80.72398403993873,0.06878306878306878,0.0,0.0,0.0,0.0,0.0,189,120
WV,Brooke,40.33644074578736,-80.59866599543972,0.0,0.0,0.0,0.0,0.0,0.0,31,8
WV,Cabell,38.415265804572726,-82.30236808696782,0.06141248720573183,0.08700102354145343,0.1187308085977482,0.019447287615148412,0.02047082906857728,0.02047082906857728,977,621
WV,Clay,38.59693930109433,-81.05325502887507,0.0,0.0,0.0,0.0,0.0,0.0,18,12
WV,Doddridge,39.28231928237111,-80.78747498384854,0.0,0.0,0.0,0.0,0.0,0.0,42,12
WV,Fayette,38.01380516876533,-81.21231531693425,0.02214022140221402,0.04797047970479705,0.007380073800738007,0.0,0.0,0.0,271,128
WV,Grant,39.14343326,-79.21380202,0.0,0.0,0.0,0.0,0.0,0.0,50,12
WV,Greenbrier,37.81653684819451,-80.42381086864002,0.06866952789699571,0.0,0.0,0.0,0.0,0.030042918454935622,233,93
WV,Hampshire,39.2945129615625,-78.5923212621875,0.0,0.0,0.0,0.0,0.0,0.0,64,22
WV,Hardy,39.080848360126815,-78.54462725976155,0.0,0.0,0.0,0.0,0.0,0.0,22,6
WV,Harrison,39.267804139718244,-80.31990480530833,0.08791208791208792,0.0,0.03296703296703297,0.0,0.0,0.0,182,95
WV,Jackson,38.83349706008715,-81.69434981855245,0.04460966542750929,0.0,0.0,0.0,0.0,0.0,269,196
WV,Jefferson,39.299151620382744,-77.82934556943512,0.04046242774566474,0.0,0.18497109826589594,0.02023121387283237,0.0,0.0,346,178
WV,Kanawha,38.34967329029012,-81.63506028306496,0.09980806142034548,0.12603966730646193,0.10492642354446577,0.030710172744721688,0.0,0.016314779270633396,3126,1950
WV,Lewis,39.00683236588206,-80.48956052433374,0.025210084033613446,0.0,0.0,0.0,0.0,0.0,119,72
WV,Lincoln,38.173934260869565,-81.99725682608697,0.0,0.0,0.13043478260869565,0.0,0.0,0.0,23,7
WV,Logan,37.88204234550157,-82.01488647141282,0.06060606060606061,0.045454545454545456,0.0,0.06060606060606061,0.0,0.0,66,26
WV,Marion,39.47376026957609,-80.17463913862913,0.08745247148288973,0.0,0.030418250950570342,0.0,0.0,0.019011406844106463,263,151
WV,Marshall,39.894498150000004,-80.73855732666667,0.0,0.0,0.0,0.0,0.0,0.0,50,15
WV,Mason,38.78093874363691,-82.07149576507912,0.11764705882352941,0.09803921568627451,0.0,0.058823529411764705,0.0,0.0,51,24
WV,Mercer,37.3945668507867,-81.10049409121794,0.023255813953488372,0.01808785529715762,0.09043927648578812,0.0,0.0,0.028423772609819122,387,213
WV,Mineral,39.354174072908116,-79.00434804183756,0.0,0.0,0.0,0.0,0.0,0.0,39,15
WV,Mingo,37.72772584210526,-82.10433421052632,0.0,0.0,0.0,0.0,0.0,0.0,19,4
WV,Monongalia,39.622122714337785,-79.95862517308045,0.04285714285714286,0.014285714285714285,0.14821428571428572,0.008928571428571428,0.033928571428571426,0.014285714285714285,560,332
WV,Morgan,39.59575353289809,-78.2418906064589,0.0,0.04819277108433735,0.0,0.0,0.0,0.0,83,37
WV,Nicholas,38.24633482874805,-80.86715477610876,0.0,0.0,0.22093023255813954,0.0,0.0,0.0,86,21
WV,Ohio,40.062791242220186,-80.64938108425278,0.2056338028169014,0.02535211267605634,0.0,0.0,0.0,0.0,355,266
WV,Pendleton,38.71502555172414,-79.37392413793104,0.0,0.0,0.0,0.0,0.0,0.0,29,6
WV,Pocahontas,38.544751,-79.792968,0.0,0.0,0.0,0.0,0.0,0.0,7,1
WV,Preston,39.54798590733632,-79.66223564015515,0.027777777777777776,0.0,0.0,0.0,0.0,0.0,216,134
WV,Putnam,38.471397749410734,-81.92220378757304,0.05187319884726225,0.01585014409221902,0.025936599423631124,0.007204610951008645,0.0,0.002881844380403458,694,438
WV,Raleigh,37.76285652631359,-81.16304497765678,0.08196721311475409,0.0,0.06375227686703097,0.0,0.0,0.007285974499089253,549,324
WV,Randolph,38.8044796,-79.9267018,0.0,0.0,0.0,0.0,0.0,0.0,15,5
WV,Ritchie,39.265245089449316,-81.06913375990624,0.0,0.0,0.0,0.0,0.0,0.0,40,12
WV,Roane,38.64527826475487,-81.28323531209752,0.0,0.0,0.0,0.0,0.0,0.0,179,93
WV,Summers,37.75638593042523,-80.85810550605787,0.030303030303030304,0.0,0.0,0.0,0.0,0.0,66,39
WV,Taylor,39.31814811616561,-80.06429973419228,0.0,0.0,0.0,0.0,0.0,0.0,67,17
WV,Tucker,39.12518524850622,-79.58500716648204,0.0,0.0,0.0,0.0,0.0,0.0,22,6
WV,Upshur,38.963924199999994,-80.24724180000001,0.0,0.0,0.0,0.0,0.0,0.0,10,3
WV,Wayne,38.37749251704015,-82.53785502159451,0.05063291139240506,0.0,0.08860759493670886,0.0,0.08860759493670886,0.0,79,40
WV,Webster,38.37101,-80.593964,0.0,0.0,0.0,0.0,0.0,0.0,2,1
WV,Wetzel,39.6624915,-80.66390562500001,0.0,0.0,0.0,0.0,0.0,0.0,16,4
WV,Wirt,39.0908974,-81.39156572,0.0,0.0,0.0,0.0,0.0,0.0,25,7
WV,Wood,39.263471279354675,-81.50833881963462,0.06066176470588235,0.03860294117647059,0.12683823529411764,0.007352941176470588,0.0,0.014705882352941176,544,276
WY,Albany,41.25701282213891,-105.56554224284528,0.046875,0.0,0.0,0.0,0.0,0.0,256,204
WY,Big Horn,44.50180320641384,-108.00734983788072,0.0,0.0,0.0,0.0,0.0,0.0,23,6
WY,Campbell,44.147641324363995,-105.60864933392833,0.20833333333333334,0.0,0.0,0.0,0.0,0.0,48,23
WY,Carbon,41.725445598821025,-106.78788266187735,0.05793991416309013,0.0,0.0,0.0,0.0,0.0,466,390
WY,Converse,42.762886444538154,-105.54177226754433,0.030303030303030304,0.0,0.0,0.0,0.0,0.0,66,43
WY,Crook,44.515331263305,-104.37245061150591,0.0,0.0,0.0,0.0,0.0,0.0,36,15
WY,Fremont,42.89758092463239,-108.19202186486312,0.0,0.0,0.0,0.0,0.0,0.0,33,9
WY,Goshen,41.96759916129032,-104.28232338172043,0.0,0.22580645161290322,0.0,0.0,0.0,0.0,31,13
WY,Johnson,44.21296434422949,-106.53548355795199,0.1509433962264151,0.0,0.0,0.16981132075471697,0.0,0.0,53,30
WY,Laramie,41.15573085402643,-104.75282482184332,0.11014492753623188,0.0,0.0,0.008695652173913044,0.0,0.0,345,247
WY,Lincoln,42.34961,-110.98935507692308,0.0,0.0,0.0,0.0,0.0,0.0,13,3
WY,Natrona,42.90676020902403,-106.312764431354,0.1282051282051282,0.0,0.0,0.02564102564102564,0.0,0.0,78,51
WY,Niobrara,42.903181000000004,-104.39862466666666,0.0,0.0,0.0,0.0,0.0,0.0,4,3
WY,Park,44.718607999999996,-109.21734250000002,0.0,0.0,0.0,0.0,0.0,0.0,6,2
WY,Platte,42.09347215790559,-104.96763400656644,0.16260162601626016,0.0,0.0,0.0,0.0,0.0,123,87
WY,Sheridan,44.74119058784038,-106.95580365880615,0.0,0.0,0.0,0.0,0.0,0.0,49,27
WY,Sublette,43.21523366666666,-110.38217311111111,0.0,0.0,0.0,0.0,0.0,0.0,9,2
WY,Sweetwater,41.64291427343263,-108.67483670268945,0.05301645338208409,0.0,0.0,0.0,0.0,0.0,547,469
WY,Teton,43.49600424284644,-110.87640812737683,0.0,0.19444444444444445,0.0,0.0,0.0,0.0,36,10
WY,Uinta,41.31963295211888,-110.60618579695281,0.10687022900763359,0.0,0.0,0.0,0.0,0.0,262,220
